Workbook

Sheet 使用说明
A1: Vgame 全玩法难度填写表｜使用说明
A3: 修正版V4已同步最新养成分配与平滑有效人数系数，并按原TTK/生存压力反推全部玩法怪物等级。黄色J列仍可直接覆盖，公式会自动更新；PVPVE继续使用双方属性对算。
A5: ① 必填 | B5: J列已填首版怪物等级，范围Lv1～Lv500；PVPVE不使用怪物等级，无限挑战本轮不纳入。
A6: ② 可选 | B6: G列是首版使用的玩家对照节点；H列仍可手动覆盖。F列怪物类型和K～P系数/目标时间保持可选。
A7: ③ 结果 | B7: Q～AC列是公式。X为预测TTK；Y为按怪物攻击估算的玩家存活时间；AA给出简要判断。
A8: ④ 整关 | B8: 标准模型是一只怪。若要估整关，把N列【整关EHP倍率】填成波次总EHP÷标准怪EHP；攻击压力用O列修正。
A9: ⑤ 对照 | B9: G列是默认玩家养成快照，主线按同关；其他玩法按开放节点/共用档位预置。若你不同意，直接在H列覆盖。
A10: ⑥ 汇总 | B10: “玩法汇总”会跨页签检查完成率、最低/最高等级、等级倒退和超范围。
A12: 颜色约定
A13: 黄色 + 蓝字 | B13: 怪物等级：主要填写区
A14: 浅蓝 + 蓝字 | B14: 可选输入/覆盖项
A15: 绿字 | B15: 引用本工作簿隐藏基线的公式
A16: 黑字 | B16: 普通计算公式
A18: 数据来源（复制为 VeryHidden 静态基线，工作簿无外链）
A19: 用途 | B19: 文件 | C19: 页签/字段 | D19: SHA256 | E19: 更新时间
A20: 玩家曲线 | B20: D:\数值文档\数值文档\框架v2\01_源表\养成属性分配.xlsx | C20: 玩家战力曲线 B/AL/AN/AO；关卡S1-279；有效人数系数见F；等价怪物等级按AO目标EHP重新匹配 | D20: 3453bacda197ab04334c73cf1f2e1e856f21e5be683d7537720aa68af2e6b0ec | E20: 46244.614
A21: 怪物模型 | B21: D:\数值文档\数值文档\框架v2\01_源表\战斗公式.xlsx | C21: 怪物标准模型 Lv1-500 / AS:BA | D21: 8c573a872e8e3b1029b738b372c1fc5d652d0d256da8197d768a4bfca6776c69 | E21: 46239.719
A22: 关卡节点 | B22: D:\Vgame\Config\GameConfig\Datas\level\LevelNode.xlsx | C22: LevelNode / LevelId / IsBoss | D22: 5546d887be1fec3387c6f1c5e973b2eac02afb36e5914621807b43783192a360 | E22: 46240.415
A23: 开放条件 | B23: D:\Vgame\Config\GameConfig\Datas\system_open\SystemOpen.xlsx | C23: SystemOpen / UnlockId / CloseSys | D23: 7d50f24030fbb173425c5f62ea28d4f0662d64d928be28dc05de27c716b27bf5 | E23: 46240.415
A26: 口径边界
A27: • 本表共有343个节点行：主线99关、其余玩法244行；需要怪物等级的节点341个，PVPVE 2个入口不使用等级。
A28: • 旅券按10档×4主题共用、映射按30档×5类型共用、爬塔按100层×4赛季包共用、Boss挑战按10档×7个Boss共用。
A29: • 肉鸽按5个难度行；大秘境按25层×4环境共用；PVPVE只保留入口，不使用怪物等级。
A30: • 本表是MVP静态基线。玩家源表或怪物公式更新后，需要重新同步隐藏基线，工作簿不会自动外链更新。
A33: 玩法页签快捷入口
A34: 主线 | B34: 点击进入 | C34: 困难主线 | D34: 点击进入 | E34: 角色经验 | F34: 点击进入 | G34: 金币 | H34: 点击进入
A35: 收容经验 | B35: 点击进入 | C35: 旅券 | D35: 点击进入 | E35: 映射 | F35: 点击进入 | G35: 爬塔 | H35: 点击进入
A36: Boss挑战 | B36: 点击进入 | C36: 肉鸽 | D36: 点击进入 | E36: 大秘境 | F36: 点击进入 | G36: PVPVE | H36: 点击进入
A39: 修正版V4难度同步口径｜2026-08-10
A40: 主线 | B40: 主线按当前99关顺序逐关对齐玩家曲线S1-S99；V4怪物等级Lv5-Lv236，保留原逐关TTK与Boss生存压力。
A41: 困难主线 | B41: 困难主线在5-15/S69后统一开放；35关连续对照S71-S105，V4使用Lv186-Lv247，仍略高于同期主线。
A42: 基础资源本 | B42: 角色经验、金币、收容经验定位为稳定供给；9档使用Lv27/Lv32/Lv51/Lv67/Lv85/Lv104/Lv126/Lv148/Lv171缓升，首档继续送进度。
A43: 旅券/映射 | B43: 旅券使用Lv169-Lv369；映射使用Lv37-Lv370。两者保留原开放顺序、前段赠送进度与长期定位。
A44: 爬塔/Boss | B44: 爬塔前20层由Lv37缓升至Lv169、100层Lv370；Boss挑战使用Lv111-Lv361。
A45: 肉鸽 | B45: 肉鸽5档使用Lv140/Lv199/Lv274/Lv330/Lv351，继续为玩法开启与局内成长预留容错。
A46: 大秘境 | B46: 大秘境按Lv37/S95开放口径，25层使用Lv234-Lv370；当前系统关闭状态不变。
A47: 边界 | B47: 本版只同步怪物等级与派生属性，不改波次、技能和玩法系数。养成源表AP46当前为手填2，本表按AO目标EHP重匹配为Lv93，未修改养成源表。

Sheet 玩法汇总
A1: 全玩法难度填写进度
A2: 每个玩法已拆成独立页签。点击A列玩法名可直接跳转；这里统一检查完成率、等级范围和同玩法内的等级倒退。
A4: 玩法 | B4: 状态 | C4: 节点口径 | D4: 节点数 | E4: 需填等级 | F4: 已填有效 | G4: 完成率 | H4: 最低等级 | I4: 最高等级 | J4: 等级下降 | K4: 超范围 | L4: 备注
A5: 主线 | B5: 修正版V4已同步 | C5: 99个当前关卡 | D5: =ROWS(主线!$B$5:$B$103) -> 99 | E5: =D5 -> 99 | F5: =COUNTIFS(主线!$J$5:$J$103,">=1",主线!$J$5:$J$103,"<=500") -> 99 | G5: =IF($E5=0,1,$F5/$E5) -> 1 | H5: =IF($F5=0,"",_xlfn.MINIFS(主线!$J$5:$J$103,主线!$J$5:$J$103,">=1",主线!$J$5:$J$103,"<=500")) -> 5 | I5: =IF($F5=0,"",_xlfn.MAXIFS(主线!$J$5:$J$103,主线!$J$5:$J$103,">=1",主线!$J$5:$J$103,"<=500")) -> 187 | J5: =COUNTIF(主线!$AC$5:$AC$103,"下降") -> 0 | K5: =COUNTIF(主线!$AB$5:$AB$103,"超范围") -> 0 | L5: 当前99关轴S1-S99，怪物等级Lv5-Lv236；V4已同步最新玩家曲线
A6: 困难主线 | B6: 修正版V4已同步 | C6: 35个LevelNode | D6: =ROWS(困难主线!$B$5:$B$39) -> 35 | E6: =D6 -> 35 | F6: =COUNTIFS(困难主线!$J$5:$J$39,">=1",困难主线!$J$5:$J$39,"<=500") -> 35 | G6: =IF($E6=0,1,$F6/$E6) -> 1 | H6: =IF($F6=0,"",_xlfn.MINIFS(困难主线!$J$5:$J$39,困难主线!$J$5:$J$39,">=1",困难主线!$J$5:$J$39,"<=500")) -> 146 | I6: =IF($F6=0,"",_xlfn.MAXIFS(困难主线!$J$5:$J$39,困难主线!$J$5:$J$39,">=1",困难主线!$J$5:$J$39,"<=500")) -> 193 | J6: =COUNTIF(困难主线!$AC$5:$AC$39,"下降") -> 0 | K6: =COUNTIF(困难主线!$AB$5:$AB$39,"超范围") -> 0 | L6: 通关5-15/S69后开放；35关对照S71-S105，Lv186-Lv247，略高于同期主线
A7: 角色经验 | B7: 修正版V4已同步 | C7: 9档 | D7: =ROWS(角色经验!$B$5:$B$13) -> 9 | E7: =D7 -> 9 | F7: =COUNTIFS(角色经验!$J$5:$J$13,">=1",角色经验!$J$5:$J$13,"<=500") -> 9 | G7: =IF($E7=0,1,$F7/$E7) -> 1 | H7: =IF($F7=0,"",_xlfn.MINIFS(角色经验!$J$5:$J$13,角色经验!$J$5:$J$13,">=1",角色经验!$J$5:$J$13,"<=500")) -> 22 | I7: =IF($F7=0,"",_xlfn.MAXIFS(角色经验!$J$5:$J$13,角色经验!$J$5:$J$13,">=1",角色经验!$J$5:$J$13,"<=500")) -> 126 | J7: =COUNTIF(角色经验!$AC$5:$AC$13,"下降") -> 0 | K7: =COUNTIF(角色经验!$AB$5:$AB$13,"超范围") -> 0 | L7: 2-4后开放；首档送进度，9档Lv27-Lv171缓升，定位稳定刷取
A8: 金币 | B8: 修正版V4已同步 | C8: 9档 | D8: =ROWS(金币!$B$5:$B$13) -> 9 | E8: =D8 -> 9 | F8: =COUNTIFS(金币!$J$5:$J$13,">=1",金币!$J$5:$J$13,"<=500") -> 9 | G8: =IF($E8=0,1,$F8/$E8) -> 1 | H8: =IF($F8=0,"",_xlfn.MINIFS(金币!$J$5:$J$13,金币!$J$5:$J$13,">=1",金币!$J$5:$J$13,"<=500")) -> 22 | I8: =IF($F8=0,"",_xlfn.MAXIFS(金币!$J$5:$J$13,金币!$J$5:$J$13,">=1",金币!$J$5:$J$13,"<=500")) -> 126 | J8: =COUNTIF(金币!$AC$5:$AC$13,"下降") -> 0 | K8: =COUNTIF(金币!$AB$5:$AB$13,"超范围") -> 0 | L8: 2-4后开放；首档送进度，9档Lv27-Lv171缓升，定位稳定刷取
A9: 收容经验 | B9: 修正版V4已同步 | C9: 9档 | D9: =ROWS(收容经验!$B$5:$B$13) -> 9 | E9: =D9 -> 9 | F9: =COUNTIFS(收容经验!$J$5:$J$13,">=1",收容经验!$J$5:$J$13,"<=500") -> 9 | G9: =IF($E9=0,1,$F9/$E9) -> 1 | H9: =IF($F9=0,"",_xlfn.MINIFS(收容经验!$J$5:$J$13,收容经验!$J$5:$J$13,">=1",收容经验!$J$5:$J$13,"<=500")) -> 22 | I9: =IF($F9=0,"",_xlfn.MAXIFS(收容经验!$J$5:$J$13,收容经验!$J$5:$J$13,">=1",收容经验!$J$5:$J$13,"<=500")) -> 126 | J9: =COUNTIF(收容经验!$AC$5:$AC$13,"下降") -> 0 | K9: =COUNTIF(收容经验!$AB$5:$AB$13,"超范围") -> 0 | L9: 2-4后开放；首档送进度，9档Lv27-Lv171缓升，定位稳定刷取
A10: 旅券 | B10: 修正版V4已同步 | C10: 10档×4主题共用 | D10: =ROWS(旅券!$B$5:$B$14) -> 10 | E10: =D10 -> 10 | F10: =COUNTIFS(旅券!$J$5:$J$14,">=1",旅券!$J$5:$J$14,"<=500") -> 10 | G10: =IF($E10=0,1,$F10/$E10) -> 1 | H10: =IF($F10=0,"",_xlfn.MINIFS(旅券!$J$5:$J$14,旅券!$J$5:$J$14,">=1",旅券!$J$5:$J$14,"<=500")) -> 129 | I10: =IF($F10=0,"",_xlfn.MAXIFS(旅券!$J$5:$J$14,旅券!$J$5:$J$14,">=1",旅券!$J$5:$J$14,"<=500")) -> 303 | J10: =COUNTIF(旅券!$AC$5:$AC$14,"下降") -> 0 | K10: =COUNTIF(旅券!$AB$5:$AB$14,"超范围") -> 0 | L10: Lv38/S100开放；首档Lv169送进度，前3档缓升，10档Lv369
A11: 映射 | B11: 修正版V4已同步 | C11: 30档×5类型共用 | D11: =ROWS(映射!$B$5:$B$34) -> 30 | E11: =D11 -> 30 | F11: =COUNTIFS(映射!$J$5:$J$34,">=1",映射!$J$5:$J$34,"<=500") -> 30 | G11: =IF($E11=0,1,$F11/$E11) -> 1 | H11: =IF($F11=0,"",_xlfn.MINIFS(映射!$J$5:$J$34,映射!$J$5:$J$34,">=1",映射!$J$5:$J$34,"<=500")) -> 26 | I11: =IF($F11=0,"",_xlfn.MAXIFS(映射!$J$5:$J$34,映射!$J$5:$J$34,">=1",映射!$J$5:$J$34,"<=500")) -> 296 | J11: =COUNTIF(映射!$AC$5:$AC$34,"下降") -> 0 | K11: =COUNTIF(映射!$AB$5:$AB$34,"超范围") -> 0 | L11: 2-12/S24开放；首档Lv37送进度，前5档缓升，30档Lv370
A12: 爬塔 | B12: 修正版V4已同步 | C12: 100层×4赛季包共用 | D12: =ROWS(爬塔!$B$5:$B$104) -> 100 | E12: =D12 -> 100 | F12: =COUNTIFS(爬塔!$J$5:$J$104,">=1",爬塔!$J$5:$J$104,"<=500") -> 100 | G12: =IF($E12=0,1,$F12/$E12) -> 1 | H12: =IF($F12=0,"",_xlfn.MINIFS(爬塔!$J$5:$J$104,爬塔!$J$5:$J$104,">=1",爬塔!$J$5:$J$104,"<=500")) -> 37 | I12: =IF($F12=0,"",_xlfn.MAXIFS(爬塔!$J$5:$J$104,爬塔!$J$5:$J$104,">=1",爬塔!$J$5:$J$104,"<=500")) -> 370 | J12: =COUNTIF(爬塔!$AC$5:$AC$104,"下降") -> 0 | K12: =COUNTIF(爬塔!$AB$5:$AB$104,"超范围") -> 0 | L12: 2-12/S24开放；前20层Lv37-Lv169缓升，100层Lv370
A13: Boss挑战 | B13: 修正版V4已同步 | C13: 10档×7个Boss共用 | D13: =ROWS(Boss挑战!$B$5:$B$14) -> 10 | E13: =D13 -> 10 | F13: =COUNTIFS(Boss挑战!$J$5:$J$14,">=1",Boss挑战!$J$5:$J$14,"<=500") -> 10 | G13: =IF($E13=0,1,$F13/$E13) -> 1 | H13: =IF($F13=0,"",_xlfn.MINIFS(Boss挑战!$J$5:$J$14,Boss挑战!$J$5:$J$14,">=1",Boss挑战!$J$5:$J$14,"<=500")) -> 87 | I13: =IF($F13=0,"",_xlfn.MAXIFS(Boss挑战!$J$5:$J$14,Boss挑战!$J$5:$J$14,">=1",Boss挑战!$J$5:$J$14,"<=500")) -> 295 | J13: =COUNTIF(Boss挑战!$AC$5:$AC$14,"下降") -> 0 | K13: =COUNTIF(Boss挑战!$AB$5:$AB$14,"超范围") -> 0 | L13: 4-15/S54开放；首档Lv111送进度，前5档缓升，10档Lv361
A14: 肉鸽 | B14: 修正版V4已同步 | C14: 5档 | D14: =ROWS(肉鸽!$B$5:$B$9) -> 5 | E14: =D14 -> 5 | F14: =COUNTIFS(肉鸽!$J$5:$J$9,">=1",肉鸽!$J$5:$J$9,"<=500") -> 5 | G14: =IF($E14=0,1,$F14/$E14) -> 1 | H14: =IF($F14=0,"",_xlfn.MINIFS(肉鸽!$J$5:$J$9,肉鸽!$J$5:$J$9,">=1",肉鸽!$J$5:$J$9,"<=500")) -> 106 | I14: =IF($F14=0,"",_xlfn.MAXIFS(肉鸽!$J$5:$J$9,肉鸽!$J$5:$J$9,">=1",肉鸽!$J$5:$J$9,"<=500")) -> 286 | J14: =COUNTIF(肉鸽!$AC$5:$AC$9,"下降") -> 0 | K14: =COUNTIF(肉鸽!$AB$5:$AB$9,"超范围") -> 0 | L14: Lv35/S85开放；5档Lv140/Lv199/Lv274/Lv330/Lv351，保留局内成长空间
A15: 大秘境 | B15: 当前关闭｜修正版V4已同步 | C15: 25层×4环境共用 | D15: =ROWS(大秘境!$B$5:$B$29) -> 25 | E15: =D15 -> 25 | F15: =COUNTIFS(大秘境!$J$5:$J$29,">=1",大秘境!$J$5:$J$29,"<=500") -> 25 | G15: =IF($E15=0,1,$F15/$E15) -> 1 | H15: =IF($F15=0,"",_xlfn.MINIFS(大秘境!$J$5:$J$29,大秘境!$J$5:$J$29,">=1",大秘境!$J$5:$J$29,"<=500")) -> 183 | I15: =IF($F15=0,"",_xlfn.MAXIFS(大秘境!$J$5:$J$29,大秘境!$J$5:$J$29,">=1",大秘境!$J$5:$J$29,"<=500")) -> 301 | J15: =COUNTIF(大秘境!$AC$5:$AC$29,"下降") -> 0 | K15: =COUNTIF(大秘境!$AB$5:$AB$29,"超范围") -> 0 | L15: Lv37/S95开放；25层Lv234-Lv370，关闭状态不变
A16: PVPVE | B16: 特殊口径 | C16: 2个入口 | D16: =ROWS(PVPVE!$B$5:$B$6) -> 2 | E16: =0 -> 0 | F16: =COUNTIFS(PVPVE!$J$5:$J$6,">=1",PVPVE!$J$5:$J$6,"<=500") -> 0 | G16: =IF($E16=0,1,$F16/$E16) -> 1 | H16: =IF($F16=0,"",_xlfn.MINIFS(PVPVE!$J$5:$J$6,PVPVE!$J$5:$J$6,">=1",PVPVE!$J$5:$J$6,"<=500")) | I16: =IF($F16=0,"",_xlfn.MAXIFS(PVPVE!$J$5:$J$6,PVPVE!$J$5:$J$6,">=1",PVPVE!$J$5:$J$6,"<=500")) | J16: =COUNTIF(PVPVE!$AC$5:$AC$6,"下降") -> 0 | K16: =COUNTIF(PVPVE!$AB$5:$AB$6,"超范围") -> 0 | L16: 双方属性对算，不使用怪物等级
A17: 合计 | D17: =SUM(D5:D16) -> 343 | E17: =SUM(E5:E16) -> 341 | F17: =SUM(F5:F16) -> 341 | G17: =IF(E17=0,1,F17/E17) -> 1 | J17: =SUM(J5:J16) -> 0 | K17: =SUM(K5:K16) -> 0

Sheet 主线
A1: 全玩法难度填写｜主线
A2: 当前页已按开启顺序和玩法定位填入首版怪物等级。黄色J列可直接覆盖；G列是本版使用的玩家曲线对照节点。
A3: 公式口径：怪物实际属性=战斗公式标准模型×可选系数；怪物EHP=实际生命÷(1-防御减伤)×整关EHP倍率；TTK=怪物EHP÷玩家DPS。
A4: 状态 | B4: 玩法 | C4: 子玩法/共用范围 | D4: 节点名称 | E4: LevelId/配置映射 | F4: 怪物类型 | G4: 默认对照关卡 | H4: 手动对照关卡 | I4: 实际对照关卡 | J4: 怪物等级 | K4: 生命系数 | L4: 攻击系数 | M4: 防御系数 | N4: 整关EHP倍率 | O4: 攻击压力倍率 | P4: 目标时间(s) | Q4: 玩家DPS | R4: 玩家队伍EHP | S4: 怪物实际生命 | T4: 怪物实际攻击 | U4: 怪物实际防御 | V4: 怪物减伤率 | W4: 整关目标EHP | X4: 预测TTK(s) | Y4: 预测存活(s) | Z4: TTK/目标 | AA4: 难度判断 | AB4: 等级检查 | AC4: 等级趋势 | AD4: 备注
A5: 当前配置 | B5: 主线 | C5: 序章 | D5: 0-1 | E5: 100001 | F5: 普通怪 | G5: 1 | I5: =IF($H5="",$G5,$H5) -> 1 | J5: 5 | Q5: =IF($I5="","",IFERROR(INDEX(_玩家曲线!$H$2:$H$286,MATCH($I5,_玩家曲线!$A$2:$A$286,0)),"")) -> 1535.625 | R5: =IF($I5="","",IFERROR(INDEX(_玩家曲线!$I$2:$I$286,MATCH($I5,_玩家曲线!$A$2:$A$286,0)),"")) -> 5208.3333 | S5: =IF(OR($J5="",$F5="不适用"),"",IFERROR(INDEX(_怪物模型!$D$2:$D$4501,MATCH(INT($J5)&"|"&$F5,_怪物模型!$A$2:$A$4501,0))*IF($K5="",1,$K5),"")) -> 531 | T5: =IF(OR($J5="",$F5="不适用"),"",IFERROR(INDEX(_怪物模型!$E$2:$E$4501,MATCH(INT($J5)&"|"&$F5,_怪物模型!$A$2:$A$4501,0))*IF($L5="",1,$L5),"")) -> 165 | U5: =IF(OR($J5="",$F5="不适用"),"",IFERROR(INDEX(_怪物模型!$F$2:$F$4501,MATCH(INT($J5)&"|"&$F5,_怪物模型!$A$2:$A$4501,0))*IF($M5="",1,$M5),"")) -> 356 | V5: =IF($U5="","",MIN(0.75,$U5/($U5+24000))) -> 0.014616522 | W5: =IF($S5="","",$S5/(1-$V5)*IF($N5="",1,$N5)) -> 538.8765 | X5: =IF(OR($W5="",$Q5="",$Q5=0),"",$W5/$Q5) -> 0.35091673 | Y5: =IF(OR($R5="",$T5="",$T5=0),"",$R5/($T5*IF($O5="",1,$O5))) -> 31.565657 | Z5: =IF(OR($X5="",$P5="",$P5=0),"",$X5/$P5) | AA5: =IF($J5="","待填怪物等级",IF(OR($I5="",$Q5=""),"待填对照关卡",IF($P5="","已计算",IF(AND($Y5<>"",$Y5<$X5),"生存不成立",IF($Z5<0.5,"碾压",IF($Z5<0.8,"偏简单",IF($Z5<=1.2,"适中",IF($Z5<=1.5,"偏难","过难")))))))) -> 已计算 | AB5: =IF($J5="","待填",IF(AND(ISNUMBER($J5),$J5>=1,$J5<=500,MOD($J5,1)=0),"有效","超范围")) -> 有效 | AC5: =IF(OR($J5="",ROW()=5,$B5<>$B4,$J4=""),"",IF($J5<$J4,"下降","")) | AD5: 0-1｜修正版V4：当前99关轴S1，同关标准｜曲线同步20260811：Lv5→Lv5，保持原玩法定位与TTK/生存压力
A6: 当前配置 | B6: 主线 | C6: 序章 | D6: 0-2 | E6: 100002 | F6: 普通怪 | G6: 2 | I6: =IF($H6="",$G6,$H6) -> 2 | J6: 6 | Q6: =IF($I6="","",IFERROR(INDEX(_玩家曲线!$H$2:$H$286,MATCH($I6,_玩家曲线!$A$2:$A$286,0)),"")) -> 1636.646 | R6: =IF($I6="","",IFERROR(INDEX(_玩家曲线!$I$2:$I$286,MATCH($I6,_玩家曲线!$A$2:$A$286,0)),"")) -> 5565.5699 | S6: =IF(OR($J6="",$F6="不适用"),"",IFERROR(INDEX(_怪物模型!$D$2:$D$4501,MATCH(INT($J6)&"|"&$F6,_怪物模型!$A$2:$A$4501,0))*IF($K6="",1,$K6),"")) -> 654 | T6: =IF(OR($J6="",$F6="不适用"),"",IFERROR(INDEX(_怪物模型!$E$2:$E$4501,MATCH(INT($J6)&"|"&$F6,_怪物模型!$A$2:$A$4501,0))*IF($L6="",1,$L6),"")) -> 200 | U6: =IF(OR($J6="",$F6="不适用"),"",IFERROR(INDEX(_怪物模型!$F$2:$F$4501,MATCH(INT($J6)&"|"&$F6,_怪物模型!$A$2:$A$4501,0))*IF($M6="",1,$M6),"")) -> 428 | V6: =IF($U6="","",MIN(0.75,$U6/($U6+24000))) -> 0.017520878 | W6: =IF($S6="","",$S6/(1-$V6)*IF($N6="",1,$N6)) -> 665.663 | X6: =IF(OR($W6="",$Q6="",$Q6=0),"",$W6/$Q6) -> 0.40672388 | Y6: =IF(OR($R6="",$T6="",$T6=0),"",$R6/($T6*IF($O6="",1,$O6))) -> 27.827849 | Z6: =IF(OR($X6="",$P6="",$P6=0),"",$X6/$P6) | AA6: =IF($J6="","待填怪物等级",IF(OR($I6="",$Q6=""),"待填对照关卡",IF($P6="","已计算",IF(AND($Y6<>"",$Y6<$X6),"生存不成立",IF($Z6<0.5,"碾压",IF($Z6<0.8,"偏简单",IF($Z6<=1.2,"适中",IF($Z6<=1.5,"偏难","过难")))))))) -> 已计算 | AB6: =IF($J6="","待填",IF(AND(ISNUMBER($J6),$J6>=1,$J6<=500,MOD($J6,1)=0),"有效","超范围")) -> 有效 | AC6: =IF(OR($J6="",ROW()=5,$B6<>$B5,$J5=""),"",IF($J6<$J5,"下降","")) | AD6: 0-2｜修正版V4：当前99关轴S2，同关标准｜曲线同步20260811：Lv6→Lv6，保持原玩法定位与TTK/生存压力
A7: 当前配置 | B7: 主线 | C7: 序章 | D7: 0-3 | E7: 100003 | F7: 普通怪 | G7: 3 | I7: =IF($H7="",$G7,$H7) -> 3 | J7: 8 | Q7: =IF($I7="","",IFERROR(INDEX(_玩家曲线!$H$2:$H$286,MATCH($I7,_玩家曲线!$A$2:$A$286,0)),"")) -> 2170.1895 | R7: =IF($I7="","",IFERROR(INDEX(_玩家曲线!$I$2:$I$286,MATCH($I7,_玩家曲线!$A$2:$A$286,0)),"")) -> 7399.0134 | S7: =IF(OR($J7="",$F7="不适用"),"",IFERROR(INDEX(_怪物模型!$D$2:$D$4501,MATCH(INT($J7)&"|"&$F7,_怪物模型!$A$2:$A$4501,0))*IF($K7="",1,$K7),"")) -> 914 | T7: =IF(OR($J7="",$F7="不适用"),"",IFERROR(INDEX(_怪物模型!$E$2:$E$4501,MATCH(INT($J7)&"|"&$F7,_怪物模型!$A$2:$A$4501,0))*IF($L7="",1,$L7),"")) -> 272 | U7: =IF(OR($J7="",$F7="不适用"),"",IFERROR(INDEX(_怪物模型!$F$2:$F$4501,MATCH(INT($J7)&"|"&$F7,_怪物模型!$A$2:$A$4501,0))*IF($M7="",1,$M7),"")) -> 572 | V7: =IF($U7="","",MIN(0.75,$U7/($U7+24000))) -> 0.023278528 | W7: =IF($S7="","",$S7/(1-$V7)*IF($N7="",1,$N7)) -> 935.78367 | X7: =IF(OR($W7="",$Q7="",$Q7=0),"",$W7/$Q7) -> 0.43119906 | Y7: =IF(OR($R7="",$T7="",$T7=0),"",$R7/($T7*IF($O7="",1,$O7))) -> 27.202255 | Z7: =IF(OR($X7="",$P7="",$P7=0),"",$X7/$P7) | AA7: =IF($J7="","待填怪物等级",IF(OR($I7="",$Q7=""),"待填对照关卡",IF($P7="","已计算",IF(AND($Y7<>"",$Y7<$X7),"生存不成立",IF($Z7<0.5,"碾压",IF($Z7<0.8,"偏简单",IF($Z7<=1.2,"适中",IF($Z7<=1.5,"偏难","过难")))))))) -> 已计算 | AB7: =IF($J7="","待填",IF(AND(ISNUMBER($J7),$J7>=1,$J7<=500,MOD($J7,1)=0),"有效","超范围")) -> 有效 | AC7: =IF(OR($J7="",ROW()=5,$B7<>$B6,$J6=""),"",IF($J7<$J6,"下降","")) | AD7: 0-3｜修正版V4：当前99关轴S3，同关标准｜V4同步最新玩家曲线：Lv12→Lv8，保留原TTK/生存压力目标｜曲线同步20260811：Lv8→Lv8，保持原玩法定位与TTK/生存压力
A8: 当前配置 | B8: 主线 | C8: 序章 | D8: 0-4 | E8: 100004 | F8: Boss | G8: 4 | I8: =IF($H8="",$G8,$H8) -> 4 | J8: 8 | Q8: =IF($I8="","",IFERROR(INDEX(_玩家曲线!$H$2:$H$286,MATCH($I8,_玩家曲线!$A$2:$A$286,0)),"")) -> 2751.247 | R8: =IF($I8="","",IFERROR(INDEX(_玩家曲线!$I$2:$I$286,MATCH($I8,_玩家曲线!$A$2:$A$286,0)),"")) -> 9403.8859 | S8: =IF(OR($J8="",$F8="不适用"),"",IFERROR(INDEX(_怪物模型!$D$2:$D$4501,MATCH(INT($J8)&"|"&$F8,_怪物模型!$A$2:$A$4501,0))*IF($K8="",1,$K8),"")) -> 90876 | T8: =IF(OR($J8="",$F8="不适用"),"",IFERROR(INDEX(_怪物模型!$E$2:$E$4501,MATCH(INT($J8)&"|"&$F8,_怪物模型!$A$2:$A$4501,0))*IF($L8="",1,$L8),"")) -> 272 | U8: =IF(OR($J8="",$F8="不适用"),"",IFERROR(INDEX(_怪物模型!$F$2:$F$4501,MATCH(INT($J8)&"|"&$F8,_怪物模型!$A$2:$A$4501,0))*IF($M8="",1,$M8),"")) -> 572 | V8: =IF($U8="","",MIN(0.75,$U8/($U8+24000))) -> 0.023278528 | W8: =IF($S8="","",$S8/(1-$V8)*IF($N8="",1,$N8)) -> 93041.878 | X8: =IF(OR($W8="",$Q8="",$Q8=0),"",$W8/$Q8) -> 33.818075 | Y8: =IF(OR($R8="",$T8="",$T8=0),"",$R8/($T8*IF($O8="",1,$O8))) -> 34.57311 | Z8: =IF(OR($X8="",$P8="",$P8=0),"",$X8/$P8) | AA8: =IF($J8="","待填怪物等级",IF(OR($I8="",$Q8=""),"待填对照关卡",IF($P8="","已计算",IF(AND($Y8<>"",$Y8<$X8),"生存不成立",IF($Z8<0.5,"碾压",IF($Z8<0.8,"偏简单",IF($Z8<=1.2,"适中",IF($Z8<=1.5,"偏难","过难")))))))) -> 已计算 | AB8: =IF($J8="","待填",IF(AND(ISNUMBER($J8),$J8>=1,$J8<=500,MOD($J8,1)=0),"有效","超范围")) -> 有效 | AC8: =IF(OR($J8="",ROW()=5,$B8<>$B7,$J7=""),"",IF($J8<$J7,"下降","")) | AD8: 0-4｜修正版V4：S4同关标准；为保证首个Boss生存成立，Lv13校正为Lv9｜V4同步最新玩家曲线：Lv12→Lv9，保留原TTK/生存压力目标｜曲线同步20260811：Lv9→Lv9，保持原玩法定位与TTK/生存压力
A9: 当前配置 | B9: 主线 | C9: 第一章 | D9: 1-1 | E9: 100101 | F9: 普通怪 | G9: 5 | I9: =IF($H9="",$G9,$H9) -> 5 | J9: 11 | Q9: =IF($I9="","",IFERROR(INDEX(_玩家曲线!$H$2:$H$286,MATCH($I9,_玩家曲线!$A$2:$A$286,0)),"")) -> 3378.7382 | R9: =IF($I9="","",IFERROR(INDEX(_玩家曲线!$I$2:$I$286,MATCH($I9,_玩家曲线!$A$2:$A$286,0)),"")) -> 11577.497 | S9: =IF(OR($J9="",$F9="不适用"),"",IFERROR(INDEX(_怪物模型!$D$2:$D$4501,MATCH(INT($J9)&"|"&$F9,_怪物模型!$A$2:$A$4501,0))*IF($K9="",1,$K9),"")) -> 1342 | T9: =IF(OR($J9="",$F9="不适用"),"",IFERROR(INDEX(_怪物模型!$E$2:$E$4501,MATCH(INT($J9)&"|"&$F9,_怪物模型!$A$2:$A$4501,0))*IF($L9="",1,$L9),"")) -> 384 | U9: =IF(OR($J9="",$F9="不适用"),"",IFERROR(INDEX(_怪物模型!$F$2:$F$4501,MATCH(INT($J9)&"|"&$F9,_怪物模型!$A$2:$A$4501,0))*IF($M9="",1,$M9),"")) -> 790 | V9: =IF($U9="","",MIN(0.75,$U9/($U9+24000))) -> 0.031867689 | W9: =IF($S9="","",$S9/(1-$V9)*IF($N9="",1,$N9)) -> 1386.1742 | X9: =IF(OR($W9="",$Q9="",$Q9=0),"",$W9/$Q9) -> 0.41026386 | Y9: =IF(OR($R9="",$T9="",$T9=0),"",$R9/($T9*IF($O9="",1,$O9))) -> 30.149731 | Z9: =IF(OR($X9="",$P9="",$P9=0),"",$X9/$P9) | AA9: =IF($J9="","待填怪物等级",IF(OR($I9="",$Q9=""),"待填对照关卡",IF($P9="","已计算",IF(AND($Y9<>"",$Y9<$X9),"生存不成立",IF($Z9<0.5,"碾压",IF($Z9<0.8,"偏简单",IF($Z9<=1.2,"适中",IF($Z9<=1.5,"偏难","过难")))))))) -> 已计算 | AB9: =IF($J9="","待填",IF(AND(ISNUMBER($J9),$J9>=1,$J9<=500,MOD($J9,1)=0),"有效","超范围")) -> 有效 | AC9: =IF(OR($J9="",ROW()=5,$B9<>$B8,$J8=""),"",IF($J9<$J8,"下降","")) | AD9: 1-1｜修正版V4：当前99关轴S5，同关标准｜V4同步最新玩家曲线：Lv14→Lv12，保留原TTK/生存压力目标｜曲线同步20260811：Lv12→Lv12，保持原玩法定位与TTK/生存压力
A10: 当前配置 | B10: 主线 | C10: 第一章 | D10: 1-2 | E10: 100102 | F10: 普通怪 | G10: 6 | I10: =IF($H10="",$G10,$H10) -> 6 | J10: 13 | Q10: =IF($I10="","",IFERROR(INDEX(_玩家曲线!$H$2:$H$286,MATCH($I10,_玩家曲线!$A$2:$A$286,0)),"")) -> 4051.6045 | R10: =IF($I10="","",IFERROR(INDEX(_玩家曲线!$I$2:$I$286,MATCH($I10,_玩家曲线!$A$2:$A$286,0)),"")) -> 13917.162 | S10: =IF(OR($J10="",$F10="不适用"),"",IFERROR(INDEX(_怪物模型!$D$2:$D$4501,MATCH(INT($J10)&"|"&$F10,_怪物模型!$A$2:$A$4501,0))*IF($K10="",1,$K10),"")) -> 1652 | T10: =IF(OR($J10="",$F10="不适用"),"",IFERROR(INDEX(_怪物模型!$E$2:$E$4501,MATCH(INT($J10)&"|"&$F10,_怪物模型!$A$2:$A$4501,0))*IF($L10="",1,$L10),"")) -> 461 | U10: =IF(OR($J10="",$F10="不适用"),"",IFERROR(INDEX(_怪物模型!$F$2:$F$4501,MATCH(INT($J10)&"|"&$F10,_怪物模型!$A$2:$A$4501,0))*IF($M10="",1,$M10),"")) -> 936 | V10: =IF($U10="","",MIN(0.75,$U10/($U10+24000))) -> 0.037536092 | W10: =IF($S10="","",$S10/(1-$V10)*IF($N10="",1,$N10)) -> 1716.428 | X10: =IF(OR($W10="",$Q10="",$Q10=0),"",$W10/$Q10) -> 0.42364155 | Y10: =IF(OR($R10="",$T10="",$T10=0),"",$R10/($T10*IF($O10="",1,$O10))) -> 30.189071 | Z10: =IF(OR($X10="",$P10="",$P10=0),"",$X10/$P10) | AA10: =IF($J10="","待填怪物等级",IF(OR($I10="",$Q10=""),"待填对照关卡",IF($P10="","已计算",IF(AND($Y10<>"",$Y10<$X10),"生存不成立",IF($Z10<0.5,"碾压",IF($Z10<0.8,"偏简单",IF($Z10<=1.2,"适中",IF($Z10<=1.5,"偏难","过难")))))))) -> 已计算 | AB10: =IF($J10="","待填",IF(AND(ISNUMBER($J10),$J10>=1,$J10<=500,MOD($J10,1)=0),"有效","超范围")) -> 有效 | AC10: =IF(OR($J10="",ROW()=5,$B10<>$B9,$J9=""),"",IF($J10<$J9,"下降","")) | AD10: 1-2｜修正版V4：当前99关轴S6，同关标准｜V4同步最新玩家曲线：Lv15→Lv14，保留原TTK/生存压力目标｜曲线同步20260811：Lv14→Lv14，保持原玩法定位与TTK/生存压力
A11: 当前配置 | B11: 主线 | C11: 第一章 | D11: 1-3 | E11: 100103 | F11: 普通怪 | G11: 7 | I11: =IF($H11="",$G11,$H11) -> 7 | J11: 15 | Q11: =IF($I11="","",IFERROR(INDEX(_玩家曲线!$H$2:$H$286,MATCH($I11,_玩家曲线!$A$2:$A$286,0)),"")) -> 4945.4313 | R11: =IF($I11="","",IFERROR(INDEX(_玩家曲线!$I$2:$I$286,MATCH($I11,_玩家曲线!$A$2:$A$286,0)),"")) -> 17028.36 | S11: =IF(OR($J11="",$F11="不适用"),"",IFERROR(INDEX(_怪物模型!$D$2:$D$4501,MATCH(INT($J11)&"|"&$F11,_怪物模型!$A$2:$A$4501,0))*IF($K11="",1,$K11),"")) -> 1982 | T11: =IF(OR($J11="",$F11="不适用"),"",IFERROR(INDEX(_怪物模型!$E$2:$E$4501,MATCH(INT($J11)&"|"&$F11,_怪物模型!$A$2:$A$4501,0))*IF($L11="",1,$L11),"")) -> 541 | U11: =IF(OR($J11="",$F11="不适用"),"",IFERROR(INDEX(_怪物模型!$F$2:$F$4501,MATCH(INT($J11)&"|"&$F11,_怪物模型!$A$2:$A$4501,0))*IF($M11="",1,$M11),"")) -> 1083 | V11: =IF($U11="","",MIN(0.75,$U11/($U11+24000))) -> 0.043176654 | W11: =IF($S11="","",$S11/(1-$V11)*IF($N11="",1,$N11)) -> 2071.4378 | X11: =IF(OR($W11="",$Q11="",$Q11=0),"",$W11/$Q11) -> 0.41885887 | Y11: =IF(OR($R11="",$T11="",$T11=0),"",$R11/($T11*IF($O11="",1,$O11))) -> 31.475711 | Z11: =IF(OR($X11="",$P11="",$P11=0),"",$X11/$P11) | AA11: =IF($J11="","待填怪物等级",IF(OR($I11="",$Q11=""),"待填对照关卡",IF($P11="","已计算",IF(AND($Y11<>"",$Y11<$X11),"生存不成立",IF($Z11<0.5,"碾压",IF($Z11<0.8,"偏简单",IF($Z11<=1.2,"适中",IF($Z11<=1.5,"偏难","过难")))))))) -> 已计算 | AB11: =IF($J11="","待填",IF(AND(ISNUMBER($J11),$J11>=1,$J11<=500,MOD($J11,1)=0),"有效","超范围")) -> 有效 | AC11: =IF(OR($J11="",ROW()=5,$B11<>$B10,$J10=""),"",IF($J11<$J10,"下降","")) | AD11: 1-3｜修正版V4：当前99关轴S7，同关标准｜V4同步最新玩家曲线：Lv22→Lv17，保留原TTK/生存压力目标｜曲线同步20260811：Lv17→Lv16，保持原玩法定位与TTK/生存压力
A12: 当前配置 | B12: 主线 | C12: 第一章 | D12: 1-4 | E12: 100104 | F12: 普通怪 | G12: 8 | I12: =IF($H12="",$G12,$H12) -> 8 | J12: 16 | Q12: =IF($I12="","",IFERROR(INDEX(_玩家曲线!$H$2:$H$286,MATCH($I12,_玩家曲线!$A$2:$A$286,0)),"")) -> 5897.9569 | R12: =IF($I12="","",IFERROR(INDEX(_玩家曲线!$I$2:$I$286,MATCH($I12,_玩家曲线!$A$2:$A$286,0)),"")) -> 20356.219 | S12: =IF(OR($J12="",$F12="不适用"),"",IFERROR(INDEX(_怪物模型!$D$2:$D$4501,MATCH(INT($J12)&"|"&$F12,_怪物模型!$A$2:$A$4501,0))*IF($K12="",1,$K12),"")) -> 2154 | T12: =IF(OR($J12="",$F12="不适用"),"",IFERROR(INDEX(_怪物模型!$E$2:$E$4501,MATCH(INT($J12)&"|"&$F12,_怪物模型!$A$2:$A$4501,0))*IF($L12="",1,$L12),"")) -> 582 | U12: =IF(OR($J12="",$F12="不适用"),"",IFERROR(INDEX(_怪物模型!$F$2:$F$4501,MATCH(INT($J12)&"|"&$F12,_怪物模型!$A$2:$A$4501,0))*IF($M12="",1,$M12),"")) -> 1157 | V12: =IF($U12="","",MIN(0.75,$U12/($U12+24000))) -> 0.045991175 | W12: =IF($S12="","",$S12/(1-$V12)*IF($N12="",1,$N12)) -> 2257.8407 | X12: =IF(OR($W12="",$Q12="",$Q12=0),"",$W12/$Q12) -> 0.38281744 | Y12: =IF(OR($R12="",$T12="",$T12=0),"",$R12/($T12*IF($O12="",1,$O12))) -> 34.976321 | Z12: =IF(OR($X12="",$P12="",$P12=0),"",$X12/$P12) | AA12: =IF($J12="","待填怪物等级",IF(OR($I12="",$Q12=""),"待填对照关卡",IF($P12="","已计算",IF(AND($Y12<>"",$Y12<$X12),"生存不成立",IF($Z12<0.5,"碾压",IF($Z12<0.8,"偏简单",IF($Z12<=1.2,"适中",IF($Z12<=1.5,"偏难","过难")))))))) -> 已计算 | AB12: =IF($J12="","待填",IF(AND(ISNUMBER($J12),$J12>=1,$J12<=500,MOD($J12,1)=0),"有效","超范围")) -> 有效 | AC12: =IF(OR($J12="",ROW()=5,$B12<>$B11,$J11=""),"",IF($J12<$J11,"下降","")) | AD12: 1-4｜修正版V4：当前99关轴S8，同关标准｜V4同步最新玩家曲线：Lv23→Lv19，保留原TTK/生存压力目标｜曲线同步20260811：Lv19→Lv18，保持原玩法定位与TTK/生存压力
A13: 当前配置 | B13: 主线 | C13: 第一章 | D13: 1-5 | E13: 100105 | F13: 普通怪 | G13: 9 | I13: =IF($H13="",$G13,$H13) -> 9 | J13: 19 | Q13: =IF($I13="","",IFERROR(INDEX(_玩家曲线!$H$2:$H$286,MATCH($I13,_玩家曲线!$A$2:$A$286,0)),"")) -> 6907.8395 | R13: =IF($I13="","",IFERROR(INDEX(_玩家曲线!$I$2:$I$286,MATCH($I13,_玩家曲线!$A$2:$A$286,0)),"")) -> 23897.191 | S13: =IF(OR($J13="",$F13="不适用"),"",IFERROR(INDEX(_怪物模型!$D$2:$D$4501,MATCH(INT($J13)&"|"&$F13,_怪物模型!$A$2:$A$4501,0))*IF($K13="",1,$K13),"")) -> 2700 | T13: =IF(OR($J13="",$F13="不适用"),"",IFERROR(INDEX(_怪物模型!$E$2:$E$4501,MATCH(INT($J13)&"|"&$F13,_怪物模型!$A$2:$A$4501,0))*IF($L13="",1,$L13),"")) -> 709 | U13: =IF(OR($J13="",$F13="不适用"),"",IFERROR(INDEX(_怪物模型!$F$2:$F$4501,MATCH(INT($J13)&"|"&$F13,_怪物模型!$A$2:$A$4501,0))*IF($M13="",1,$M13),"")) -> 1379 | V13: =IF($U13="","",MIN(0.75,$U13/($U13+24000))) -> 0.054336262 | W13: =IF($S13="","",$S13/(1-$V13)*IF($N13="",1,$N13)) -> 2855.1375 | X13: =IF(OR($W13="",$Q13="",$Q13=0),"",$W13/$Q13) -> 0.41331845 | Y13: =IF(OR($R13="",$T13="",$T13=0),"",$R13/($T13*IF($O13="",1,$O13))) -> 33.705489 | Z13: =IF(OR($X13="",$P13="",$P13=0),"",$X13/$P13) | AA13: =IF($J13="","待填怪物等级",IF(OR($I13="",$Q13=""),"待填对照关卡",IF($P13="","已计算",IF(AND($Y13<>"",$Y13<$X13),"生存不成立",IF($Z13<0.5,"碾压",IF($Z13<0.8,"偏简单",IF($Z13<=1.2,"适中",IF($Z13<=1.5,"偏难","过难")))))))) -> 已计算 | AB13: =IF($J13="","待填",IF(AND(ISNUMBER($J13),$J13>=1,$J13<=500,MOD($J13,1)=0),"有效","超范围")) -> 有效 | AC13: =IF(OR($J13="",ROW()=5,$B13<>$B12,$J12=""),"",IF($J13<$J12,"下降","")) | AD13: 1-5｜修正版V4：当前99关轴S9，同关标准｜V4同步最新玩家曲线：Lv24→Lv22，保留原TTK/生存压力目标｜曲线同步20260811：Lv22→Lv21，保持原玩法定位与TTK/生存压力
A14: 当前配置 | B14: 主线 | C14: 第一章 | D14: 1-6 | E14: 100106 | F14: 普通怪 | G14: 10 | I14: =IF($H14="",$G14,$H14) -> 10 | J14: 21 | Q14: =IF($I14="","",IFERROR(INDEX(_玩家曲线!$H$2:$H$286,MATCH($I14,_玩家曲线!$A$2:$A$286,0)),"")) -> 7654.8137 | R14: =IF($I14="","",IFERROR(INDEX(_玩家曲线!$I$2:$I$286,MATCH($I14,_玩家曲线!$A$2:$A$286,0)),"")) -> 26541.835 | S14: =IF(OR($J14="",$F14="不适用"),"",IFERROR(INDEX(_怪物模型!$D$2:$D$4501,MATCH(INT($J14)&"|"&$F14,_怪物模型!$A$2:$A$4501,0))*IF($K14="",1,$K14),"")) -> 3088 | T14: =IF(OR($J14="",$F14="不适用"),"",IFERROR(INDEX(_怪物模型!$E$2:$E$4501,MATCH(INT($J14)&"|"&$F14,_怪物模型!$A$2:$A$4501,0))*IF($L14="",1,$L14),"")) -> 797 | U14: =IF(OR($J14="",$F14="不适用"),"",IFERROR(INDEX(_怪物模型!$F$2:$F$4501,MATCH(INT($J14)&"|"&$F14,_怪物模型!$A$2:$A$4501,0))*IF($M14="",1,$M14),"")) -> 1528 | V14: =IF($U14="","",MIN(0.75,$U14/($U14+24000))) -> 0.059855845 | W14: =IF($S14="","",$S14/(1-$V14)*IF($N14="",1,$N14)) -> 3284.6027 | X14: =IF(OR($W14="",$Q14="",$Q14=0),"",$W14/$Q14) -> 0.42908982 | Y14: =IF(OR($R14="",$T14="",$T14=0),"",$R14/($T14*IF($O14="",1,$O14))) -> 33.302176 | Z14: =IF(OR($X14="",$P14="",$P14=0),"",$X14/$P14) | AA14: =IF($J14="","待填怪物等级",IF(OR($I14="",$Q14=""),"待填对照关卡",IF($P14="","已计算",IF(AND($Y14<>"",$Y14<$X14),"生存不成立",IF($Z14<0.5,"碾压",IF($Z14<0.8,"偏简单",IF($Z14<=1.2,"适中",IF($Z14<=1.5,"偏难","过难")))))))) -> 已计算 | AB14: =IF($J14="","待填",IF(AND(ISNUMBER($J14),$J14>=1,$J14<=500,MOD($J14,1)=0),"有效","超范围")) -> 有效 | AC14: =IF(OR($J14="",ROW()=5,$B14<>$B13,$J13=""),"",IF($J14<$J13,"下降","")) | AD14: 1-6｜修正版V4：当前99关轴S10，同关标准｜V4同步最新玩家曲线：Lv31→Lv24，保留原TTK/生存压力目标｜曲线同步20260811：Lv24→Lv23，保持原玩法定位与TTK/生存压力
A15: 当前配置 | B15: 主线 | C15: 第一章 | D15: 1-7 | E15: 100107 | F15: 普通怪 | G15: 11 | I15: =IF($H15="",$G15,$H15) -> 11 | J15: 22 | Q15: =IF($I15="","",IFERROR(INDEX(_玩家曲线!$H$2:$H$286,MATCH($I15,_玩家曲线!$A$2:$A$286,0)),"")) -> 8433.0291 | R15: =IF($I15="","",IFERROR(INDEX(_玩家曲线!$I$2:$I$286,MATCH($I15,_玩家曲线!$A$2:$A$286,0)),"")) -> 29305.863 | S15: =IF(OR($J15="",$F15="不适用"),"",IFERROR(INDEX(_怪物模型!$D$2:$D$4501,MATCH(INT($J15)&"|"&$F15,_怪物模型!$A$2:$A$4501,0))*IF($K15="",1,$K15),"")) -> 3288 | T15: =IF(OR($J15="",$F15="不适用"),"",IFERROR(INDEX(_怪物模型!$E$2:$E$4501,MATCH(INT($J15)&"|"&$F15,_怪物模型!$A$2:$A$4501,0))*IF($L15="",1,$L15),"")) -> 842 | U15: =IF(OR($J15="",$F15="不适用"),"",IFERROR(INDEX(_怪物模型!$F$2:$F$4501,MATCH(INT($J15)&"|"&$F15,_怪物模型!$A$2:$A$4501,0))*IF($M15="",1,$M15),"")) -> 1603 | V15: =IF($U15="","",MIN(0.75,$U15/($U15+24000))) -> 0.06260985 | W15: =IF($S15="","",$S15/(1-$V15)*IF($N15="",1,$N15)) -> 3507.611 | X15: =IF(OR($W15="",$Q15="",$Q15=0),"",$W15/$Q15) -> 0.41593726 | Y15: =IF(OR($R15="",$T15="",$T15=0),"",$R15/($T15*IF($O15="",1,$O15))) -> 34.805063 | Z15: =IF(OR($X15="",$P15="",$P15=0),"",$X15/$P15) | AA15: =IF($J15="","待填怪物等级",IF(OR($I15="",$Q15=""),"待填对照关卡",IF($P15="","已计算",IF(AND($Y15<>"",$Y15<$X15),"生存不成立",IF($Z15<0.5,"碾压",IF($Z15<0.8,"偏简单",IF($Z15<=1.2,"适中",IF($Z15<=1.5,"偏难","过难")))))))) -> 已计算 | AB15: =IF($J15="","待填",IF(AND(ISNUMBER($J15),$J15>=1,$J15<=500,MOD($J15,1)=0),"有效","超范围")) -> 有效 | AC15: =IF(OR($J15="",ROW()=5,$B15<>$B14,$J14=""),"",IF($J15<$J14,"下降","")) | AD15: 1-7｜修正版V4：当前99关轴S11，同关标准｜V4同步最新玩家曲线：Lv32→Lv26，保留原TTK/生存压力目标｜曲线同步20260811：Lv26→Lv25，保持原玩法定位与TTK/生存压力
A16: 当前配置 | B16: 主线 | C16: 第一章 | D16: 1-8 | E16: 100108 | F16: Boss | G16: 12 | I16: =IF($H16="",$G16,$H16) -> 12 | J16: 23 | Q16: =IF($I16="","",IFERROR(INDEX(_玩家曲线!$H$2:$H$286,MATCH($I16,_玩家曲线!$A$2:$A$286,0)),"")) -> 9241.7525 | R16: =IF($I16="","",IFERROR(INDEX(_玩家曲线!$I$2:$I$286,MATCH($I16,_玩家曲线!$A$2:$A$286,0)),"")) -> 32187.192 | S16: =IF(OR($J16="",$F16="不适用"),"",IFERROR(INDEX(_怪物模型!$D$2:$D$4501,MATCH(INT($J16)&"|"&$F16,_怪物模型!$A$2:$A$4501,0))*IF($K16="",1,$K16),"")) -> 299412 | T16: =IF(OR($J16="",$F16="不适用"),"",IFERROR(INDEX(_怪物模型!$E$2:$E$4501,MATCH(INT($J16)&"|"&$F16,_怪物模型!$A$2:$A$4501,0))*IF($L16="",1,$L16),"")) -> 887 | U16: =IF(OR($J16="",$F16="不适用"),"",IFERROR(INDEX(_怪物模型!$F$2:$F$4501,MATCH(INT($J16)&"|"&$F16,_怪物模型!$A$2:$A$4501,0))*IF($M16="",1,$M16),"")) -> 1678 | V16: =IF($U16="","",MIN(0.75,$U16/($U16+24000))) -> 0.065347769 | W16: =IF($S16="","",$S16/(1-$V16)*IF($N16="",1,$N16)) -> 320345.89 | X16: =IF(OR($W16="",$Q16="",$Q16=0),"",$W16/$Q16) -> 34.662894 | Y16: =IF(OR($R16="",$T16="",$T16=0),"",$R16/($T16*IF($O16="",1,$O16))) -> 36.287703 | Z16: =IF(OR($X16="",$P16="",$P16=0),"",$X16/$P16) | AA16: =IF($J16="","待填怪物等级",IF(OR($I16="",$Q16=""),"待填对照关卡",IF($P16="","已计算",IF(AND($Y16<>"",$Y16<$X16),"生存不成立",IF($Z16<0.5,"碾压",IF($Z16<0.8,"偏简单",IF($Z16<=1.2,"适中",IF($Z16<=1.5,"偏难","过难")))))))) -> 已计算 | AB16: =IF($J16="","待填",IF(AND(ISNUMBER($J16),$J16>=1,$J16<=500,MOD($J16,1)=0),"有效","超范围")) -> 有效 | AC16: =IF(OR($J16="",ROW()=5,$B16<>$B15,$J15=""),"",IF($J16<$J15,"下降","")) | AD16: 1-8｜修正版V4：当前99关轴S12，同关标准｜V4同步最新玩家曲线：Lv33→Lv27，保留原TTK/生存压力目标｜曲线同步20260811：Lv27→Lv26，保持原玩法定位与TTK/生存压力
... A103: 当前配置 | B103: 主线 | C103: 第七章 | D103: 7-15 | E103: 100715 | F103: Boss | G103: 99 | I103: =IF($H103="",$G103,$H103) -> 99 | J103: 187 | Q103: =IF($I103="","",IFERROR(INDEX(_玩家曲线!$H$2:$H$286,MATCH($I103,_玩家曲线!$A$2:$A$286,0)),"")) -> 721578.84 | R103: =IF($I103="","",IFERROR(INDEX(_玩家曲线!$I$2:$I$286,MATCH($I103,_玩家曲线!$A$2:$A$286,0)),"")) -> 1212579.3 | S103: =IF(OR($J103="",$F103="不适用"),"",IFERROR(INDEX(_怪物模型!$D$2:$D$4501,MATCH(INT($J103)&"|"&$F103,_怪物模型!$A$2:$A$4501,0))*IF($K103="",1,$K103),"")) -> 14140529 | T103: =IF(OR($J103="",$F103="不适用"),"",IFERROR(INDEX(_怪物模型!$E$2:$E$4501,MATCH(INT($J103)&"|"&$F103,_怪物模型!$A$2:$A$4501,0))*IF($L103="",1,$L103),"")) -> 20409 | U103: =IF(OR($J103="",$F103="不适用"),"",IFERROR(INDEX(_怪物模型!$F$2:$F$4501,MATCH(INT($J103)&"|"&$F103,_怪物模型!$A$2:$A$4501,0))*IF($M103="",1,$M103),"")) -> 16465 | V103: =IF($U103="","",MIN(0.75,$U103/($U103+24000))) -> 0.40689485 | W103: =IF($S103="","",$S103/(1-$V103)*IF($N103="",1,$N103)) -> 23841521 | X103: =IF(OR($W103="",$Q103="",$Q103=0),"",$W103/$Q103) -> 33.040771 | Y103: =IF(OR($R103="",$T103="",$T103=0),"",$R103/($T103*IF($O103="",1,$O103))) -> 59.413948 | Z103: =IF(OR($X103="",$P103="",$P103=0),"",$X103/$P103) | AA103: =IF($J103="","待填怪物等级",IF(OR($I103="",$Q103=""),"待填对照关卡",IF($P103="","已计算",IF(AND($Y103<>"",$Y103<$X103),"生存不成立",IF($Z103<0.5,"碾压",IF($Z103<0.8,"偏简单",IF($Z103<=1.2,"适中",IF($Z103<=1.5,"偏难","过难")))))))) -> 已计算 | AB103: =IF($J103="","待填",IF(AND(ISNUMBER($J103),$J103>=1,$J103<=500,MOD($J103,1)=0),"有效","超范围")) -> 有效 | AC103: =IF(OR($J103="",ROW()=5,$B103<>$B102,$J102=""),"",IF($J103<$J102,"下降","")) | AD103: 7-15｜修正版V4：当前99关轴S99，同关标准｜V4同步最新玩家曲线：Lv249→Lv236，保留原TTK/生存压力目标｜曲线同步20260811：Lv236→Lv204，保持原玩法定位与TTK/生存压力

Sheet 困难主线
A1: 全玩法难度填写｜困难主线
A2: 当前页已按开启顺序和玩法定位填入首版怪物等级。黄色J列可直接覆盖；G列是本版使用的玩家曲线对照节点。
A3: 公式口径：怪物实际属性=战斗公式标准模型×可选系数；怪物EHP=实际生命÷(1-防御减伤)×整关EHP倍率；TTK=怪物EHP÷玩家DPS。
A4: 状态 | B4: 玩法 | C4: 子玩法/共用范围 | D4: 节点名称 | E4: LevelId/配置映射 | F4: 怪物类型 | G4: 默认对照关卡 | H4: 手动对照关卡 | I4: 实际对照关卡 | J4: 怪物等级 | K4: 生命系数 | L4: 攻击系数 | M4: 防御系数 | N4: 整关EHP倍率 | O4: 攻击压力倍率 | P4: 目标时间(s) | Q4: 玩家DPS | R4: 玩家队伍EHP | S4: 怪物实际生命 | T4: 怪物实际攻击 | U4: 怪物实际防御 | V4: 怪物减伤率 | W4: 整关目标EHP | X4: 预测TTK(s) | Y4: 预测存活(s) | Z4: TTK/目标 | AA4: 难度判断 | AB4: 等级检查 | AC4: 等级趋势 | AD4: 备注
A5: 当前配置 | B5: 困难主线 | C5: 第1章 | D5: 高难1-1 | E5: 110101 | F5: 普通怪 | G5: 71 | I5: =IF($H5="",$G5,$H5) -> 71 | J5: 146 | Q5: =IF($I5="","",IFERROR(INDEX(_玩家曲线!$H$2:$H$286,MATCH($I5,_玩家曲线!$A$2:$A$286,0)),"")) -> 370088.03 | R5: =IF($I5="","",IFERROR(INDEX(_玩家曲线!$I$2:$I$286,MATCH($I5,_玩家曲线!$A$2:$A$286,0)),"")) -> 681502.87 | S5: =IF(OR($J5="",$F5="不适用"),"",IFERROR(INDEX(_怪物模型!$D$2:$D$4501,MATCH(INT($J5)&"|"&$F5,_怪物模型!$A$2:$A$4501,0))*IF($K5="",1,$K5),"")) -> 77230 | T5: =IF(OR($J5="",$F5="不适用"),"",IFERROR(INDEX(_怪物模型!$E$2:$E$4501,MATCH(INT($J5)&"|"&$F5,_怪物模型!$A$2:$A$4501,0))*IF($L5="",1,$L5),"")) -> 12789 | U5: =IF(OR($J5="",$F5="不适用"),"",IFERROR(INDEX(_怪物模型!$F$2:$F$4501,MATCH(INT($J5)&"|"&$F5,_怪物模型!$A$2:$A$4501,0))*IF($M5="",1,$M5),"")) -> 12303 | V5: =IF($U5="","",MIN(0.75,$U5/($U5+24000))) -> 0.33889761 | W5: =IF($S5="","",$S5/(1-$V5)*IF($N5="",1,$N5)) -> 116820.03 | X5: =IF(OR($W5="",$Q5="",$Q5=0),"",$W5/$Q5) -> 0.3156547 | Y5: =IF(OR($R5="",$T5="",$T5=0),"",$R5/($T5*IF($O5="",1,$O5))) -> 53.288206 | Z5: =IF(OR($X5="",$P5="",$P5=0),"",$X5/$P5) | AA5: =IF($J5="","待填怪物等级",IF(OR($I5="",$Q5=""),"待填对照关卡",IF($P5="","已计算",IF(AND($Y5<>"",$Y5<$X5),"生存不成立",IF($Z5<0.5,"碾压",IF($Z5<0.8,"偏简单",IF($Z5<=1.2,"适中",IF($Z5<=1.5,"偏难","过难")))))))) -> 已计算 | AB5: =IF($J5="","待填",IF(AND(ISNUMBER($J5),$J5>=1,$J5<=500,MOD($J5,1)=0),"有效","超范围")) -> 有效 | AC5: =IF(OR($J5="",ROW()=5,$B5<>$B4,$J4=""),"",IF($J5<$J4,"下降","")) | AD5: 高难1-1；通关5-15后统一开放｜修正版V4：对照S71，略高于开放基点S69/Lv194｜V4同步最新玩家曲线：Lv199→Lv186，保留原TTK/生存压力目标｜曲线同步20260811：Lv186→Lv160，保持原玩法定位与TTK/生存压力
A6: 当前配置 | B6: 困难主线 | C6: 第1章 | D6: 高难1-2 | E6: 110102 | F6: 普通怪 | G6: 72 | I6: =IF($H6="",$G6,$H6) -> 72 | J6: 147 | Q6: =IF($I6="","",IFERROR(INDEX(_玩家曲线!$H$2:$H$286,MATCH($I6,_玩家曲线!$A$2:$A$286,0)),"")) -> 382701.3 | R6: =IF($I6="","",IFERROR(INDEX(_玩家曲线!$I$2:$I$286,MATCH($I6,_玩家曲线!$A$2:$A$286,0)),"")) -> 701882 | S6: =IF(OR($J6="",$F6="不适用"),"",IFERROR(INDEX(_怪物模型!$D$2:$D$4501,MATCH(INT($J6)&"|"&$F6,_怪物模型!$A$2:$A$4501,0))*IF($K6="",1,$K6),"")) -> 78386 | T6: =IF(OR($J6="",$F6="不适用"),"",IFERROR(INDEX(_怪物模型!$E$2:$E$4501,MATCH(INT($J6)&"|"&$F6,_怪物模型!$A$2:$A$4501,0))*IF($L6="",1,$L6),"")) -> 12949 | U6: =IF(OR($J6="",$F6="不适用"),"",IFERROR(INDEX(_怪物模型!$F$2:$F$4501,MATCH(INT($J6)&"|"&$F6,_怪物模型!$A$2:$A$4501,0))*IF($M6="",1,$M6),"")) -> 12401 | V6: =IF($U6="","",MIN(0.75,$U6/($U6+24000))) -> 0.34067745 | W6: =IF($S6="","",$S6/(1-$V6)*IF($N6="",1,$N6)) -> 118888.7 | X6: =IF(OR($W6="",$Q6="",$Q6=0),"",$W6/$Q6) -> 0.31065664 | Y6: =IF(OR($R6="",$T6="",$T6=0),"",$R6/($T6*IF($O6="",1,$O6))) -> 54.203568 | Z6: =IF(OR($X6="",$P6="",$P6=0),"",$X6/$P6) | AA6: =IF($J6="","待填怪物等级",IF(OR($I6="",$Q6=""),"待填对照关卡",IF($P6="","已计算",IF(AND($Y6<>"",$Y6<$X6),"生存不成立",IF($Z6<0.5,"碾压",IF($Z6<0.8,"偏简单",IF($Z6<=1.2,"适中",IF($Z6<=1.5,"偏难","过难")))))))) -> 已计算 | AB6: =IF($J6="","待填",IF(AND(ISNUMBER($J6),$J6>=1,$J6<=500,MOD($J6,1)=0),"有效","超范围")) -> 有效 | AC6: =IF(OR($J6="",ROW()=5,$B6<>$B5,$J5=""),"",IF($J6<$J5,"下降","")) | AD6: 高难1-2；通关5-15后统一开放｜修正版V4：对照S72，略高于开放基点S69/Lv194｜V4同步最新玩家曲线：Lv202→Lv189，保留原TTK/生存压力目标｜曲线同步20260811：Lv189→Lv163，保持原玩法定位与TTK/生存压力
A7: 当前配置 | B7: 困难主线 | C7: 第1章 | D7: 高难1-3 | E7: 110103 | F7: 普通怪 | G7: 73 | I7: =IF($H7="",$G7,$H7) -> 73 | J7: 148 | Q7: =IF($I7="","",IFERROR(INDEX(_玩家曲线!$H$2:$H$286,MATCH($I7,_玩家曲线!$A$2:$A$286,0)),"")) -> 395361.77 | R7: =IF($I7="","",IFERROR(INDEX(_玩家曲线!$I$2:$I$286,MATCH($I7,_玩家曲线!$A$2:$A$286,0)),"")) -> 722215.24 | S7: =IF(OR($J7="",$F7="不适用"),"",IFERROR(INDEX(_怪物模型!$D$2:$D$4501,MATCH(INT($J7)&"|"&$F7,_怪物模型!$A$2:$A$4501,0))*IF($K7="",1,$K7),"")) -> 79554 | T7: =IF(OR($J7="",$F7="不适用"),"",IFERROR(INDEX(_怪物模型!$E$2:$E$4501,MATCH(INT($J7)&"|"&$F7,_怪物模型!$A$2:$A$4501,0))*IF($L7="",1,$L7),"")) -> 13110 | U7: =IF(OR($J7="",$F7="不适用"),"",IFERROR(INDEX(_怪物模型!$F$2:$F$4501,MATCH(INT($J7)&"|"&$F7,_怪物模型!$A$2:$A$4501,0))*IF($M7="",1,$M7),"")) -> 12499 | V7: =IF($U7="","",MIN(0.75,$U7/($U7+24000))) -> 0.34244774 | W7: =IF($S7="","",$S7/(1-$V7)*IF($N7="",1,$N7)) -> 120985.06 | X7: =IF(OR($W7="",$Q7="",$Q7=0),"",$W7/$Q7) -> 0.30601103 | Y7: =IF(OR($R7="",$T7="",$T7=0),"",$R7/($T7*IF($O7="",1,$O7))) -> 55.088882 | Z7: =IF(OR($X7="",$P7="",$P7=0),"",$X7/$P7) | AA7: =IF($J7="","待填怪物等级",IF(OR($I7="",$Q7=""),"待填对照关卡",IF($P7="","已计算",IF(AND($Y7<>"",$Y7<$X7),"生存不成立",IF($Z7<0.5,"碾压",IF($Z7<0.8,"偏简单",IF($Z7<=1.2,"适中",IF($Z7<=1.5,"偏难","过难")))))))) -> 已计算 | AB7: =IF($J7="","待填",IF(AND(ISNUMBER($J7),$J7>=1,$J7<=500,MOD($J7,1)=0),"有效","超范围")) -> 有效 | AC7: =IF(OR($J7="",ROW()=5,$B7<>$B6,$J6=""),"",IF($J7<$J6,"下降","")) | AD7: 高难1-3；通关5-15后统一开放｜修正版V4：对照S73，略高于开放基点S69/Lv194｜V4同步最新玩家曲线：Lv204→Lv191，保留原TTK/生存压力目标｜曲线同步20260811：Lv191→Lv164，保持原玩法定位与TTK/生存压力
A8: 当前配置 | B8: 困难主线 | C8: 第1章 | D8: 高难1-4 | E8: 110104 | F8: 普通怪 | G8: 74 | I8: =IF($H8="",$G8,$H8) -> 74 | J8: 150 | Q8: =IF($I8="","",IFERROR(INDEX(_玩家曲线!$H$2:$H$286,MATCH($I8,_玩家曲线!$A$2:$A$286,0)),"")) -> 408062.5 | R8: =IF($I8="","",IFERROR(INDEX(_玩家曲线!$I$2:$I$286,MATCH($I8,_玩家曲线!$A$2:$A$286,0)),"")) -> 742493.69 | S8: =IF(OR($J8="",$F8="不适用"),"",IFERROR(INDEX(_怪物模型!$D$2:$D$4501,MATCH(INT($J8)&"|"&$F8,_怪物模型!$A$2:$A$4501,0))*IF($K8="",1,$K8),"")) -> 81928 | T8: =IF(OR($J8="",$F8="不适用"),"",IFERROR(INDEX(_怪物模型!$E$2:$E$4501,MATCH(INT($J8)&"|"&$F8,_怪物模型!$A$2:$A$4501,0))*IF($L8="",1,$L8),"")) -> 13436 | U8: =IF(OR($J8="",$F8="不适用"),"",IFERROR(INDEX(_怪物模型!$F$2:$F$4501,MATCH(INT($J8)&"|"&$F8,_怪物模型!$A$2:$A$4501,0))*IF($M8="",1,$M8),"")) -> 12696 | V8: =IF($U8="","",MIN(0.75,$U8/($U8+24000))) -> 0.34597776 | W8: =IF($S8="","",$S8/(1-$V8)*IF($N8="",1,$N8)) -> 125267.91 | X8: =IF(OR($W8="",$Q8="",$Q8=0),"",$W8/$Q8) -> 0.30698217 | Y8: =IF(OR($R8="",$T8="",$T8=0),"",$R8/($T8*IF($O8="",1,$O8))) -> 55.261513 | Z8: =IF(OR($X8="",$P8="",$P8=0),"",$X8/$P8) | AA8: =IF($J8="","待填怪物等级",IF(OR($I8="",$Q8=""),"待填对照关卡",IF($P8="","已计算",IF(AND($Y8<>"",$Y8<$X8),"生存不成立",IF($Z8<0.5,"碾压",IF($Z8<0.8,"偏简单",IF($Z8<=1.2,"适中",IF($Z8<=1.5,"偏难","过难")))))))) -> 已计算 | AB8: =IF($J8="","待填",IF(AND(ISNUMBER($J8),$J8>=1,$J8<=500,MOD($J8,1)=0),"有效","超范围")) -> 有效 | AC8: =IF(OR($J8="",ROW()=5,$B8<>$B7,$J7=""),"",IF($J8<$J7,"下降","")) | AD8: 高难1-4；通关5-15后统一开放｜修正版V4：对照S74，略高于开放基点S69/Lv194｜V4同步最新玩家曲线：Lv206→Lv193，保留原TTK/生存压力目标｜曲线同步20260811：Lv193→Lv166，保持原玩法定位与TTK/生存压力
A9: 当前配置 | B9: 困难主线 | C9: 第1章 | D9: 高难1-5 | E9: 110105 | F9: 普通怪 | G9: 75 | I9: =IF($H9="",$G9,$H9) -> 75 | J9: 153 | Q9: =IF($I9="","",IFERROR(INDEX(_玩家曲线!$H$2:$H$286,MATCH($I9,_玩家曲线!$A$2:$A$286,0)),"")) -> 420796.71 | R9: =IF($I9="","",IFERROR(INDEX(_玩家曲线!$I$2:$I$286,MATCH($I9,_玩家曲线!$A$2:$A$286,0)),"")) -> 762708.81 | S9: =IF(OR($J9="",$F9="不适用"),"",IFERROR(INDEX(_怪物模型!$D$2:$D$4501,MATCH(INT($J9)&"|"&$F9,_怪物模型!$A$2:$A$4501,0))*IF($K9="",1,$K9),"")) -> 85582 | T9: =IF(OR($J9="",$F9="不适用"),"",IFERROR(INDEX(_怪物模型!$E$2:$E$4501,MATCH(INT($J9)&"|"&$F9,_怪物模型!$A$2:$A$4501,0))*IF($L9="",1,$L9),"")) -> 13934 | U9: =IF(OR($J9="",$F9="不适用"),"",IFERROR(INDEX(_怪物模型!$F$2:$F$4501,MATCH(INT($J9)&"|"&$F9,_怪物模型!$A$2:$A$4501,0))*IF($M9="",1,$M9),"")) -> 12992 | V9: =IF($U9="","",MIN(0.75,$U9/($U9+24000))) -> 0.35121107 | W9: =IF($S9="","",$S9/(1-$V9)*IF($N9="",1,$N9)) -> 131910.39 | X9: =IF(OR($W9="",$Q9="",$Q9=0),"",$W9/$Q9) -> 0.31347771 | Y9: =IF(OR($R9="",$T9="",$T9=0),"",$R9/($T9*IF($O9="",1,$O9))) -> 54.737248 | Z9: =IF(OR($X9="",$P9="",$P9=0),"",$X9/$P9) | AA9: =IF($J9="","待填怪物等级",IF(OR($I9="",$Q9=""),"待填对照关卡",IF($P9="","已计算",IF(AND($Y9<>"",$Y9<$X9),"生存不成立",IF($Z9<0.5,"碾压",IF($Z9<0.8,"偏简单",IF($Z9<=1.2,"适中",IF($Z9<=1.5,"偏难","过难")))))))) -> 已计算 | AB9: =IF($J9="","待填",IF(AND(ISNUMBER($J9),$J9>=1,$J9<=500,MOD($J9,1)=0),"有效","超范围")) -> 有效 | AC9: =IF(OR($J9="",ROW()=5,$B9<>$B8,$J8=""),"",IF($J9<$J8,"下降","")) | AD9: 高难1-5；通关5-15后统一开放｜修正版V4：对照S75，略高于开放基点S69/Lv194｜V4同步最新玩家曲线：Lv209→Lv196，保留原TTK/生存压力目标｜曲线同步20260811：Lv196→Lv169，保持原玩法定位与TTK/生存压力
A10: 当前配置 | B10: 困难主线 | C10: 第2章 | D10: 高难2-1 | E10: 110201 | F10: 普通怪 | G10: 76 | I10: =IF($H10="",$G10,$H10) -> 76 | J10: 154 | Q10: =IF($I10="","",IFERROR(INDEX(_玩家曲线!$H$2:$H$286,MATCH($I10,_玩家曲线!$A$2:$A$286,0)),"")) -> 433557.75 | R10: =IF($I10="","",IFERROR(INDEX(_玩家曲线!$I$2:$I$286,MATCH($I10,_玩家曲线!$A$2:$A$286,0)),"")) -> 782852.42 | S10: =IF(OR($J10="",$F10="不适用"),"",IFERROR(INDEX(_怪物模型!$D$2:$D$4501,MATCH(INT($J10)&"|"&$F10,_怪物模型!$A$2:$A$4501,0))*IF($K10="",1,$K10),"")) -> 86825 | T10: =IF(OR($J10="",$F10="不适用"),"",IFERROR(INDEX(_怪物模型!$E$2:$E$4501,MATCH(INT($J10)&"|"&$F10,_怪物模型!$A$2:$A$4501,0))*IF($L10="",1,$L10),"")) -> 14102 | U10: =IF(OR($J10="",$F10="不适用"),"",IFERROR(INDEX(_怪物模型!$F$2:$F$4501,MATCH(INT($J10)&"|"&$F10,_怪物模型!$A$2:$A$4501,0))*IF($M10="",1,$M10),"")) -> 13091 | V10: =IF($U10="","",MIN(0.75,$U10/($U10+24000))) -> 0.35294276 | W10: =IF($S10="","",$S10/(1-$V10)*IF($N10="",1,$N10)) -> 134184.42 | X10: =IF(OR($W10="",$Q10="",$Q10=0),"",$W10/$Q10) -> 0.30949607 | Y10: =IF(OR($R10="",$T10="",$T10=0),"",$R10/($T10*IF($O10="",1,$O10))) -> 55.513574 | Z10: =IF(OR($X10="",$P10="",$P10=0),"",$X10/$P10) | AA10: =IF($J10="","待填怪物等级",IF(OR($I10="",$Q10=""),"待填对照关卡",IF($P10="","已计算",IF(AND($Y10<>"",$Y10<$X10),"生存不成立",IF($Z10<0.5,"碾压",IF($Z10<0.8,"偏简单",IF($Z10<=1.2,"适中",IF($Z10<=1.5,"偏难","过难")))))))) -> 已计算 | AB10: =IF($J10="","待填",IF(AND(ISNUMBER($J10),$J10>=1,$J10<=500,MOD($J10,1)=0),"有效","超范围")) -> 有效 | AC10: =IF(OR($J10="",ROW()=5,$B10<>$B9,$J9=""),"",IF($J10<$J9,"下降","")) | AD10: 高难2-1；通关5-15后统一开放｜修正版V4：对照S76，略高于开放基点S69/Lv194｜V4同步最新玩家曲线：Lv211→Lv198，保留原TTK/生存压力目标｜曲线同步20260811：Lv198→Lv170，保持原玩法定位与TTK/生存压力
A11: 当前配置 | B11: 困难主线 | C11: 第2章 | D11: 高难2-2 | E11: 110202 | F11: 普通怪 | G11: 77 | I11: =IF($H11="",$G11,$H11) -> 77 | J11: 155 | Q11: =IF($I11="","",IFERROR(INDEX(_玩家曲线!$H$2:$H$286,MATCH($I11,_玩家曲线!$A$2:$A$286,0)),"")) -> 446339.12 | R11: =IF($I11="","",IFERROR(INDEX(_玩家曲线!$I$2:$I$286,MATCH($I11,_玩家曲线!$A$2:$A$286,0)),"")) -> 802916.73 | S11: =IF(OR($J11="",$F11="不适用"),"",IFERROR(INDEX(_怪物模型!$D$2:$D$4501,MATCH(INT($J11)&"|"&$F11,_怪物模型!$A$2:$A$4501,0))*IF($K11="",1,$K11),"")) -> 88082 | T11: =IF(OR($J11="",$F11="不适用"),"",IFERROR(INDEX(_怪物模型!$E$2:$E$4501,MATCH(INT($J11)&"|"&$F11,_怪物模型!$A$2:$A$4501,0))*IF($L11="",1,$L11),"")) -> 14272 | U11: =IF(OR($J11="",$F11="不适用"),"",IFERROR(INDEX(_怪物模型!$F$2:$F$4501,MATCH(INT($J11)&"|"&$F11,_怪物模型!$A$2:$A$4501,0))*IF($M11="",1,$M11),"")) -> 13190 | V11: =IF($U11="","",MIN(0.75,$U11/($U11+24000))) -> 0.35466523 | W11: =IF($S11="","",$S11/(1-$V11)*IF($N11="",1,$N11)) -> 136490.4 | X11: =IF(OR($W11="",$Q11="",$Q11=0),"",$W11/$Q11) -> 0.30579977 | Y11: =IF(OR($R11="",$T11="",$T11=0),"",$R11/($T11*IF($O11="",1,$O11))) -> 56.258179 | Z11: =IF(OR($X11="",$P11="",$P11=0),"",$X11/$P11) | AA11: =IF($J11="","待填怪物等级",IF(OR($I11="",$Q11=""),"待填对照关卡",IF($P11="","已计算",IF(AND($Y11<>"",$Y11<$X11),"生存不成立",IF($Z11<0.5,"碾压",IF($Z11<0.8,"偏简单",IF($Z11<=1.2,"适中",IF($Z11<=1.5,"偏难","过难")))))))) -> 已计算 | AB11: =IF($J11="","待填",IF(AND(ISNUMBER($J11),$J11>=1,$J11<=500,MOD($J11,1)=0),"有效","超范围")) -> 有效 | AC11: =IF(OR($J11="",ROW()=5,$B11<>$B10,$J10=""),"",IF($J11<$J10,"下降","")) | AD11: 高难2-2；通关5-15后统一开放｜修正版V4：对照S77，略高于开放基点S69/Lv194｜V4同步最新玩家曲线：Lv213→Lv199，保留原TTK/生存压力目标｜曲线同步20260811：Lv199→Lv171，保持原玩法定位与TTK/生存压力
A12: 当前配置 | B12: 困难主线 | C12: 第2章 | D12: 高难2-3 | E12: 110203 | F12: 普通怪 | G12: 78 | I12: =IF($H12="",$G12,$H12) -> 78 | J12: 157 | Q12: =IF($I12="","",IFERROR(INDEX(_玩家曲线!$H$2:$H$286,MATCH($I12,_玩家曲线!$A$2:$A$286,0)),"")) -> 459134.48 | R12: =IF($I12="","",IFERROR(INDEX(_玩家曲线!$I$2:$I$286,MATCH($I12,_玩家曲线!$A$2:$A$286,0)),"")) -> 822894.29 | S12: =IF(OR($J12="",$F12="不适用"),"",IFERROR(INDEX(_怪物模型!$D$2:$D$4501,MATCH(INT($J12)&"|"&$F12,_怪物模型!$A$2:$A$4501,0))*IF($K12="",1,$K12),"")) -> 90633 | T12: =IF(OR($J12="",$F12="不适用"),"",IFERROR(INDEX(_怪物模型!$E$2:$E$4501,MATCH(INT($J12)&"|"&$F12,_怪物模型!$A$2:$A$4501,0))*IF($L12="",1,$L12),"")) -> 14616 | U12: =IF(OR($J12="",$F12="不适用"),"",IFERROR(INDEX(_怪物模型!$F$2:$F$4501,MATCH(INT($J12)&"|"&$F12,_怪物模型!$A$2:$A$4501,0))*IF($M12="",1,$M12),"")) -> 13390 | V12: =IF($U12="","",MIN(0.75,$U12/($U12+24000))) -> 0.35811714 | W12: =IF($S12="","",$S12/(1-$V12)*IF($N12="",1,$N12)) -> 141198.66 | X12: =IF(OR($W12="",$Q12="",$Q12=0),"",$W12/$Q12) -> 0.30753225 | Y12: =IF(OR($R12="",$T12="",$T12=0),"",$R12/($T12*IF($O12="",1,$O12))) -> 56.300923 | Z12: =IF(OR($X12="",$P12="",$P12=0),"",$X12/$P12) | AA12: =IF($J12="","待填怪物等级",IF(OR($I12="",$Q12=""),"待填对照关卡",IF($P12="","已计算",IF(AND($Y12<>"",$Y12<$X12),"生存不成立",IF($Z12<0.5,"碾压",IF($Z12<0.8,"偏简单",IF($Z12<=1.2,"适中",IF($Z12<=1.5,"偏难","过难")))))))) -> 已计算 | AB12: =IF($J12="","待填",IF(AND(ISNUMBER($J12),$J12>=1,$J12<=500,MOD($J12,1)=0),"有效","超范围")) -> 有效 | AC12: =IF(OR($J12="",ROW()=5,$B12<>$B11,$J11=""),"",IF($J12<$J11,"下降","")) | AD12: 高难2-3；通关5-15后统一开放｜修正版V4：对照S78，略高于开放基点S69/Lv194｜V4同步最新玩家曲线：Lv215→Lv201，保留原TTK/生存压力目标｜曲线同步20260811：Lv201→Lv173，保持原玩法定位与TTK/生存压力
A13: 当前配置 | B13: 困难主线 | C13: 第2章 | D13: 高难2-4 | E13: 110204 | F13: 普通怪 | G13: 79 | I13: =IF($H13="",$G13,$H13) -> 79 | J13: 157 | Q13: =IF($I13="","",IFERROR(INDEX(_玩家曲线!$H$2:$H$286,MATCH($I13,_玩家曲线!$A$2:$A$286,0)),"")) -> 471937.64 | R13: =IF($I13="","",IFERROR(INDEX(_玩家曲线!$I$2:$I$286,MATCH($I13,_玩家曲线!$A$2:$A$286,0)),"")) -> 842778.01 | S13: =IF(OR($J13="",$F13="不适用"),"",IFERROR(INDEX(_怪物模型!$D$2:$D$4501,MATCH(INT($J13)&"|"&$F13,_怪物模型!$A$2:$A$4501,0))*IF($K13="",1,$K13),"")) -> 90633 | T13: =IF(OR($J13="",$F13="不适用"),"",IFERROR(INDEX(_怪物模型!$E$2:$E$4501,MATCH(INT($J13)&"|"&$F13,_怪物模型!$A$2:$A$4501,0))*IF($L13="",1,$L13),"")) -> 14616 | U13: =IF(OR($J13="",$F13="不适用"),"",IFERROR(INDEX(_怪物模型!$F$2:$F$4501,MATCH(INT($J13)&"|"&$F13,_怪物模型!$A$2:$A$4501,0))*IF($M13="",1,$M13),"")) -> 13390 | V13: =IF($U13="","",MIN(0.75,$U13/($U13+24000))) -> 0.35811714 | W13: =IF($S13="","",$S13/(1-$V13)*IF($N13="",1,$N13)) -> 141198.66 | X13: =IF(OR($W13="",$Q13="",$Q13=0),"",$W13/$Q13) -> 0.29918923 | Y13: =IF(OR($R13="",$T13="",$T13=0),"",$R13/($T13*IF($O13="",1,$O13))) -> 57.661331 | Z13: =IF(OR($X13="",$P13="",$P13=0),"",$X13/$P13) | AA13: =IF($J13="","待填怪物等级",IF(OR($I13="",$Q13=""),"待填对照关卡",IF($P13="","已计算",IF(AND($Y13<>"",$Y13<$X13),"生存不成立",IF($Z13<0.5,"碾压",IF($Z13<0.8,"偏简单",IF($Z13<=1.2,"适中",IF($Z13<=1.5,"偏难","过难")))))))) -> 已计算 | AB13: =IF($J13="","待填",IF(AND(ISNUMBER($J13),$J13>=1,$J13<=500,MOD($J13,1)=0),"有效","超范围")) -> 有效 | AC13: =IF(OR($J13="",ROW()=5,$B13<>$B12,$J12=""),"",IF($J13<$J12,"下降","")) | AD13: 高难2-4；通关5-15后统一开放｜修正版V4：对照S79，略高于开放基点S69/Lv194｜V4同步最新玩家曲线：Lv217→Lv203，保留原TTK/生存压力目标｜曲线同步20260811：Lv203→Lv174，保持原玩法定位与TTK/生存压力
A14: 当前配置 | B14: 困难主线 | C14: 第2章 | D14: 高难2-5 | E14: 110205 | F14: 普通怪 | G14: 80 | I14: =IF($H14="",$G14,$H14) -> 80 | J14: 159 | Q14: =IF($I14="","",IFERROR(INDEX(_玩家曲线!$H$2:$H$286,MATCH($I14,_玩家曲线!$A$2:$A$286,0)),"")) -> 484742.58 | R14: =IF($I14="","",IFERROR(INDEX(_玩家曲线!$I$2:$I$286,MATCH($I14,_玩家曲线!$A$2:$A$286,0)),"")) -> 862561.14 | S14: =IF(OR($J14="",$F14="不适用"),"",IFERROR(INDEX(_怪物模型!$D$2:$D$4501,MATCH(INT($J14)&"|"&$F14,_怪物模型!$A$2:$A$4501,0))*IF($K14="",1,$K14),"")) -> 93238 | T14: =IF(OR($J14="",$F14="不适用"),"",IFERROR(INDEX(_怪物模型!$E$2:$E$4501,MATCH(INT($J14)&"|"&$F14,_怪物模型!$A$2:$A$4501,0))*IF($L14="",1,$L14),"")) -> 14964 | U14: =IF(OR($J14="",$F14="不适用"),"",IFERROR(INDEX(_怪物模型!$F$2:$F$4501,MATCH(INT($J14)&"|"&$F14,_怪物模型!$A$2:$A$4501,0))*IF($M14="",1,$M14),"")) -> 13589 | V14: =IF($U14="","",MIN(0.75,$U14/($U14+24000))) -> 0.36151534 | W14: =IF($S14="","",$S14/(1-$V14)*IF($N14="",1,$N14)) -> 146030.13 | X14: =IF(OR($W14="",$Q14="",$Q14=0),"",$W14/$Q14) -> 0.30125295 | Y14: =IF(OR($R14="",$T14="",$T14=0),"",$R14/($T14*IF($O14="",1,$O14))) -> 57.642418 | Z14: =IF(OR($X14="",$P14="",$P14=0),"",$X14/$P14) | AA14: =IF($J14="","待填怪物等级",IF(OR($I14="",$Q14=""),"待填对照关卡",IF($P14="","已计算",IF(AND($Y14<>"",$Y14<$X14),"生存不成立",IF($Z14<0.5,"碾压",IF($Z14<0.8,"偏简单",IF($Z14<=1.2,"适中",IF($Z14<=1.5,"偏难","过难")))))))) -> 已计算 | AB14: =IF($J14="","待填",IF(AND(ISNUMBER($J14),$J14>=1,$J14<=500,MOD($J14,1)=0),"有效","超范围")) -> 有效 | AC14: =IF(OR($J14="",ROW()=5,$B14<>$B13,$J13=""),"",IF($J14<$J13,"下降","")) | AD14: 高难2-5；通关5-15后统一开放｜修正版V4：对照S80，略高于开放基点S69/Lv194｜V4同步最新玩家曲线：Lv219→Lv205，保留原TTK/生存压力目标｜曲线同步20260811：Lv205→Lv176，保持原玩法定位与TTK/生存压力
A15: 当前配置 | B15: 困难主线 | C15: 第3章 | D15: 高难3-1 | E15: 110301 | F15: 普通怪 | G15: 81 | I15: =IF($H15="",$G15,$H15) -> 81 | J15: 161 | Q15: =IF($I15="","",IFERROR(INDEX(_玩家曲线!$H$2:$H$286,MATCH($I15,_玩家曲线!$A$2:$A$286,0)),"")) -> 497543.42 | R15: =IF($I15="","",IFERROR(INDEX(_玩家曲线!$I$2:$I$286,MATCH($I15,_玩家曲线!$A$2:$A$286,0)),"")) -> 882237.26 | S15: =IF(OR($J15="",$F15="不适用"),"",IFERROR(INDEX(_怪物模型!$D$2:$D$4501,MATCH(INT($J15)&"|"&$F15,_怪物模型!$A$2:$A$4501,0))*IF($K15="",1,$K15),"")) -> 95895 | T15: =IF(OR($J15="",$F15="不适用"),"",IFERROR(INDEX(_怪物模型!$E$2:$E$4501,MATCH(INT($J15)&"|"&$F15,_怪物模型!$A$2:$A$4501,0))*IF($L15="",1,$L15),"")) -> 15318 | U15: =IF(OR($J15="",$F15="不适用"),"",IFERROR(INDEX(_怪物模型!$F$2:$F$4501,MATCH(INT($J15)&"|"&$F15,_怪物模型!$A$2:$A$4501,0))*IF($M15="",1,$M15),"")) -> 13790 | V15: =IF($U15="","",MIN(0.75,$U15/($U15+24000))) -> 0.36491135 | W15: =IF($S15="","",$S15/(1-$V15)*IF($N15="",1,$N15)) -> 150994.67 | X15: =IF(OR($W15="",$Q15="",$Q15=0),"",$W15/$Q15) -> 0.30348039 | Y15: =IF(OR($R15="",$T15="",$T15=0),"",$R15/($T15*IF($O15="",1,$O15))) -> 57.594808 | Z15: =IF(OR($X15="",$P15="",$P15=0),"",$X15/$P15) | AA15: =IF($J15="","待填怪物等级",IF(OR($I15="",$Q15=""),"待填对照关卡",IF($P15="","已计算",IF(AND($Y15<>"",$Y15<$X15),"生存不成立",IF($Z15<0.5,"碾压",IF($Z15<0.8,"偏简单",IF($Z15<=1.2,"适中",IF($Z15<=1.5,"偏难","过难")))))))) -> 已计算 | AB15: =IF($J15="","待填",IF(AND(ISNUMBER($J15),$J15>=1,$J15<=500,MOD($J15,1)=0),"有效","超范围")) -> 有效 | AC15: =IF(OR($J15="",ROW()=5,$B15<>$B14,$J14=""),"",IF($J15<$J14,"下降","")) | AD15: 高难3-1；通关5-15后统一开放｜修正版V4：对照S81，略高于开放基点S69/Lv194｜V4同步最新玩家曲线：Lv221→Lv207，保留原TTK/生存压力目标｜曲线同步20260811：Lv207→Lv178，保持原玩法定位与TTK/生存压力
A16: 当前配置 | B16: 困难主线 | C16: 第3章 | D16: 高难3-2 | E16: 110302 | F16: 普通怪 | G16: 82 | I16: =IF($H16="",$G16,$H16) -> 82 | J16: 163 | Q16: =IF($I16="","",IFERROR(INDEX(_玩家曲线!$H$2:$H$286,MATCH($I16,_玩家曲线!$A$2:$A$286,0)),"")) -> 510334.47 | R16: =IF($I16="","",IFERROR(INDEX(_玩家曲线!$I$2:$I$286,MATCH($I16,_玩家曲线!$A$2:$A$286,0)),"")) -> 901800.29 | S16: =IF(OR($J16="",$F16="不适用"),"",IFERROR(INDEX(_怪物模型!$D$2:$D$4501,MATCH(INT($J16)&"|"&$F16,_怪物模型!$A$2:$A$4501,0))*IF($K16="",1,$K16),"")) -> 98607 | T16: =IF(OR($J16="",$F16="不适用"),"",IFERROR(INDEX(_怪物模型!$E$2:$E$4501,MATCH(INT($J16)&"|"&$F16,_怪物模型!$A$2:$A$4501,0))*IF($L16="",1,$L16),"")) -> 15677 | U16: =IF(OR($J16="",$F16="不适用"),"",IFERROR(INDEX(_怪物模型!$F$2:$F$4501,MATCH(INT($J16)&"|"&$F16,_怪物模型!$A$2:$A$4501,0))*IF($M16="",1,$M16),"")) -> 13991 | V16: =IF($U16="","",MIN(0.75,$U16/($U16+24000))) -> 0.36827143 | W16: =IF($S16="","",$S16/(1-$V16)*IF($N16="",1,$N16)) -> 156090.77 | X16: =IF(OR($W16="",$Q16="",$Q16=0),"",$W16/$Q16) -> 0.30585975 | Y16: =IF(OR($R16="",$T16="",$T16=0),"",$R16/($T16*IF($O16="",1,$O16))) -> 57.523779 | Z16: =IF(OR($X16="",$P16="",$P16=0),"",$X16/$P16) | AA16: =IF($J16="","待填怪物等级",IF(OR($I16="",$Q16=""),"待填对照关卡",IF($P16="","已计算",IF(AND($Y16<>"",$Y16<$X16),"生存不成立",IF($Z16<0.5,"碾压",IF($Z16<0.8,"偏简单",IF($Z16<=1.2,"适中",IF($Z16<=1.5,"偏难","过难")))))))) -> 已计算 | AB16: =IF($J16="","待填",IF(AND(ISNUMBER($J16),$J16>=1,$J16<=500,MOD($J16,1)=0),"有效","超范围")) -> 有效 | AC16: =IF(OR($J16="",ROW()=5,$B16<>$B15,$J15=""),"",IF($J16<$J15,"下降","")) | AD16: 高难3-2；通关5-15后统一开放｜修正版V4：对照S82，略高于开放基点S69/Lv194｜V4同步最新玩家曲线：Lv223→Lv209，保留原TTK/生存压力目标｜曲线同步20260811：Lv209→Lv180，保持原玩法定位与TTK/生存压力
... A39: 当前配置 | B39: 困难主线 | C39: 第7章 | D39: 高难7-5 | E39: 110705 | F39: 普通怪 | G39: 105 | I39: =IF($H39="",$G39,$H39) -> 105 | J39: 193 | Q39: =IF($I39="","",IFERROR(INDEX(_玩家曲线!$H$2:$H$286,MATCH($I39,_玩家曲线!$A$2:$A$286,0)),"")) -> 838451.03 | R39: =IF($I39="","",IFERROR(INDEX(_玩家曲线!$I$2:$I$286,MATCH($I39,_玩家曲线!$A$2:$A$286,0)),"")) -> 1356957.6 | S39: =IF(OR($J39="",$F39="不适用"),"",IFERROR(INDEX(_怪物模型!$D$2:$D$4501,MATCH(INT($J39)&"|"&$F39,_怪物模型!$A$2:$A$4501,0))*IF($K39="",1,$K39),"")) -> 146294 | T39: =IF(OR($J39="",$F39="不适用"),"",IFERROR(INDEX(_怪物模型!$E$2:$E$4501,MATCH(INT($J39)&"|"&$F39,_怪物模型!$A$2:$A$4501,0))*IF($L39="",1,$L39),"")) -> 21721 | U39: =IF(OR($J39="",$F39="不适用"),"",IFERROR(INDEX(_怪物模型!$F$2:$F$4501,MATCH(INT($J39)&"|"&$F39,_怪物模型!$A$2:$A$4501,0))*IF($M39="",1,$M39),"")) -> 17100 | V39: =IF($U39="","",MIN(0.75,$U39/($U39+24000))) -> 0.41605839 | W39: =IF($S39="","",$S39/(1-$V39)*IF($N39="",1,$N39)) -> 250528.48 | X39: =IF(OR($W39="",$Q39="",$Q39=0),"",$W39/$Q39) -> 0.29879917 | Y39: =IF(OR($R39="",$T39="",$T39=0),"",$R39/($T39*IF($O39="",1,$O39))) -> 62.472153 | Z39: =IF(OR($X39="",$P39="",$P39=0),"",$X39/$P39) | AA39: =IF($J39="","待填怪物等级",IF(OR($I39="",$Q39=""),"待填对照关卡",IF($P39="","已计算",IF(AND($Y39<>"",$Y39<$X39),"生存不成立",IF($Z39<0.5,"碾压",IF($Z39<0.8,"偏简单",IF($Z39<=1.2,"适中",IF($Z39<=1.5,"偏难","过难")))))))) -> 已计算 | AB39: =IF($J39="","待填",IF(AND(ISNUMBER($J39),$J39>=1,$J39<=500,MOD($J39,1)=0),"有效","超范围")) -> 有效 | AC39: =IF(OR($J39="",ROW()=5,$B39<>$B38,$J38=""),"",IF($J39<$J38,"下降","")) | AD39: 高难7-5；通关5-15后统一开放｜修正版V4：对照S105，略高于开放基点S69/Lv194｜V4同步最新玩家曲线：Lv261→Lv247，保留原TTK/生存压力目标｜曲线同步20260811：Lv247→Lv212，保持原玩法定位与TTK/生存压力

Sheet 角色经验
A1: 全玩法难度填写｜角色经验
A2: 当前页已按开启顺序和玩法定位填入首版怪物等级。黄色J列可直接覆盖；G列是本版使用的玩家曲线对照节点。
A3: 公式口径：怪物实际属性=战斗公式标准模型×可选系数；怪物EHP=实际生命÷(1-防御减伤)×整关EHP倍率；TTK=怪物EHP÷玩家DPS。
A4: 状态 | B4: 玩法 | C4: 子玩法/共用范围 | D4: 节点名称 | E4: LevelId/配置映射 | F4: 怪物类型 | G4: 默认对照关卡 | H4: 手动对照关卡 | I4: 实际对照关卡 | J4: 怪物等级 | K4: 生命系数 | L4: 攻击系数 | M4: 防御系数 | N4: 整关EHP倍率 | O4: 攻击压力倍率 | P4: 目标时间(s) | Q4: 玩家DPS | R4: 玩家队伍EHP | S4: 怪物实际生命 | T4: 怪物实际攻击 | U4: 怪物实际防御 | V4: 怪物减伤率 | W4: 整关目标EHP | X4: 预测TTK(s) | Y4: 预测存活(s) | Z4: TTK/目标 | AA4: 难度判断 | AB4: 等级检查 | AC4: 等级趋势 | AD4: 备注
A5: 当前配置 | B5: 角色经验 | C5: 资源副本 | D5: 难度1 | E5: 210001 | F5: 普通怪 | G5: 16 | I5: =IF($H5="",$G5,$H5) -> 16 | J5: 22 | Q5: =IF($I5="","",IFERROR(INDEX(_玩家曲线!$H$2:$H$286,MATCH($I5,_玩家曲线!$A$2:$A$286,0)),"")) -> 12775.033 | R5: =IF($I5="","",IFERROR(INDEX(_玩家曲线!$I$2:$I$286,MATCH($I5,_玩家曲线!$A$2:$A$286,0)),"")) -> 43484.78 | S5: =IF(OR($J5="",$F5="不适用"),"",IFERROR(INDEX(_怪物模型!$D$2:$D$4501,MATCH(INT($J5)&"|"&$F5,_怪物模型!$A$2:$A$4501,0))*IF($K5="",1,$K5),"")) -> 3288 | T5: =IF(OR($J5="",$F5="不适用"),"",IFERROR(INDEX(_怪物模型!$E$2:$E$4501,MATCH(INT($J5)&"|"&$F5,_怪物模型!$A$2:$A$4501,0))*IF($L5="",1,$L5),"")) -> 842 | U5: =IF(OR($J5="",$F5="不适用"),"",IFERROR(INDEX(_怪物模型!$F$2:$F$4501,MATCH(INT($J5)&"|"&$F5,_怪物模型!$A$2:$A$4501,0))*IF($M5="",1,$M5),"")) -> 1603 | V5: =IF($U5="","",MIN(0.75,$U5/($U5+24000))) -> 0.06260985 | W5: =IF($S5="","",$S5/(1-$V5)*IF($N5="",1,$N5)) -> 3507.611 | X5: =IF(OR($W5="",$Q5="",$Q5=0),"",$W5/$Q5) -> 0.27456767 | Y5: =IF(OR($R5="",$T5="",$T5=0),"",$R5/($T5*IF($O5="",1,$O5))) -> 51.644632 | Z5: =IF(OR($X5="",$P5="",$P5=0),"",$X5/$P5) | AA5: =IF($J5="","待填怪物等级",IF(OR($I5="",$Q5=""),"待填对照关卡",IF($P5="","已计算",IF(AND($Y5<>"",$Y5<$X5),"生存不成立",IF($Z5<0.5,"碾压",IF($Z5<0.8,"偏简单",IF($Z5<=1.2,"适中",IF($Z5<=1.5,"偏难","过难")))))))) -> 已计算 | AB5: =IF($J5="","待填",IF(AND(ISNUMBER($J5),$J5>=1,$J5<=500,MOD($J5,1)=0),"有效","超范围")) -> 有效 | AC5: =IF(OR($J5="",ROW()=5,$B5<>$B4,$J4=""),"",IF($J5<$J4,"下降","")) | AD5: 档位解锁Lv10；修正版V4：首档送进度，9档共用Lv27→180缓升；对照节点S16｜V4同步最新玩家曲线：Lv30→Lv27，保留原TTK/生存压力目标｜曲线同步20260811：Lv27→Lv25，保持原玩法定位与TTK/生存压力
A6: 当前配置 | B6: 角色经验 | C6: 资源副本 | D6: 难度2 | E6: 210002 | F6: 普通怪 | G6: 20 | I6: =IF($H6="",$G6,$H6) -> 20 | J6: 26 | Q6: =IF($I6="","",IFERROR(INDEX(_玩家曲线!$H$2:$H$286,MATCH($I6,_玩家曲线!$A$2:$A$286,0)),"")) -> 18422.066 | R6: =IF($I6="","",IFERROR(INDEX(_玩家曲线!$I$2:$I$286,MATCH($I6,_玩家曲线!$A$2:$A$286,0)),"")) -> 58659.121 | S6: =IF(OR($J6="",$F6="不适用"),"",IFERROR(INDEX(_怪物模型!$D$2:$D$4501,MATCH(INT($J6)&"|"&$F6,_怪物模型!$A$2:$A$4501,0))*IF($K6="",1,$K6),"")) -> 4140 | T6: =IF(OR($J6="",$F6="不适用"),"",IFERROR(INDEX(_怪物模型!$E$2:$E$4501,MATCH(INT($J6)&"|"&$F6,_怪物模型!$A$2:$A$4501,0))*IF($L6="",1,$L6),"")) -> 1028 | U6: =IF(OR($J6="",$F6="不适用"),"",IFERROR(INDEX(_怪物模型!$F$2:$F$4501,MATCH(INT($J6)&"|"&$F6,_怪物模型!$A$2:$A$4501,0))*IF($M6="",1,$M6),"")) -> 1904 | V6: =IF($U6="","",MIN(0.75,$U6/($U6+24000))) -> 0.073502162 | W6: =IF($S6="","",$S6/(1-$V6)*IF($N6="",1,$N6)) -> 4468.44 | X6: =IF(OR($W6="",$Q6="",$Q6=0),"",$W6/$Q6) -> 0.24255912 | Y6: =IF(OR($R6="",$T6="",$T6=0),"",$R6/($T6*IF($O6="",1,$O6))) -> 57.061402 | Z6: =IF(OR($X6="",$P6="",$P6=0),"",$X6/$P6) | AA6: =IF($J6="","待填怪物等级",IF(OR($I6="",$Q6=""),"待填对照关卡",IF($P6="","已计算",IF(AND($Y6<>"",$Y6<$X6),"生存不成立",IF($Z6<0.5,"碾压",IF($Z6<0.8,"偏简单",IF($Z6<=1.2,"适中",IF($Z6<=1.5,"偏难","过难")))))))) -> 已计算 | AB6: =IF($J6="","待填",IF(AND(ISNUMBER($J6),$J6>=1,$J6<=500,MOD($J6,1)=0),"有效","超范围")) -> 有效 | AC6: =IF(OR($J6="",ROW()=5,$B6<>$B5,$J5=""),"",IF($J6<$J5,"下降","")) | AD6: 档位解锁Lv15；修正版V4：首档送进度，9档共用Lv30→180缓升；对照节点S20｜V4同步最新玩家曲线：Lv41→Lv32，保留原TTK/生存压力目标｜曲线同步20260811：Lv32→Lv29，保持原玩法定位与TTK/生存压力
A7: 当前配置 | B7: 角色经验 | C7: 资源副本 | D7: 难度3 | E7: 210003 | F7: 普通怪 | G7: 33 | I7: =IF($H7="",$G7,$H7) -> 33 | J7: 39 | Q7: =IF($I7="","",IFERROR(INDEX(_玩家曲线!$H$2:$H$286,MATCH($I7,_玩家曲线!$A$2:$A$286,0)),"")) -> 55490.611 | R7: =IF($I7="","",IFERROR(INDEX(_玩家曲线!$I$2:$I$286,MATCH($I7,_玩家曲线!$A$2:$A$286,0)),"")) -> 145674.72 | S7: =IF(OR($J7="",$F7="不适用"),"",IFERROR(INDEX(_怪物模型!$D$2:$D$4501,MATCH(INT($J7)&"|"&$F7,_怪物模型!$A$2:$A$4501,0))*IF($K7="",1,$K7),"")) -> 7437 | T7: =IF(OR($J7="",$F7="不适用"),"",IFERROR(INDEX(_怪物模型!$E$2:$E$4501,MATCH(INT($J7)&"|"&$F7,_怪物模型!$A$2:$A$4501,0))*IF($L7="",1,$L7),"")) -> 1707 | U7: =IF(OR($J7="",$F7="不适用"),"",IFERROR(INDEX(_怪物模型!$F$2:$F$4501,MATCH(INT($J7)&"|"&$F7,_怪物模型!$A$2:$A$4501,0))*IF($M7="",1,$M7),"")) -> 2902 | V7: =IF($U7="","",MIN(0.75,$U7/($U7+24000))) -> 0.10787302 | W7: =IF($S7="","",$S7/(1-$V7)*IF($N7="",1,$N7)) -> 8336.2573 | X7: =IF(OR($W7="",$Q7="",$Q7=0),"",$W7/$Q7) -> 0.15022825 | Y7: =IF(OR($R7="",$T7="",$T7=0),"",$R7/($T7*IF($O7="",1,$O7))) -> 85.339612 | Z7: =IF(OR($X7="",$P7="",$P7=0),"",$X7/$P7) | AA7: =IF($J7="","待填怪物等级",IF(OR($I7="",$Q7=""),"待填对照关卡",IF($P7="","已计算",IF(AND($Y7<>"",$Y7<$X7),"生存不成立",IF($Z7<0.5,"碾压",IF($Z7<0.8,"偏简单",IF($Z7<=1.2,"适中",IF($Z7<=1.5,"偏难","过难")))))))) -> 已计算 | AB7: =IF($J7="","待填",IF(AND(ISNUMBER($J7),$J7>=1,$J7<=500,MOD($J7,1)=0),"有效","超范围")) -> 有效 | AC7: =IF(OR($J7="",ROW()=5,$B7<>$B6,$J6=""),"",IF($J7<$J6,"下降","")) | AD7: 档位解锁Lv20；修正版V4：首档送进度，9档共用Lv30→180缓升；对照节点S33｜V4同步最新玩家曲线：Lv57→Lv51，保留原TTK/生存压力目标｜曲线同步20260811：Lv51→Lv44，保持原玩法定位与TTK/生存压力
A8: 当前配置 | B8: 角色经验 | C8: 资源副本 | D8: 难度4 | E8: 210004 | F8: 普通怪 | G8: 48 | I8: =IF($H8="",$G8,$H8) -> 48 | J8: 49 | Q8: =IF($I8="","",IFERROR(INDEX(_玩家曲线!$H$2:$H$286,MATCH($I8,_玩家曲线!$A$2:$A$286,0)),"")) -> 151226.5 | R8: =IF($I8="","",IFERROR(INDEX(_玩家曲线!$I$2:$I$286,MATCH($I8,_玩家曲线!$A$2:$A$286,0)),"")) -> 327050.13 | S8: =IF(OR($J8="",$F8="不适用"),"",IFERROR(INDEX(_怪物模型!$D$2:$D$4501,MATCH(INT($J8)&"|"&$F8,_怪物模型!$A$2:$A$4501,0))*IF($K8="",1,$K8),"")) -> 10544 | T8: =IF(OR($J8="",$F8="不适用"),"",IFERROR(INDEX(_怪物模型!$E$2:$E$4501,MATCH(INT($J8)&"|"&$F8,_怪物模型!$A$2:$A$4501,0))*IF($L8="",1,$L8),"")) -> 2313 | U8: =IF(OR($J8="",$F8="不适用"),"",IFERROR(INDEX(_怪物模型!$F$2:$F$4501,MATCH(INT($J8)&"|"&$F8,_怪物模型!$A$2:$A$4501,0))*IF($M8="",1,$M8),"")) -> 3691 | V8: =IF($U8="","",MIN(0.75,$U8/($U8+24000))) -> 0.13329241 | W8: =IF($S8="","",$S8/(1-$V8)*IF($N8="",1,$N8)) -> 12165.579 | X8: =IF(OR($W8="",$Q8="",$Q8=0),"",$W8/$Q8) -> 0.08044608 | Y8: =IF(OR($R8="",$T8="",$T8=0),"",$R8/($T8*IF($O8="",1,$O8))) -> 141.39651 | Z8: =IF(OR($X8="",$P8="",$P8=0),"",$X8/$P8) | AA8: =IF($J8="","待填怪物等级",IF(OR($I8="",$Q8=""),"待填对照关卡",IF($P8="","已计算",IF(AND($Y8<>"",$Y8<$X8),"生存不成立",IF($Z8<0.5,"碾压",IF($Z8<0.8,"偏简单",IF($Z8<=1.2,"适中",IF($Z8<=1.5,"偏难","过难")))))))) -> 已计算 | AB8: =IF($J8="","待填",IF(AND(ISNUMBER($J8),$J8>=1,$J8<=500,MOD($J8,1)=0),"有效","超范围")) -> 有效 | AC8: =IF(OR($J8="",ROW()=5,$B8<>$B7,$J7=""),"",IF($J8<$J7,"下降","")) | AD8: 档位解锁Lv25；修正版V4：首档送进度，9档共用Lv30→180缓升；对照节点S48｜V4同步最新玩家曲线：Lv74→Lv67，保留原TTK/生存压力目标｜曲线同步20260811：Lv67→Lv56，保持原玩法定位与TTK/生存压力
A9: 当前配置 | B9: 角色经验 | C9: 资源副本 | D9: 难度5 | E9: 210005 | F9: 普通怪 | G9: 64 | I9: =IF($H9="",$G9,$H9) -> 64 | J9: 61 | Q9: =IF($I9="","",IFERROR(INDEX(_玩家曲线!$H$2:$H$286,MATCH($I9,_玩家曲线!$A$2:$A$286,0)),"")) -> 283724.7 | R9: =IF($I9="","",IFERROR(INDEX(_玩家曲线!$I$2:$I$286,MATCH($I9,_玩家曲线!$A$2:$A$286,0)),"")) -> 538396.24 | S9: =IF(OR($J9="",$F9="不适用"),"",IFERROR(INDEX(_怪物模型!$D$2:$D$4501,MATCH(INT($J9)&"|"&$F9,_怪物模型!$A$2:$A$4501,0))*IF($K9="",1,$K9),"")) -> 14981 | T9: =IF(OR($J9="",$F9="不适用"),"",IFERROR(INDEX(_怪物模型!$E$2:$E$4501,MATCH(INT($J9)&"|"&$F9,_怪物模型!$A$2:$A$4501,0))*IF($L9="",1,$L9),"")) -> 3140 | U9: =IF(OR($J9="",$F9="不适用"),"",IFERROR(INDEX(_怪物模型!$F$2:$F$4501,MATCH(INT($J9)&"|"&$F9,_怪物模型!$A$2:$A$4501,0))*IF($M9="",1,$M9),"")) -> 4663 | V9: =IF($U9="","",MIN(0.75,$U9/($U9+24000))) -> 0.1626836 | W9: =IF($S9="","",$S9/(1-$V9)*IF($N9="",1,$N9)) -> 17891.683 | X9: =IF(OR($W9="",$Q9="",$Q9=0),"",$W9/$Q9) -> 0.063060014 | Y9: =IF(OR($R9="",$T9="",$T9=0),"",$R9/($T9*IF($O9="",1,$O9))) -> 171.46377 | Z9: =IF(OR($X9="",$P9="",$P9=0),"",$X9/$P9) | AA9: =IF($J9="","待填怪物等级",IF(OR($I9="",$Q9=""),"待填对照关卡",IF($P9="","已计算",IF(AND($Y9<>"",$Y9<$X9),"生存不成立",IF($Z9<0.5,"碾压",IF($Z9<0.8,"偏简单",IF($Z9<=1.2,"适中",IF($Z9<=1.5,"偏难","过难")))))))) -> 已计算 | AB9: =IF($J9="","待填",IF(AND(ISNUMBER($J9),$J9>=1,$J9<=500,MOD($J9,1)=0),"有效","超范围")) -> 有效 | AC9: =IF(OR($J9="",ROW()=5,$B9<>$B8,$J8=""),"",IF($J9<$J8,"下降","")) | AD9: 档位解锁Lv30；修正版V4：首档送进度，9档共用Lv30→180缓升；对照节点S64｜V4同步最新玩家曲线：Lv93→Lv85，保留原TTK/生存压力目标｜曲线同步20260811：Lv85→Lv70，保持原玩法定位与TTK/生存压力
A10: 当前配置 | B10: 角色经验 | C10: 资源副本 | D10: 难度6 | E10: 210006 | F10: 普通怪 | G10: 85 | I10: =IF($H10="",$G10,$H10) -> 85 | J10: 74 | Q10: =IF($I10="","",IFERROR(INDEX(_玩家曲线!$H$2:$H$286,MATCH($I10,_玩家曲线!$A$2:$A$286,0)),"")) -> 548594.41 | R10: =IF($I10="","",IFERROR(INDEX(_玩家曲线!$I$2:$I$286,MATCH($I10,_玩家曲线!$A$2:$A$286,0)),"")) -> 959754.58 | S10: =IF(OR($J10="",$F10="不适用"),"",IFERROR(INDEX(_怪物模型!$D$2:$D$4501,MATCH(INT($J10)&"|"&$F10,_怪物模型!$A$2:$A$4501,0))*IF($K10="",1,$K10),"")) -> 20750 | T10: =IF(OR($J10="",$F10="不适用"),"",IFERROR(INDEX(_怪物模型!$E$2:$E$4501,MATCH(INT($J10)&"|"&$F10,_怪物模型!$A$2:$A$4501,0))*IF($L10="",1,$L10),"")) -> 4168 | U10: =IF(OR($J10="",$F10="不适用"),"",IFERROR(INDEX(_怪物模型!$F$2:$F$4501,MATCH(INT($J10)&"|"&$F10,_怪物模型!$A$2:$A$4501,0))*IF($M10="",1,$M10),"")) -> 5745 | V10: =IF($U10="","",MIN(0.75,$U10/($U10+24000))) -> 0.1931417 | W10: =IF($S10="","",$S10/(1-$V10)*IF($N10="",1,$N10)) -> 25717.031 | X10: =IF(OR($W10="",$Q10="",$Q10=0),"",$W10/$Q10) -> 0.046878041 | Y10: =IF(OR($R10="",$T10="",$T10=0),"",$R10/($T10*IF($O10="",1,$O10))) -> 230.26741 | Z10: =IF(OR($X10="",$P10="",$P10=0),"",$X10/$P10) | AA10: =IF($J10="","待填怪物等级",IF(OR($I10="",$Q10=""),"待填对照关卡",IF($P10="","已计算",IF(AND($Y10<>"",$Y10<$X10),"生存不成立",IF($Z10<0.5,"碾压",IF($Z10<0.8,"偏简单",IF($Z10<=1.2,"适中",IF($Z10<=1.5,"偏难","过难")))))))) -> 已计算 | AB10: =IF($J10="","待填",IF(AND(ISNUMBER($J10),$J10>=1,$J10<=500,MOD($J10,1)=0),"有效","超范围")) -> 有效 | AC10: =IF(OR($J10="",ROW()=5,$B10<>$B9,$J9=""),"",IF($J10<$J9,"下降","")) | AD10: 档位解锁Lv35；修正版V4：首档送进度，9档共用Lv30→180缓升；对照节点S85｜V4同步最新玩家曲线：Lv113→Lv104，保留原TTK/生存压力目标｜曲线同步20260811：Lv104→Lv85，保持原玩法定位与TTK/生存压力
A11: 当前配置 | B11: 角色经验 | C11: 资源副本 | D11: 难度7 | E11: 210007 | F11: 普通怪 | G11: 108 | I11: =IF($H11="",$G11,$H11) -> 108 | J11: 90 | Q11: =IF($I11="","",IFERROR(INDEX(_玩家曲线!$H$2:$H$286,MATCH($I11,_玩家曲线!$A$2:$A$286,0)),"")) -> 901427.63 | R11: =IF($I11="","",IFERROR(INDEX(_玩家曲线!$I$2:$I$286,MATCH($I11,_玩家曲线!$A$2:$A$286,0)),"")) -> 1430961.4 | S11: =IF(OR($J11="",$F11="不适用"),"",IFERROR(INDEX(_怪物模型!$D$2:$D$4501,MATCH(INT($J11)&"|"&$F11,_怪物模型!$A$2:$A$4501,0))*IF($K11="",1,$K11),"")) -> 29406 | T11: =IF(OR($J11="",$F11="不适用"),"",IFERROR(INDEX(_怪物模型!$E$2:$E$4501,MATCH(INT($J11)&"|"&$F11,_怪物模型!$A$2:$A$4501,0))*IF($L11="",1,$L11),"")) -> 5635 | U11: =IF(OR($J11="",$F11="不适用"),"",IFERROR(INDEX(_怪物模型!$F$2:$F$4501,MATCH(INT($J11)&"|"&$F11,_怪物模型!$A$2:$A$4501,0))*IF($M11="",1,$M11),"")) -> 7120 | V11: =IF($U11="","",MIN(0.75,$U11/($U11+24000))) -> 0.22879177 | W11: =IF($S11="","",$S11/(1-$V11)*IF($N11="",1,$N11)) -> 38129.78 | X11: =IF(OR($W11="",$Q11="",$Q11=0),"",$W11/$Q11) -> 0.042299325 | Y11: =IF(OR($R11="",$T11="",$T11=0),"",$R11/($T11*IF($O11="",1,$O11))) -> 253.94168 | Z11: =IF(OR($X11="",$P11="",$P11=0),"",$X11/$P11) | AA11: =IF($J11="","待填怪物等级",IF(OR($I11="",$Q11=""),"待填对照关卡",IF($P11="","已计算",IF(AND($Y11<>"",$Y11<$X11),"生存不成立",IF($Z11<0.5,"碾压",IF($Z11<0.8,"偏简单",IF($Z11<=1.2,"适中",IF($Z11<=1.5,"偏难","过难")))))))) -> 已计算 | AB11: =IF($J11="","待填",IF(AND(ISNUMBER($J11),$J11>=1,$J11<=500,MOD($J11,1)=0),"有效","超范围")) -> 有效 | AC11: =IF(OR($J11="",ROW()=5,$B11<>$B10,$J10=""),"",IF($J11<$J10,"下降","")) | AD11: 档位解锁Lv40；修正版V4：首档送进度，9档共用Lv30→180缓升；对照节点S108｜V4同步最新玩家曲线：Lv135→Lv126，保留原TTK/生存压力目标｜曲线同步20260811：Lv126→Lv103，保持原玩法定位与TTK/生存压力
A12: 当前配置 | B12: 角色经验 | C12: 资源副本 | D12: 难度8 | E12: 210008 | F12: 普通怪 | G12: 124 | I12: =IF($H12="",$G12,$H12) -> 124 | J12: 107 | Q12: =IF($I12="","",IFERROR(INDEX(_玩家曲线!$H$2:$H$286,MATCH($I12,_玩家曲线!$A$2:$A$286,0)),"")) -> 1226558.8 | R12: =IF($I12="","",IFERROR(INDEX(_玩家曲线!$I$2:$I$286,MATCH($I12,_玩家曲线!$A$2:$A$286,0)),"")) -> 1789249.3 | S12: =IF(OR($J12="",$F12="不适用"),"",IFERROR(INDEX(_怪物模型!$D$2:$D$4501,MATCH(INT($J12)&"|"&$F12,_怪物模型!$A$2:$A$4501,0))*IF($K12="",1,$K12),"")) -> 40769 | T12: =IF(OR($J12="",$F12="不适用"),"",IFERROR(INDEX(_怪物模型!$E$2:$E$4501,MATCH(INT($J12)&"|"&$F12,_怪物模型!$A$2:$A$4501,0))*IF($L12="",1,$L12),"")) -> 7457 | U12: =IF(OR($J12="",$F12="不适用"),"",IFERROR(INDEX(_怪物模型!$F$2:$F$4501,MATCH(INT($J12)&"|"&$F12,_怪物模型!$A$2:$A$4501,0))*IF($M12="",1,$M12),"")) -> 8632 | V12: =IF($U12="","",MIN(0.75,$U12/($U12+24000))) -> 0.26452562 | W12: =IF($S12="","",$S12/(1-$V12)*IF($N12="",1,$N12)) -> 55432.25 | X12: =IF(OR($W12="",$Q12="",$Q12=0),"",$W12/$Q12) -> 0.045193309 | Y12: =IF(OR($R12="",$T12="",$T12=0),"",$R12/($T12*IF($O12="",1,$O12))) -> 239.94225 | Z12: =IF(OR($X12="",$P12="",$P12=0),"",$X12/$P12) | AA12: =IF($J12="","待填怪物等级",IF(OR($I12="",$Q12=""),"待填对照关卡",IF($P12="","已计算",IF(AND($Y12<>"",$Y12<$X12),"生存不成立",IF($Z12<0.5,"碾压",IF($Z12<0.8,"偏简单",IF($Z12<=1.2,"适中",IF($Z12<=1.5,"偏难","过难")))))))) -> 已计算 | AB12: =IF($J12="","待填",IF(AND(ISNUMBER($J12),$J12>=1,$J12<=500,MOD($J12,1)=0),"有效","超范围")) -> 有效 | AC12: =IF(OR($J12="",ROW()=5,$B12<>$B11,$J11=""),"",IF($J12<$J11,"下降","")) | AD12: 档位解锁Lv45；修正版V4：首档送进度，9档共用Lv30→180缓升；对照节点S124｜V4同步最新玩家曲线：Lv157→Lv148，保留原TTK/生存压力目标｜曲线同步20260811：Lv148→Lv122，保持原玩法定位与TTK/生存压力
A13: 当前配置 | B13: 角色经验 | C13: 资源副本 | D13: 难度9 | E13: 210009 | F13: 普通怪 | G13: 146 | I13: =IF($H13="",$G13,$H13) -> 146 | J13: 126 | Q13: =IF($I13="","",IFERROR(INDEX(_玩家曲线!$H$2:$H$286,MATCH($I13,_玩家曲线!$A$2:$A$286,0)),"")) -> 1613925.8 | R13: =IF($I13="","",IFERROR(INDEX(_玩家曲线!$I$2:$I$286,MATCH($I13,_玩家曲线!$A$2:$A$286,0)),"")) -> 2177332 | S13: =IF(OR($J13="",$F13="不适用"),"",IFERROR(INDEX(_怪物模型!$D$2:$D$4501,MATCH(INT($J13)&"|"&$F13,_怪物模型!$A$2:$A$4501,0))*IF($K13="",1,$K13),"")) -> 56543 | T13: =IF(OR($J13="",$F13="不适用"),"",IFERROR(INDEX(_怪物模型!$E$2:$E$4501,MATCH(INT($J13)&"|"&$F13,_怪物模型!$A$2:$A$4501,0))*IF($L13="",1,$L13),"")) -> 9843 | U13: =IF(OR($J13="",$F13="不适用"),"",IFERROR(INDEX(_怪物模型!$F$2:$F$4501,MATCH(INT($J13)&"|"&$F13,_怪物模型!$A$2:$A$4501,0))*IF($M13="",1,$M13),"")) -> 10386 | V13: =IF($U13="","",MIN(0.75,$U13/($U13+24000))) -> 0.30204153 | W13: =IF($S13="","",$S13/(1-$V13)*IF($N13="",1,$N13)) -> 81011.983 | X13: =IF(OR($W13="",$Q13="",$Q13=0),"",$W13/$Q13) -> 0.050195606 | Y13: =IF(OR($R13="",$T13="",$T13=0),"",$R13/($T13*IF($O13="",1,$O13))) -> 221.20613 | Z13: =IF(OR($X13="",$P13="",$P13=0),"",$X13/$P13) | AA13: =IF($J13="","待填怪物等级",IF(OR($I13="",$Q13=""),"待填对照关卡",IF($P13="","已计算",IF(AND($Y13<>"",$Y13<$X13),"生存不成立",IF($Z13<0.5,"碾压",IF($Z13<0.8,"偏简单",IF($Z13<=1.2,"适中",IF($Z13<=1.5,"偏难","过难")))))))) -> 已计算 | AB13: =IF($J13="","待填",IF(AND(ISNUMBER($J13),$J13>=1,$J13<=500,MOD($J13,1)=0),"有效","超范围")) -> 有效 | AC13: =IF(OR($J13="",ROW()=5,$B13<>$B12,$J12=""),"",IF($J13<$J12,"下降","")) | AD13: 档位解锁Lv50；修正版V4：首档送进度，9档共用Lv30→180缓升；对照节点S146｜V4同步最新玩家曲线：Lv180→Lv171，保留原TTK/生存压力目标｜曲线同步20260811：Lv171→Lv142，保持原玩法定位与TTK/生存压力

Sheet 金币
A1: 全玩法难度填写｜金币
A2: 当前页已按开启顺序和玩法定位填入首版怪物等级。黄色J列可直接覆盖；G列是本版使用的玩家曲线对照节点。
A3: 公式口径：怪物实际属性=战斗公式标准模型×可选系数；怪物EHP=实际生命÷(1-防御减伤)×整关EHP倍率；TTK=怪物EHP÷玩家DPS。
A4: 状态 | B4: 玩法 | C4: 子玩法/共用范围 | D4: 节点名称 | E4: LevelId/配置映射 | F4: 怪物类型 | G4: 默认对照关卡 | H4: 手动对照关卡 | I4: 实际对照关卡 | J4: 怪物等级 | K4: 生命系数 | L4: 攻击系数 | M4: 防御系数 | N4: 整关EHP倍率 | O4: 攻击压力倍率 | P4: 目标时间(s) | Q4: 玩家DPS | R4: 玩家队伍EHP | S4: 怪物实际生命 | T4: 怪物实际攻击 | U4: 怪物实际防御 | V4: 怪物减伤率 | W4: 整关目标EHP | X4: 预测TTK(s) | Y4: 预测存活(s) | Z4: TTK/目标 | AA4: 难度判断 | AB4: 等级检查 | AC4: 等级趋势 | AD4: 备注
A5: 当前配置 | B5: 金币 | C5: 资源副本 | D5: 难度1 | E5: 220001 | F5: 普通怪 | G5: 16 | I5: =IF($H5="",$G5,$H5) -> 16 | J5: 22 | Q5: =IF($I5="","",IFERROR(INDEX(_玩家曲线!$H$2:$H$286,MATCH($I5,_玩家曲线!$A$2:$A$286,0)),"")) -> 12775.033 | R5: =IF($I5="","",IFERROR(INDEX(_玩家曲线!$I$2:$I$286,MATCH($I5,_玩家曲线!$A$2:$A$286,0)),"")) -> 43484.78 | S5: =IF(OR($J5="",$F5="不适用"),"",IFERROR(INDEX(_怪物模型!$D$2:$D$4501,MATCH(INT($J5)&"|"&$F5,_怪物模型!$A$2:$A$4501,0))*IF($K5="",1,$K5),"")) -> 3288 | T5: =IF(OR($J5="",$F5="不适用"),"",IFERROR(INDEX(_怪物模型!$E$2:$E$4501,MATCH(INT($J5)&"|"&$F5,_怪物模型!$A$2:$A$4501,0))*IF($L5="",1,$L5),"")) -> 842 | U5: =IF(OR($J5="",$F5="不适用"),"",IFERROR(INDEX(_怪物模型!$F$2:$F$4501,MATCH(INT($J5)&"|"&$F5,_怪物模型!$A$2:$A$4501,0))*IF($M5="",1,$M5),"")) -> 1603 | V5: =IF($U5="","",MIN(0.75,$U5/($U5+24000))) -> 0.06260985 | W5: =IF($S5="","",$S5/(1-$V5)*IF($N5="",1,$N5)) -> 3507.611 | X5: =IF(OR($W5="",$Q5="",$Q5=0),"",$W5/$Q5) -> 0.27456767 | Y5: =IF(OR($R5="",$T5="",$T5=0),"",$R5/($T5*IF($O5="",1,$O5))) -> 51.644632 | Z5: =IF(OR($X5="",$P5="",$P5=0),"",$X5/$P5) | AA5: =IF($J5="","待填怪物等级",IF(OR($I5="",$Q5=""),"待填对照关卡",IF($P5="","已计算",IF(AND($Y5<>"",$Y5<$X5),"生存不成立",IF($Z5<0.5,"碾压",IF($Z5<0.8,"偏简单",IF($Z5<=1.2,"适中",IF($Z5<=1.5,"偏难","过难")))))))) -> 已计算 | AB5: =IF($J5="","待填",IF(AND(ISNUMBER($J5),$J5>=1,$J5<=500,MOD($J5,1)=0),"有效","超范围")) -> 有效 | AC5: =IF(OR($J5="",ROW()=5,$B5<>$B4,$J4=""),"",IF($J5<$J4,"下降","")) | AD5: 档位解锁Lv10；修正版V4：首档送进度，9档共用Lv27→180缓升；对照节点S16｜V4同步最新玩家曲线：Lv30→Lv27，保留原TTK/生存压力目标｜曲线同步20260811：Lv27→Lv25，保持原玩法定位与TTK/生存压力
A6: 当前配置 | B6: 金币 | C6: 资源副本 | D6: 难度2 | E6: 220002 | F6: 普通怪 | G6: 20 | I6: =IF($H6="",$G6,$H6) -> 20 | J6: 26 | Q6: =IF($I6="","",IFERROR(INDEX(_玩家曲线!$H$2:$H$286,MATCH($I6,_玩家曲线!$A$2:$A$286,0)),"")) -> 18422.066 | R6: =IF($I6="","",IFERROR(INDEX(_玩家曲线!$I$2:$I$286,MATCH($I6,_玩家曲线!$A$2:$A$286,0)),"")) -> 58659.121 | S6: =IF(OR($J6="",$F6="不适用"),"",IFERROR(INDEX(_怪物模型!$D$2:$D$4501,MATCH(INT($J6)&"|"&$F6,_怪物模型!$A$2:$A$4501,0))*IF($K6="",1,$K6),"")) -> 4140 | T6: =IF(OR($J6="",$F6="不适用"),"",IFERROR(INDEX(_怪物模型!$E$2:$E$4501,MATCH(INT($J6)&"|"&$F6,_怪物模型!$A$2:$A$4501,0))*IF($L6="",1,$L6),"")) -> 1028 | U6: =IF(OR($J6="",$F6="不适用"),"",IFERROR(INDEX(_怪物模型!$F$2:$F$4501,MATCH(INT($J6)&"|"&$F6,_怪物模型!$A$2:$A$4501,0))*IF($M6="",1,$M6),"")) -> 1904 | V6: =IF($U6="","",MIN(0.75,$U6/($U6+24000))) -> 0.073502162 | W6: =IF($S6="","",$S6/(1-$V6)*IF($N6="",1,$N6)) -> 4468.44 | X6: =IF(OR($W6="",$Q6="",$Q6=0),"",$W6/$Q6) -> 0.24255912 | Y6: =IF(OR($R6="",$T6="",$T6=0),"",$R6/($T6*IF($O6="",1,$O6))) -> 57.061402 | Z6: =IF(OR($X6="",$P6="",$P6=0),"",$X6/$P6) | AA6: =IF($J6="","待填怪物等级",IF(OR($I6="",$Q6=""),"待填对照关卡",IF($P6="","已计算",IF(AND($Y6<>"",$Y6<$X6),"生存不成立",IF($Z6<0.5,"碾压",IF($Z6<0.8,"偏简单",IF($Z6<=1.2,"适中",IF($Z6<=1.5,"偏难","过难")))))))) -> 已计算 | AB6: =IF($J6="","待填",IF(AND(ISNUMBER($J6),$J6>=1,$J6<=500,MOD($J6,1)=0),"有效","超范围")) -> 有效 | AC6: =IF(OR($J6="",ROW()=5,$B6<>$B5,$J5=""),"",IF($J6<$J5,"下降","")) | AD6: 档位解锁Lv15；修正版V4：首档送进度，9档共用Lv30→180缓升；对照节点S20｜V4同步最新玩家曲线：Lv41→Lv32，保留原TTK/生存压力目标｜曲线同步20260811：Lv32→Lv29，保持原玩法定位与TTK/生存压力
A7: 当前配置 | B7: 金币 | C7: 资源副本 | D7: 难度3 | E7: 220003 | F7: 普通怪 | G7: 33 | I7: =IF($H7="",$G7,$H7) -> 33 | J7: 39 | Q7: =IF($I7="","",IFERROR(INDEX(_玩家曲线!$H$2:$H$286,MATCH($I7,_玩家曲线!$A$2:$A$286,0)),"")) -> 55490.611 | R7: =IF($I7="","",IFERROR(INDEX(_玩家曲线!$I$2:$I$286,MATCH($I7,_玩家曲线!$A$2:$A$286,0)),"")) -> 145674.72 | S7: =IF(OR($J7="",$F7="不适用"),"",IFERROR(INDEX(_怪物模型!$D$2:$D$4501,MATCH(INT($J7)&"|"&$F7,_怪物模型!$A$2:$A$4501,0))*IF($K7="",1,$K7),"")) -> 7437 | T7: =IF(OR($J7="",$F7="不适用"),"",IFERROR(INDEX(_怪物模型!$E$2:$E$4501,MATCH(INT($J7)&"|"&$F7,_怪物模型!$A$2:$A$4501,0))*IF($L7="",1,$L7),"")) -> 1707 | U7: =IF(OR($J7="",$F7="不适用"),"",IFERROR(INDEX(_怪物模型!$F$2:$F$4501,MATCH(INT($J7)&"|"&$F7,_怪物模型!$A$2:$A$4501,0))*IF($M7="",1,$M7),"")) -> 2902 | V7: =IF($U7="","",MIN(0.75,$U7/($U7+24000))) -> 0.10787302 | W7: =IF($S7="","",$S7/(1-$V7)*IF($N7="",1,$N7)) -> 8336.2573 | X7: =IF(OR($W7="",$Q7="",$Q7=0),"",$W7/$Q7) -> 0.15022825 | Y7: =IF(OR($R7="",$T7="",$T7=0),"",$R7/($T7*IF($O7="",1,$O7))) -> 85.339612 | Z7: =IF(OR($X7="",$P7="",$P7=0),"",$X7/$P7) | AA7: =IF($J7="","待填怪物等级",IF(OR($I7="",$Q7=""),"待填对照关卡",IF($P7="","已计算",IF(AND($Y7<>"",$Y7<$X7),"生存不成立",IF($Z7<0.5,"碾压",IF($Z7<0.8,"偏简单",IF($Z7<=1.2,"适中",IF($Z7<=1.5,"偏难","过难")))))))) -> 已计算 | AB7: =IF($J7="","待填",IF(AND(ISNUMBER($J7),$J7>=1,$J7<=500,MOD($J7,1)=0),"有效","超范围")) -> 有效 | AC7: =IF(OR($J7="",ROW()=5,$B7<>$B6,$J6=""),"",IF($J7<$J6,"下降","")) | AD7: 档位解锁Lv20；修正版V4：首档送进度，9档共用Lv30→180缓升；对照节点S33｜V4同步最新玩家曲线：Lv57→Lv51，保留原TTK/生存压力目标｜曲线同步20260811：Lv51→Lv44，保持原玩法定位与TTK/生存压力
A8: 当前配置 | B8: 金币 | C8: 资源副本 | D8: 难度4 | E8: 220004 | F8: 普通怪 | G8: 48 | I8: =IF($H8="",$G8,$H8) -> 48 | J8: 49 | Q8: =IF($I8="","",IFERROR(INDEX(_玩家曲线!$H$2:$H$286,MATCH($I8,_玩家曲线!$A$2:$A$286,0)),"")) -> 151226.5 | R8: =IF($I8="","",IFERROR(INDEX(_玩家曲线!$I$2:$I$286,MATCH($I8,_玩家曲线!$A$2:$A$286,0)),"")) -> 327050.13 | S8: =IF(OR($J8="",$F8="不适用"),"",IFERROR(INDEX(_怪物模型!$D$2:$D$4501,MATCH(INT($J8)&"|"&$F8,_怪物模型!$A$2:$A$4501,0))*IF($K8="",1,$K8),"")) -> 10544 | T8: =IF(OR($J8="",$F8="不适用"),"",IFERROR(INDEX(_怪物模型!$E$2:$E$4501,MATCH(INT($J8)&"|"&$F8,_怪物模型!$A$2:$A$4501,0))*IF($L8="",1,$L8),"")) -> 2313 | U8: =IF(OR($J8="",$F8="不适用"),"",IFERROR(INDEX(_怪物模型!$F$2:$F$4501,MATCH(INT($J8)&"|"&$F8,_怪物模型!$A$2:$A$4501,0))*IF($M8="",1,$M8),"")) -> 3691 | V8: =IF($U8="","",MIN(0.75,$U8/($U8+24000))) -> 0.13329241 | W8: =IF($S8="","",$S8/(1-$V8)*IF($N8="",1,$N8)) -> 12165.579 | X8: =IF(OR($W8="",$Q8="",$Q8=0),"",$W8/$Q8) -> 0.08044608 | Y8: =IF(OR($R8="",$T8="",$T8=0),"",$R8/($T8*IF($O8="",1,$O8))) -> 141.39651 | Z8: =IF(OR($X8="",$P8="",$P8=0),"",$X8/$P8) | AA8: =IF($J8="","待填怪物等级",IF(OR($I8="",$Q8=""),"待填对照关卡",IF($P8="","已计算",IF(AND($Y8<>"",$Y8<$X8),"生存不成立",IF($Z8<0.5,"碾压",IF($Z8<0.8,"偏简单",IF($Z8<=1.2,"适中",IF($Z8<=1.5,"偏难","过难")))))))) -> 已计算 | AB8: =IF($J8="","待填",IF(AND(ISNUMBER($J8),$J8>=1,$J8<=500,MOD($J8,1)=0),"有效","超范围")) -> 有效 | AC8: =IF(OR($J8="",ROW()=5,$B8<>$B7,$J7=""),"",IF($J8<$J7,"下降","")) | AD8: 档位解锁Lv25；修正版V4：首档送进度，9档共用Lv30→180缓升；对照节点S48｜V4同步最新玩家曲线：Lv74→Lv67，保留原TTK/生存压力目标｜曲线同步20260811：Lv67→Lv56，保持原玩法定位与TTK/生存压力
A9: 当前配置 | B9: 金币 | C9: 资源副本 | D9: 难度5 | E9: 220005 | F9: 普通怪 | G9: 64 | I9: =IF($H9="",$G9,$H9) -> 64 | J9: 61 | Q9: =IF($I9="","",IFERROR(INDEX(_玩家曲线!$H$2:$H$286,MATCH($I9,_玩家曲线!$A$2:$A$286,0)),"")) -> 283724.7 | R9: =IF($I9="","",IFERROR(INDEX(_玩家曲线!$I$2:$I$286,MATCH($I9,_玩家曲线!$A$2:$A$286,0)),"")) -> 538396.24 | S9: =IF(OR($J9="",$F9="不适用"),"",IFERROR(INDEX(_怪物模型!$D$2:$D$4501,MATCH(INT($J9)&"|"&$F9,_怪物模型!$A$2:$A$4501,0))*IF($K9="",1,$K9),"")) -> 14981 | T9: =IF(OR($J9="",$F9="不适用"),"",IFERROR(INDEX(_怪物模型!$E$2:$E$4501,MATCH(INT($J9)&"|"&$F9,_怪物模型!$A$2:$A$4501,0))*IF($L9="",1,$L9),"")) -> 3140 | U9: =IF(OR($J9="",$F9="不适用"),"",IFERROR(INDEX(_怪物模型!$F$2:$F$4501,MATCH(INT($J9)&"|"&$F9,_怪物模型!$A$2:$A$4501,0))*IF($M9="",1,$M9),"")) -> 4663 | V9: =IF($U9="","",MIN(0.75,$U9/($U9+24000))) -> 0.1626836 | W9: =IF($S9="","",$S9/(1-$V9)*IF($N9="",1,$N9)) -> 17891.683 | X9: =IF(OR($W9="",$Q9="",$Q9=0),"",$W9/$Q9) -> 0.063060014 | Y9: =IF(OR($R9="",$T9="",$T9=0),"",$R9/($T9*IF($O9="",1,$O9))) -> 171.46377 | Z9: =IF(OR($X9="",$P9="",$P9=0),"",$X9/$P9) | AA9: =IF($J9="","待填怪物等级",IF(OR($I9="",$Q9=""),"待填对照关卡",IF($P9="","已计算",IF(AND($Y9<>"",$Y9<$X9),"生存不成立",IF($Z9<0.5,"碾压",IF($Z9<0.8,"偏简单",IF($Z9<=1.2,"适中",IF($Z9<=1.5,"偏难","过难")))))))) -> 已计算 | AB9: =IF($J9="","待填",IF(AND(ISNUMBER($J9),$J9>=1,$J9<=500,MOD($J9,1)=0),"有效","超范围")) -> 有效 | AC9: =IF(OR($J9="",ROW()=5,$B9<>$B8,$J8=""),"",IF($J9<$J8,"下降","")) | AD9: 档位解锁Lv30；修正版V4：首档送进度，9档共用Lv30→180缓升；对照节点S64｜V4同步最新玩家曲线：Lv93→Lv85，保留原TTK/生存压力目标｜曲线同步20260811：Lv85→Lv70，保持原玩法定位与TTK/生存压力
A10: 当前配置 | B10: 金币 | C10: 资源副本 | D10: 难度6 | E10: 220006 | F10: 普通怪 | G10: 85 | I10: =IF($H10="",$G10,$H10) -> 85 | J10: 74 | Q10: =IF($I10="","",IFERROR(INDEX(_玩家曲线!$H$2:$H$286,MATCH($I10,_玩家曲线!$A$2:$A$286,0)),"")) -> 548594.41 | R10: =IF($I10="","",IFERROR(INDEX(_玩家曲线!$I$2:$I$286,MATCH($I10,_玩家曲线!$A$2:$A$286,0)),"")) -> 959754.58 | S10: =IF(OR($J10="",$F10="不适用"),"",IFERROR(INDEX(_怪物模型!$D$2:$D$4501,MATCH(INT($J10)&"|"&$F10,_怪物模型!$A$2:$A$4501,0))*IF($K10="",1,$K10),"")) -> 20750 | T10: =IF(OR($J10="",$F10="不适用"),"",IFERROR(INDEX(_怪物模型!$E$2:$E$4501,MATCH(INT($J10)&"|"&$F10,_怪物模型!$A$2:$A$4501,0))*IF($L10="",1,$L10),"")) -> 4168 | U10: =IF(OR($J10="",$F10="不适用"),"",IFERROR(INDEX(_怪物模型!$F$2:$F$4501,MATCH(INT($J10)&"|"&$F10,_怪物模型!$A$2:$A$4501,0))*IF($M10="",1,$M10),"")) -> 5745 | V10: =IF($U10="","",MIN(0.75,$U10/($U10+24000))) -> 0.1931417 | W10: =IF($S10="","",$S10/(1-$V10)*IF($N10="",1,$N10)) -> 25717.031 | X10: =IF(OR($W10="",$Q10="",$Q10=0),"",$W10/$Q10) -> 0.046878041 | Y10: =IF(OR($R10="",$T10="",$T10=0),"",$R10/($T10*IF($O10="",1,$O10))) -> 230.26741 | Z10: =IF(OR($X10="",$P10="",$P10=0),"",$X10/$P10) | AA10: =IF($J10="","待填怪物等级",IF(OR($I10="",$Q10=""),"待填对照关卡",IF($P10="","已计算",IF(AND($Y10<>"",$Y10<$X10),"生存不成立",IF($Z10<0.5,"碾压",IF($Z10<0.8,"偏简单",IF($Z10<=1.2,"适中",IF($Z10<=1.5,"偏难","过难")))))))) -> 已计算 | AB10: =IF($J10="","待填",IF(AND(ISNUMBER($J10),$J10>=1,$J10<=500,MOD($J10,1)=0),"有效","超范围")) -> 有效 | AC10: =IF(OR($J10="",ROW()=5,$B10<>$B9,$J9=""),"",IF($J10<$J9,"下降","")) | AD10: 档位解锁Lv35；修正版V4：首档送进度，9档共用Lv30→180缓升；对照节点S85｜V4同步最新玩家曲线：Lv113→Lv104，保留原TTK/生存压力目标｜曲线同步20260811：Lv104→Lv85，保持原玩法定位与TTK/生存压力
A11: 当前配置 | B11: 金币 | C11: 资源副本 | D11: 难度7 | E11: 220007 | F11: 普通怪 | G11: 108 | I11: =IF($H11="",$G11,$H11) -> 108 | J11: 90 | Q11: =IF($I11="","",IFERROR(INDEX(_玩家曲线!$H$2:$H$286,MATCH($I11,_玩家曲线!$A$2:$A$286,0)),"")) -> 901427.63 | R11: =IF($I11="","",IFERROR(INDEX(_玩家曲线!$I$2:$I$286,MATCH($I11,_玩家曲线!$A$2:$A$286,0)),"")) -> 1430961.4 | S11: =IF(OR($J11="",$F11="不适用"),"",IFERROR(INDEX(_怪物模型!$D$2:$D$4501,MATCH(INT($J11)&"|"&$F11,_怪物模型!$A$2:$A$4501,0))*IF($K11="",1,$K11),"")) -> 29406 | T11: =IF(OR($J11="",$F11="不适用"),"",IFERROR(INDEX(_怪物模型!$E$2:$E$4501,MATCH(INT($J11)&"|"&$F11,_怪物模型!$A$2:$A$4501,0))*IF($L11="",1,$L11),"")) -> 5635 | U11: =IF(OR($J11="",$F11="不适用"),"",IFERROR(INDEX(_怪物模型!$F$2:$F$4501,MATCH(INT($J11)&"|"&$F11,_怪物模型!$A$2:$A$4501,0))*IF($M11="",1,$M11),"")) -> 7120 | V11: =IF($U11="","",MIN(0.75,$U11/($U11+24000))) -> 0.22879177 | W11: =IF($S11="","",$S11/(1-$V11)*IF($N11="",1,$N11)) -> 38129.78 | X11: =IF(OR($W11="",$Q11="",$Q11=0),"",$W11/$Q11) -> 0.042299325 | Y11: =IF(OR($R11="",$T11="",$T11=0),"",$R11/($T11*IF($O11="",1,$O11))) -> 253.94168 | Z11: =IF(OR($X11="",$P11="",$P11=0),"",$X11/$P11) | AA11: =IF($J11="","待填怪物等级",IF(OR($I11="",$Q11=""),"待填对照关卡",IF($P11="","已计算",IF(AND($Y11<>"",$Y11<$X11),"生存不成立",IF($Z11<0.5,"碾压",IF($Z11<0.8,"偏简单",IF($Z11<=1.2,"适中",IF($Z11<=1.5,"偏难","过难")))))))) -> 已计算 | AB11: =IF($J11="","待填",IF(AND(ISNUMBER($J11),$J11>=1,$J11<=500,MOD($J11,1)=0),"有效","超范围")) -> 有效 | AC11: =IF(OR($J11="",ROW()=5,$B11<>$B10,$J10=""),"",IF($J11<$J10,"下降","")) | AD11: 档位解锁Lv40；修正版V4：首档送进度，9档共用Lv30→180缓升；对照节点S108｜V4同步最新玩家曲线：Lv135→Lv126，保留原TTK/生存压力目标｜曲线同步20260811：Lv126→Lv103，保持原玩法定位与TTK/生存压力
A12: 当前配置 | B12: 金币 | C12: 资源副本 | D12: 难度8 | E12: 220008 | F12: 普通怪 | G12: 124 | I12: =IF($H12="",$G12,$H12) -> 124 | J12: 107 | Q12: =IF($I12="","",IFERROR(INDEX(_玩家曲线!$H$2:$H$286,MATCH($I12,_玩家曲线!$A$2:$A$286,0)),"")) -> 1226558.8 | R12: =IF($I12="","",IFERROR(INDEX(_玩家曲线!$I$2:$I$286,MATCH($I12,_玩家曲线!$A$2:$A$286,0)),"")) -> 1789249.3 | S12: =IF(OR($J12="",$F12="不适用"),"",IFERROR(INDEX(_怪物模型!$D$2:$D$4501,MATCH(INT($J12)&"|"&$F12,_怪物模型!$A$2:$A$4501,0))*IF($K12="",1,$K12),"")) -> 40769 | T12: =IF(OR($J12="",$F12="不适用"),"",IFERROR(INDEX(_怪物模型!$E$2:$E$4501,MATCH(INT($J12)&"|"&$F12,_怪物模型!$A$2:$A$4501,0))*IF($L12="",1,$L12),"")) -> 7457 | U12: =IF(OR($J12="",$F12="不适用"),"",IFERROR(INDEX(_怪物模型!$F$2:$F$4501,MATCH(INT($J12)&"|"&$F12,_怪物模型!$A$2:$A$4501,0))*IF($M12="",1,$M12),"")) -> 8632 | V12: =IF($U12="","",MIN(0.75,$U12/($U12+24000))) -> 0.26452562 | W12: =IF($S12="","",$S12/(1-$V12)*IF($N12="",1,$N12)) -> 55432.25 | X12: =IF(OR($W12="",$Q12="",$Q12=0),"",$W12/$Q12) -> 0.045193309 | Y12: =IF(OR($R12="",$T12="",$T12=0),"",$R12/($T12*IF($O12="",1,$O12))) -> 239.94225 | Z12: =IF(OR($X12="",$P12="",$P12=0),"",$X12/$P12) | AA12: =IF($J12="","待填怪物等级",IF(OR($I12="",$Q12=""),"待填对照关卡",IF($P12="","已计算",IF(AND($Y12<>"",$Y12<$X12),"生存不成立",IF($Z12<0.5,"碾压",IF($Z12<0.8,"偏简单",IF($Z12<=1.2,"适中",IF($Z12<=1.5,"偏难","过难")))))))) -> 已计算 | AB12: =IF($J12="","待填",IF(AND(ISNUMBER($J12),$J12>=1,$J12<=500,MOD($J12,1)=0),"有效","超范围")) -> 有效 | AC12: =IF(OR($J12="",ROW()=5,$B12<>$B11,$J11=""),"",IF($J12<$J11,"下降","")) | AD12: 档位解锁Lv45；修正版V4：首档送进度，9档共用Lv30→180缓升；对照节点S124｜V4同步最新玩家曲线：Lv157→Lv148，保留原TTK/生存压力目标｜曲线同步20260811：Lv148→Lv122，保持原玩法定位与TTK/生存压力
A13: 当前配置 | B13: 金币 | C13: 资源副本 | D13: 难度9 | E13: 220009 | F13: 普通怪 | G13: 146 | I13: =IF($H13="",$G13,$H13) -> 146 | J13: 126 | Q13: =IF($I13="","",IFERROR(INDEX(_玩家曲线!$H$2:$H$286,MATCH($I13,_玩家曲线!$A$2:$A$286,0)),"")) -> 1613925.8 | R13: =IF($I13="","",IFERROR(INDEX(_玩家曲线!$I$2:$I$286,MATCH($I13,_玩家曲线!$A$2:$A$286,0)),"")) -> 2177332 | S13: =IF(OR($J13="",$F13="不适用"),"",IFERROR(INDEX(_怪物模型!$D$2:$D$4501,MATCH(INT($J13)&"|"&$F13,_怪物模型!$A$2:$A$4501,0))*IF($K13="",1,$K13),"")) -> 56543 | T13: =IF(OR($J13="",$F13="不适用"),"",IFERROR(INDEX(_怪物模型!$E$2:$E$4501,MATCH(INT($J13)&"|"&$F13,_怪物模型!$A$2:$A$4501,0))*IF($L13="",1,$L13),"")) -> 9843 | U13: =IF(OR($J13="",$F13="不适用"),"",IFERROR(INDEX(_怪物模型!$F$2:$F$4501,MATCH(INT($J13)&"|"&$F13,_怪物模型!$A$2:$A$4501,0))*IF($M13="",1,$M13),"")) -> 10386 | V13: =IF($U13="","",MIN(0.75,$U13/($U13+24000))) -> 0.30204153 | W13: =IF($S13="","",$S13/(1-$V13)*IF($N13="",1,$N13)) -> 81011.983 | X13: =IF(OR($W13="",$Q13="",$Q13=0),"",$W13/$Q13) -> 0.050195606 | Y13: =IF(OR($R13="",$T13="",$T13=0),"",$R13/($T13*IF($O13="",1,$O13))) -> 221.20613 | Z13: =IF(OR($X13="",$P13="",$P13=0),"",$X13/$P13) | AA13: =IF($J13="","待填怪物等级",IF(OR($I13="",$Q13=""),"待填对照关卡",IF($P13="","已计算",IF(AND($Y13<>"",$Y13<$X13),"生存不成立",IF($Z13<0.5,"碾压",IF($Z13<0.8,"偏简单",IF($Z13<=1.2,"适中",IF($Z13<=1.5,"偏难","过难")))))))) -> 已计算 | AB13: =IF($J13="","待填",IF(AND(ISNUMBER($J13),$J13>=1,$J13<=500,MOD($J13,1)=0),"有效","超范围")) -> 有效 | AC13: =IF(OR($J13="",ROW()=5,$B13<>$B12,$J12=""),"",IF($J13<$J12,"下降","")) | AD13: 档位解锁Lv50；修正版V4：首档送进度，9档共用Lv30→180缓升；对照节点S146｜V4同步最新玩家曲线：Lv180→Lv171，保留原TTK/生存压力目标｜曲线同步20260811：Lv171→Lv142，保持原玩法定位与TTK/生存压力

Sheet 收容经验
A1: 全玩法难度填写｜收容经验
A2: 当前页已按开启顺序和玩法定位填入首版怪物等级。黄色J列可直接覆盖；G列是本版使用的玩家曲线对照节点。
A3: 公式口径：怪物实际属性=战斗公式标准模型×可选系数；怪物EHP=实际生命÷(1-防御减伤)×整关EHP倍率；TTK=怪物EHP÷玩家DPS。
A4: 状态 | B4: 玩法 | C4: 子玩法/共用范围 | D4: 节点名称 | E4: LevelId/配置映射 | F4: 怪物类型 | G4: 默认对照关卡 | H4: 手动对照关卡 | I4: 实际对照关卡 | J4: 怪物等级 | K4: 生命系数 | L4: 攻击系数 | M4: 防御系数 | N4: 整关EHP倍率 | O4: 攻击压力倍率 | P4: 目标时间(s) | Q4: 玩家DPS | R4: 玩家队伍EHP | S4: 怪物实际生命 | T4: 怪物实际攻击 | U4: 怪物实际防御 | V4: 怪物减伤率 | W4: 整关目标EHP | X4: 预测TTK(s) | Y4: 预测存活(s) | Z4: TTK/目标 | AA4: 难度判断 | AB4: 等级检查 | AC4: 等级趋势 | AD4: 备注
A5: 当前配置 | B5: 收容经验 | C5: 资源副本 | D5: 难度1 | E5: 221001 | F5: 普通怪 | G5: 16 | I5: =IF($H5="",$G5,$H5) -> 16 | J5: 22 | Q5: =IF($I5="","",IFERROR(INDEX(_玩家曲线!$H$2:$H$286,MATCH($I5,_玩家曲线!$A$2:$A$286,0)),"")) -> 12775.033 | R5: =IF($I5="","",IFERROR(INDEX(_玩家曲线!$I$2:$I$286,MATCH($I5,_玩家曲线!$A$2:$A$286,0)),"")) -> 43484.78 | S5: =IF(OR($J5="",$F5="不适用"),"",IFERROR(INDEX(_怪物模型!$D$2:$D$4501,MATCH(INT($J5)&"|"&$F5,_怪物模型!$A$2:$A$4501,0))*IF($K5="",1,$K5),"")) -> 3288 | T5: =IF(OR($J5="",$F5="不适用"),"",IFERROR(INDEX(_怪物模型!$E$2:$E$4501,MATCH(INT($J5)&"|"&$F5,_怪物模型!$A$2:$A$4501,0))*IF($L5="",1,$L5),"")) -> 842 | U5: =IF(OR($J5="",$F5="不适用"),"",IFERROR(INDEX(_怪物模型!$F$2:$F$4501,MATCH(INT($J5)&"|"&$F5,_怪物模型!$A$2:$A$4501,0))*IF($M5="",1,$M5),"")) -> 1603 | V5: =IF($U5="","",MIN(0.75,$U5/($U5+24000))) -> 0.06260985 | W5: =IF($S5="","",$S5/(1-$V5)*IF($N5="",1,$N5)) -> 3507.611 | X5: =IF(OR($W5="",$Q5="",$Q5=0),"",$W5/$Q5) -> 0.27456767 | Y5: =IF(OR($R5="",$T5="",$T5=0),"",$R5/($T5*IF($O5="",1,$O5))) -> 51.644632 | Z5: =IF(OR($X5="",$P5="",$P5=0),"",$X5/$P5) | AA5: =IF($J5="","待填怪物等级",IF(OR($I5="",$Q5=""),"待填对照关卡",IF($P5="","已计算",IF(AND($Y5<>"",$Y5<$X5),"生存不成立",IF($Z5<0.5,"碾压",IF($Z5<0.8,"偏简单",IF($Z5<=1.2,"适中",IF($Z5<=1.5,"偏难","过难")))))))) -> 已计算 | AB5: =IF($J5="","待填",IF(AND(ISNUMBER($J5),$J5>=1,$J5<=500,MOD($J5,1)=0),"有效","超范围")) -> 有效 | AC5: =IF(OR($J5="",ROW()=5,$B5<>$B4,$J4=""),"",IF($J5<$J4,"下降","")) | AD5: 档位解锁Lv10；修正版V4：首档送进度，9档共用Lv27→180缓升；对照节点S16｜V4同步最新玩家曲线：Lv30→Lv27，保留原TTK/生存压力目标｜曲线同步20260811：Lv27→Lv25，保持原玩法定位与TTK/生存压力
A6: 当前配置 | B6: 收容经验 | C6: 资源副本 | D6: 难度2 | E6: 221002 | F6: 普通怪 | G6: 20 | I6: =IF($H6="",$G6,$H6) -> 20 | J6: 26 | Q6: =IF($I6="","",IFERROR(INDEX(_玩家曲线!$H$2:$H$286,MATCH($I6,_玩家曲线!$A$2:$A$286,0)),"")) -> 18422.066 | R6: =IF($I6="","",IFERROR(INDEX(_玩家曲线!$I$2:$I$286,MATCH($I6,_玩家曲线!$A$2:$A$286,0)),"")) -> 58659.121 | S6: =IF(OR($J6="",$F6="不适用"),"",IFERROR(INDEX(_怪物模型!$D$2:$D$4501,MATCH(INT($J6)&"|"&$F6,_怪物模型!$A$2:$A$4501,0))*IF($K6="",1,$K6),"")) -> 4140 | T6: =IF(OR($J6="",$F6="不适用"),"",IFERROR(INDEX(_怪物模型!$E$2:$E$4501,MATCH(INT($J6)&"|"&$F6,_怪物模型!$A$2:$A$4501,0))*IF($L6="",1,$L6),"")) -> 1028 | U6: =IF(OR($J6="",$F6="不适用"),"",IFERROR(INDEX(_怪物模型!$F$2:$F$4501,MATCH(INT($J6)&"|"&$F6,_怪物模型!$A$2:$A$4501,0))*IF($M6="",1,$M6),"")) -> 1904 | V6: =IF($U6="","",MIN(0.75,$U6/($U6+24000))) -> 0.073502162 | W6: =IF($S6="","",$S6/(1-$V6)*IF($N6="",1,$N6)) -> 4468.44 | X6: =IF(OR($W6="",$Q6="",$Q6=0),"",$W6/$Q6) -> 0.24255912 | Y6: =IF(OR($R6="",$T6="",$T6=0),"",$R6/($T6*IF($O6="",1,$O6))) -> 57.061402 | Z6: =IF(OR($X6="",$P6="",$P6=0),"",$X6/$P6) | AA6: =IF($J6="","待填怪物等级",IF(OR($I6="",$Q6=""),"待填对照关卡",IF($P6="","已计算",IF(AND($Y6<>"",$Y6<$X6),"生存不成立",IF($Z6<0.5,"碾压",IF($Z6<0.8,"偏简单",IF($Z6<=1.2,"适中",IF($Z6<=1.5,"偏难","过难")))))))) -> 已计算 | AB6: =IF($J6="","待填",IF(AND(ISNUMBER($J6),$J6>=1,$J6<=500,MOD($J6,1)=0),"有效","超范围")) -> 有效 | AC6: =IF(OR($J6="",ROW()=5,$B6<>$B5,$J5=""),"",IF($J6<$J5,"下降","")) | AD6: 档位解锁Lv15；修正版V4：首档送进度，9档共用Lv30→180缓升；对照节点S20｜V4同步最新玩家曲线：Lv41→Lv32，保留原TTK/生存压力目标｜曲线同步20260811：Lv32→Lv29，保持原玩法定位与TTK/生存压力
A7: 当前配置 | B7: 收容经验 | C7: 资源副本 | D7: 难度3 | E7: 221003 | F7: 普通怪 | G7: 33 | I7: =IF($H7="",$G7,$H7) -> 33 | J7: 39 | Q7: =IF($I7="","",IFERROR(INDEX(_玩家曲线!$H$2:$H$286,MATCH($I7,_玩家曲线!$A$2:$A$286,0)),"")) -> 55490.611 | R7: =IF($I7="","",IFERROR(INDEX(_玩家曲线!$I$2:$I$286,MATCH($I7,_玩家曲线!$A$2:$A$286,0)),"")) -> 145674.72 | S7: =IF(OR($J7="",$F7="不适用"),"",IFERROR(INDEX(_怪物模型!$D$2:$D$4501,MATCH(INT($J7)&"|"&$F7,_怪物模型!$A$2:$A$4501,0))*IF($K7="",1,$K7),"")) -> 7437 | T7: =IF(OR($J7="",$F7="不适用"),"",IFERROR(INDEX(_怪物模型!$E$2:$E$4501,MATCH(INT($J7)&"|"&$F7,_怪物模型!$A$2:$A$4501,0))*IF($L7="",1,$L7),"")) -> 1707 | U7: =IF(OR($J7="",$F7="不适用"),"",IFERROR(INDEX(_怪物模型!$F$2:$F$4501,MATCH(INT($J7)&"|"&$F7,_怪物模型!$A$2:$A$4501,0))*IF($M7="",1,$M7),"")) -> 2902 | V7: =IF($U7="","",MIN(0.75,$U7/($U7+24000))) -> 0.10787302 | W7: =IF($S7="","",$S7/(1-$V7)*IF($N7="",1,$N7)) -> 8336.2573 | X7: =IF(OR($W7="",$Q7="",$Q7=0),"",$W7/$Q7) -> 0.15022825 | Y7: =IF(OR($R7="",$T7="",$T7=0),"",$R7/($T7*IF($O7="",1,$O7))) -> 85.339612 | Z7: =IF(OR($X7="",$P7="",$P7=0),"",$X7/$P7) | AA7: =IF($J7="","待填怪物等级",IF(OR($I7="",$Q7=""),"待填对照关卡",IF($P7="","已计算",IF(AND($Y7<>"",$Y7<$X7),"生存不成立",IF($Z7<0.5,"碾压",IF($Z7<0.8,"偏简单",IF($Z7<=1.2,"适中",IF($Z7<=1.5,"偏难","过难")))))))) -> 已计算 | AB7: =IF($J7="","待填",IF(AND(ISNUMBER($J7),$J7>=1,$J7<=500,MOD($J7,1)=0),"有效","超范围")) -> 有效 | AC7: =IF(OR($J7="",ROW()=5,$B7<>$B6,$J6=""),"",IF($J7<$J6,"下降","")) | AD7: 档位解锁Lv20；修正版V4：首档送进度，9档共用Lv30→180缓升；对照节点S33｜V4同步最新玩家曲线：Lv57→Lv51，保留原TTK/生存压力目标｜曲线同步20260811：Lv51→Lv44，保持原玩法定位与TTK/生存压力
A8: 当前配置 | B8: 收容经验 | C8: 资源副本 | D8: 难度4 | E8: 221004 | F8: 普通怪 | G8: 48 | I8: =IF($H8="",$G8,$H8) -> 48 | J8: 49 | Q8: =IF($I8="","",IFERROR(INDEX(_玩家曲线!$H$2:$H$286,MATCH($I8,_玩家曲线!$A$2:$A$286,0)),"")) -> 151226.5 | R8: =IF($I8="","",IFERROR(INDEX(_玩家曲线!$I$2:$I$286,MATCH($I8,_玩家曲线!$A$2:$A$286,0)),"")) -> 327050.13 | S8: =IF(OR($J8="",$F8="不适用"),"",IFERROR(INDEX(_怪物模型!$D$2:$D$4501,MATCH(INT($J8)&"|"&$F8,_怪物模型!$A$2:$A$4501,0))*IF($K8="",1,$K8),"")) -> 10544 | T8: =IF(OR($J8="",$F8="不适用"),"",IFERROR(INDEX(_怪物模型!$E$2:$E$4501,MATCH(INT($J8)&"|"&$F8,_怪物模型!$A$2:$A$4501,0))*IF($L8="",1,$L8),"")) -> 2313 | U8: =IF(OR($J8="",$F8="不适用"),"",IFERROR(INDEX(_怪物模型!$F$2:$F$4501,MATCH(INT($J8)&"|"&$F8,_怪物模型!$A$2:$A$4501,0))*IF($M8="",1,$M8),"")) -> 3691 | V8: =IF($U8="","",MIN(0.75,$U8/($U8+24000))) -> 0.13329241 | W8: =IF($S8="","",$S8/(1-$V8)*IF($N8="",1,$N8)) -> 12165.579 | X8: =IF(OR($W8="",$Q8="",$Q8=0),"",$W8/$Q8) -> 0.08044608 | Y8: =IF(OR($R8="",$T8="",$T8=0),"",$R8/($T8*IF($O8="",1,$O8))) -> 141.39651 | Z8: =IF(OR($X8="",$P8="",$P8=0),"",$X8/$P8) | AA8: =IF($J8="","待填怪物等级",IF(OR($I8="",$Q8=""),"待填对照关卡",IF($P8="","已计算",IF(AND($Y8<>"",$Y8<$X8),"生存不成立",IF($Z8<0.5,"碾压",IF($Z8<0.8,"偏简单",IF($Z8<=1.2,"适中",IF($Z8<=1.5,"偏难","过难")))))))) -> 已计算 | AB8: =IF($J8="","待填",IF(AND(ISNUMBER($J8),$J8>=1,$J8<=500,MOD($J8,1)=0),"有效","超范围")) -> 有效 | AC8: =IF(OR($J8="",ROW()=5,$B8<>$B7,$J7=""),"",IF($J8<$J7,"下降","")) | AD8: 档位解锁Lv25；修正版V4：首档送进度，9档共用Lv30→180缓升；对照节点S48｜V4同步最新玩家曲线：Lv74→Lv67，保留原TTK/生存压力目标｜曲线同步20260811：Lv67→Lv56，保持原玩法定位与TTK/生存压力
A9: 当前配置 | B9: 收容经验 | C9: 资源副本 | D9: 难度5 | E9: 221005 | F9: 普通怪 | G9: 64 | I9: =IF($H9="",$G9,$H9) -> 64 | J9: 61 | Q9: =IF($I9="","",IFERROR(INDEX(_玩家曲线!$H$2:$H$286,MATCH($I9,_玩家曲线!$A$2:$A$286,0)),"")) -> 283724.7 | R9: =IF($I9="","",IFERROR(INDEX(_玩家曲线!$I$2:$I$286,MATCH($I9,_玩家曲线!$A$2:$A$286,0)),"")) -> 538396.24 | S9: =IF(OR($J9="",$F9="不适用"),"",IFERROR(INDEX(_怪物模型!$D$2:$D$4501,MATCH(INT($J9)&"|"&$F9,_怪物模型!$A$2:$A$4501,0))*IF($K9="",1,$K9),"")) -> 14981 | T9: =IF(OR($J9="",$F9="不适用"),"",IFERROR(INDEX(_怪物模型!$E$2:$E$4501,MATCH(INT($J9)&"|"&$F9,_怪物模型!$A$2:$A$4501,0))*IF($L9="",1,$L9),"")) -> 3140 | U9: =IF(OR($J9="",$F9="不适用"),"",IFERROR(INDEX(_怪物模型!$F$2:$F$4501,MATCH(INT($J9)&"|"&$F9,_怪物模型!$A$2:$A$4501,0))*IF($M9="",1,$M9),"")) -> 4663 | V9: =IF($U9="","",MIN(0.75,$U9/($U9+24000))) -> 0.1626836 | W9: =IF($S9="","",$S9/(1-$V9)*IF($N9="",1,$N9)) -> 17891.683 | X9: =IF(OR($W9="",$Q9="",$Q9=0),"",$W9/$Q9) -> 0.063060014 | Y9: =IF(OR($R9="",$T9="",$T9=0),"",$R9/($T9*IF($O9="",1,$O9))) -> 171.46377 | Z9: =IF(OR($X9="",$P9="",$P9=0),"",$X9/$P9) | AA9: =IF($J9="","待填怪物等级",IF(OR($I9="",$Q9=""),"待填对照关卡",IF($P9="","已计算",IF(AND($Y9<>"",$Y9<$X9),"生存不成立",IF($Z9<0.5,"碾压",IF($Z9<0.8,"偏简单",IF($Z9<=1.2,"适中",IF($Z9<=1.5,"偏难","过难")))))))) -> 已计算 | AB9: =IF($J9="","待填",IF(AND(ISNUMBER($J9),$J9>=1,$J9<=500,MOD($J9,1)=0),"有效","超范围")) -> 有效 | AC9: =IF(OR($J9="",ROW()=5,$B9<>$B8,$J8=""),"",IF($J9<$J8,"下降","")) | AD9: 档位解锁Lv30；修正版V4：首档送进度，9档共用Lv30→180缓升；对照节点S64｜V4同步最新玩家曲线：Lv93→Lv85，保留原TTK/生存压力目标｜曲线同步20260811：Lv85→Lv70，保持原玩法定位与TTK/生存压力
A10: 当前配置 | B10: 收容经验 | C10: 资源副本 | D10: 难度6 | E10: 221006 | F10: 普通怪 | G10: 85 | I10: =IF($H10="",$G10,$H10) -> 85 | J10: 74 | Q10: =IF($I10="","",IFERROR(INDEX(_玩家曲线!$H$2:$H$286,MATCH($I10,_玩家曲线!$A$2:$A$286,0)),"")) -> 548594.41 | R10: =IF($I10="","",IFERROR(INDEX(_玩家曲线!$I$2:$I$286,MATCH($I10,_玩家曲线!$A$2:$A$286,0)),"")) -> 959754.58 | S10: =IF(OR($J10="",$F10="不适用"),"",IFERROR(INDEX(_怪物模型!$D$2:$D$4501,MATCH(INT($J10)&"|"&$F10,_怪物模型!$A$2:$A$4501,0))*IF($K10="",1,$K10),"")) -> 20750 | T10: =IF(OR($J10="",$F10="不适用"),"",IFERROR(INDEX(_怪物模型!$E$2:$E$4501,MATCH(INT($J10)&"|"&$F10,_怪物模型!$A$2:$A$4501,0))*IF($L10="",1,$L10),"")) -> 4168 | U10: =IF(OR($J10="",$F10="不适用"),"",IFERROR(INDEX(_怪物模型!$F$2:$F$4501,MATCH(INT($J10)&"|"&$F10,_怪物模型!$A$2:$A$4501,0))*IF($M10="",1,$M10),"")) -> 5745 | V10: =IF($U10="","",MIN(0.75,$U10/($U10+24000))) -> 0.1931417 | W10: =IF($S10="","",$S10/(1-$V10)*IF($N10="",1,$N10)) -> 25717.031 | X10: =IF(OR($W10="",$Q10="",$Q10=0),"",$W10/$Q10) -> 0.046878041 | Y10: =IF(OR($R10="",$T10="",$T10=0),"",$R10/($T10*IF($O10="",1,$O10))) -> 230.26741 | Z10: =IF(OR($X10="",$P10="",$P10=0),"",$X10/$P10) | AA10: =IF($J10="","待填怪物等级",IF(OR($I10="",$Q10=""),"待填对照关卡",IF($P10="","已计算",IF(AND($Y10<>"",$Y10<$X10),"生存不成立",IF($Z10<0.5,"碾压",IF($Z10<0.8,"偏简单",IF($Z10<=1.2,"适中",IF($Z10<=1.5,"偏难","过难")))))))) -> 已计算 | AB10: =IF($J10="","待填",IF(AND(ISNUMBER($J10),$J10>=1,$J10<=500,MOD($J10,1)=0),"有效","超范围")) -> 有效 | AC10: =IF(OR($J10="",ROW()=5,$B10<>$B9,$J9=""),"",IF($J10<$J9,"下降","")) | AD10: 档位解锁Lv35；修正版V4：首档送进度，9档共用Lv30→180缓升；对照节点S85｜V4同步最新玩家曲线：Lv113→Lv104，保留原TTK/生存压力目标｜曲线同步20260811：Lv104→Lv85，保持原玩法定位与TTK/生存压力
A11: 当前配置 | B11: 收容经验 | C11: 资源副本 | D11: 难度7 | E11: 221007 | F11: 普通怪 | G11: 108 | I11: =IF($H11="",$G11,$H11) -> 108 | J11: 90 | Q11: =IF($I11="","",IFERROR(INDEX(_玩家曲线!$H$2:$H$286,MATCH($I11,_玩家曲线!$A$2:$A$286,0)),"")) -> 901427.63 | R11: =IF($I11="","",IFERROR(INDEX(_玩家曲线!$I$2:$I$286,MATCH($I11,_玩家曲线!$A$2:$A$286,0)),"")) -> 1430961.4 | S11: =IF(OR($J11="",$F11="不适用"),"",IFERROR(INDEX(_怪物模型!$D$2:$D$4501,MATCH(INT($J11)&"|"&$F11,_怪物模型!$A$2:$A$4501,0))*IF($K11="",1,$K11),"")) -> 29406 | T11: =IF(OR($J11="",$F11="不适用"),"",IFERROR(INDEX(_怪物模型!$E$2:$E$4501,MATCH(INT($J11)&"|"&$F11,_怪物模型!$A$2:$A$4501,0))*IF($L11="",1,$L11),"")) -> 5635 | U11: =IF(OR($J11="",$F11="不适用"),"",IFERROR(INDEX(_怪物模型!$F$2:$F$4501,MATCH(INT($J11)&"|"&$F11,_怪物模型!$A$2:$A$4501,0))*IF($M11="",1,$M11),"")) -> 7120 | V11: =IF($U11="","",MIN(0.75,$U11/($U11+24000))) -> 0.22879177 | W11: =IF($S11="","",$S11/(1-$V11)*IF($N11="",1,$N11)) -> 38129.78 | X11: =IF(OR($W11="",$Q11="",$Q11=0),"",$W11/$Q11) -> 0.042299325 | Y11: =IF(OR($R11="",$T11="",$T11=0),"",$R11/($T11*IF($O11="",1,$O11))) -> 253.94168 | Z11: =IF(OR($X11="",$P11="",$P11=0),"",$X11/$P11) | AA11: =IF($J11="","待填怪物等级",IF(OR($I11="",$Q11=""),"待填对照关卡",IF($P11="","已计算",IF(AND($Y11<>"",$Y11<$X11),"生存不成立",IF($Z11<0.5,"碾压",IF($Z11<0.8,"偏简单",IF($Z11<=1.2,"适中",IF($Z11<=1.5,"偏难","过难")))))))) -> 已计算 | AB11: =IF($J11="","待填",IF(AND(ISNUMBER($J11),$J11>=1,$J11<=500,MOD($J11,1)=0),"有效","超范围")) -> 有效 | AC11: =IF(OR($J11="",ROW()=5,$B11<>$B10,$J10=""),"",IF($J11<$J10,"下降","")) | AD11: 档位解锁Lv40；修正版V4：首档送进度，9档共用Lv30→180缓升；对照节点S108｜V4同步最新玩家曲线：Lv135→Lv126，保留原TTK/生存压力目标｜曲线同步20260811：Lv126→Lv103，保持原玩法定位与TTK/生存压力
A12: 当前配置 | B12: 收容经验 | C12: 资源副本 | D12: 难度8 | E12: 221008 | F12: 普通怪 | G12: 124 | I12: =IF($H12="",$G12,$H12) -> 124 | J12: 107 | Q12: =IF($I12="","",IFERROR(INDEX(_玩家曲线!$H$2:$H$286,MATCH($I12,_玩家曲线!$A$2:$A$286,0)),"")) -> 1226558.8 | R12: =IF($I12="","",IFERROR(INDEX(_玩家曲线!$I$2:$I$286,MATCH($I12,_玩家曲线!$A$2:$A$286,0)),"")) -> 1789249.3 | S12: =IF(OR($J12="",$F12="不适用"),"",IFERROR(INDEX(_怪物模型!$D$2:$D$4501,MATCH(INT($J12)&"|"&$F12,_怪物模型!$A$2:$A$4501,0))*IF($K12="",1,$K12),"")) -> 40769 | T12: =IF(OR($J12="",$F12="不适用"),"",IFERROR(INDEX(_怪物模型!$E$2:$E$4501,MATCH(INT($J12)&"|"&$F12,_怪物模型!$A$2:$A$4501,0))*IF($L12="",1,$L12),"")) -> 7457 | U12: =IF(OR($J12="",$F12="不适用"),"",IFERROR(INDEX(_怪物模型!$F$2:$F$4501,MATCH(INT($J12)&"|"&$F12,_怪物模型!$A$2:$A$4501,0))*IF($M12="",1,$M12),"")) -> 8632 | V12: =IF($U12="","",MIN(0.75,$U12/($U12+24000))) -> 0.26452562 | W12: =IF($S12="","",$S12/(1-$V12)*IF($N12="",1,$N12)) -> 55432.25 | X12: =IF(OR($W12="",$Q12="",$Q12=0),"",$W12/$Q12) -> 0.045193309 | Y12: =IF(OR($R12="",$T12="",$T12=0),"",$R12/($T12*IF($O12="",1,$O12))) -> 239.94225 | Z12: =IF(OR($X12="",$P12="",$P12=0),"",$X12/$P12) | AA12: =IF($J12="","待填怪物等级",IF(OR($I12="",$Q12=""),"待填对照关卡",IF($P12="","已计算",IF(AND($Y12<>"",$Y12<$X12),"生存不成立",IF($Z12<0.5,"碾压",IF($Z12<0.8,"偏简单",IF($Z12<=1.2,"适中",IF($Z12<=1.5,"偏难","过难")))))))) -> 已计算 | AB12: =IF($J12="","待填",IF(AND(ISNUMBER($J12),$J12>=1,$J12<=500,MOD($J12,1)=0),"有效","超范围")) -> 有效 | AC12: =IF(OR($J12="",ROW()=5,$B12<>$B11,$J11=""),"",IF($J12<$J11,"下降","")) | AD12: 档位解锁Lv45；修正版V4：首档送进度，9档共用Lv30→180缓升；对照节点S124｜V4同步最新玩家曲线：Lv157→Lv148，保留原TTK/生存压力目标｜曲线同步20260811：Lv148→Lv122，保持原玩法定位与TTK/生存压力
A13: 当前配置 | B13: 收容经验 | C13: 资源副本 | D13: 难度9 | E13: 221009 | F13: 普通怪 | G13: 146 | I13: =IF($H13="",$G13,$H13) -> 146 | J13: 126 | Q13: =IF($I13="","",IFERROR(INDEX(_玩家曲线!$H$2:$H$286,MATCH($I13,_玩家曲线!$A$2:$A$286,0)),"")) -> 1613925.8 | R13: =IF($I13="","",IFERROR(INDEX(_玩家曲线!$I$2:$I$286,MATCH($I13,_玩家曲线!$A$2:$A$286,0)),"")) -> 2177332 | S13: =IF(OR($J13="",$F13="不适用"),"",IFERROR(INDEX(_怪物模型!$D$2:$D$4501,MATCH(INT($J13)&"|"&$F13,_怪物模型!$A$2:$A$4501,0))*IF($K13="",1,$K13),"")) -> 56543 | T13: =IF(OR($J13="",$F13="不适用"),"",IFERROR(INDEX(_怪物模型!$E$2:$E$4501,MATCH(INT($J13)&"|"&$F13,_怪物模型!$A$2:$A$4501,0))*IF($L13="",1,$L13),"")) -> 9843 | U13: =IF(OR($J13="",$F13="不适用"),"",IFERROR(INDEX(_怪物模型!$F$2:$F$4501,MATCH(INT($J13)&"|"&$F13,_怪物模型!$A$2:$A$4501,0))*IF($M13="",1,$M13),"")) -> 10386 | V13: =IF($U13="","",MIN(0.75,$U13/($U13+24000))) -> 0.30204153 | W13: =IF($S13="","",$S13/(1-$V13)*IF($N13="",1,$N13)) -> 81011.983 | X13: =IF(OR($W13="",$Q13="",$Q13=0),"",$W13/$Q13) -> 0.050195606 | Y13: =IF(OR($R13="",$T13="",$T13=0),"",$R13/($T13*IF($O13="",1,$O13))) -> 221.20613 | Z13: =IF(OR($X13="",$P13="",$P13=0),"",$X13/$P13) | AA13: =IF($J13="","待填怪物等级",IF(OR($I13="",$Q13=""),"待填对照关卡",IF($P13="","已计算",IF(AND($Y13<>"",$Y13<$X13),"生存不成立",IF($Z13<0.5,"碾压",IF($Z13<0.8,"偏简单",IF($Z13<=1.2,"适中",IF($Z13<=1.5,"偏难","过难")))))))) -> 已计算 | AB13: =IF($J13="","待填",IF(AND(ISNUMBER($J13),$J13>=1,$J13<=500,MOD($J13,1)=0),"有效","超范围")) -> 有效 | AC13: =IF(OR($J13="",ROW()=5,$B13<>$B12,$J12=""),"",IF($J13<$J12,"下降","")) | AD13: 档位解锁Lv50；修正版V4：首档送进度，9档共用Lv30→180缓升；对照节点S146｜V4同步最新玩家曲线：Lv180→Lv171，保留原TTK/生存压力目标｜曲线同步20260811：Lv171→Lv142，保持原玩法定位与TTK/生存压力

Sheet 旅券
A1: 全玩法难度填写｜旅券
A2: 当前页已按开启顺序和玩法定位填入首版怪物等级。黄色J列可直接覆盖；G列是本版使用的玩家曲线对照节点。
A3: 公式口径：怪物实际属性=战斗公式标准模型×可选系数；怪物EHP=实际生命÷(1-防御减伤)×整关EHP倍率；TTK=怪物EHP÷玩家DPS。
A4: 状态 | B4: 玩法 | C4: 子玩法/共用范围 | D4: 节点名称 | E4: LevelId/配置映射 | F4: 怪物类型 | G4: 默认对照关卡 | H4: 手动对照关卡 | I4: 实际对照关卡 | J4: 怪物等级 | K4: 生命系数 | L4: 攻击系数 | M4: 防御系数 | N4: 整关EHP倍率 | O4: 攻击压力倍率 | P4: 目标时间(s) | Q4: 玩家DPS | R4: 玩家队伍EHP | S4: 怪物实际生命 | T4: 怪物实际攻击 | U4: 怪物实际防御 | V4: 怪物减伤率 | W4: 整关目标EHP | X4: 预测TTK(s) | Y4: 预测存活(s) | Z4: TTK/目标 | AA4: 难度判断 | AB4: 等级检查 | AC4: 等级趋势 | AD4: 备注
A5: 当前配置 | B5: 旅券 | C5: 4主题共用 | D5: 难度1 | E5: 241001;242001;243001;244001 | F5: Boss | G5: 100 | I5: =IF($H5="",$G5,$H5) -> 100 | J5: 129 | Q5: =IF($I5="","",IFERROR(INDEX(_玩家曲线!$H$2:$H$286,MATCH($I5,_玩家曲线!$A$2:$A$286,0)),"")) -> 733410.77 | R5: =IF($I5="","",IFERROR(INDEX(_玩家曲线!$I$2:$I$286,MATCH($I5,_玩家曲线!$A$2:$A$286,0)),"")) -> 1229387.8 | S5: =IF(OR($J5="",$F5="不适用"),"",IFERROR(INDEX(_怪物模型!$D$2:$D$4501,MATCH(INT($J5)&"|"&$F5,_怪物模型!$A$2:$A$4501,0))*IF($K5="",1,$K5),"")) -> 5717583 | T5: =IF(OR($J5="",$F5="不适用"),"",IFERROR(INDEX(_怪物模型!$E$2:$E$4501,MATCH(INT($J5)&"|"&$F5,_怪物模型!$A$2:$A$4501,0))*IF($L5="",1,$L5),"")) -> 10255 | U5: =IF(OR($J5="",$F5="不适用"),"",IFERROR(INDEX(_怪物模型!$F$2:$F$4501,MATCH(INT($J5)&"|"&$F5,_怪物模型!$A$2:$A$4501,0))*IF($M5="",1,$M5),"")) -> 10669 | V5: =IF($U5="","",MIN(0.75,$U5/($U5+24000))) -> 0.3077389 | W5: =IF($S5="","",$S5/(1-$V5)*IF($N5="",1,$N5)) -> 8259286.9 | X5: =IF(OR($W5="",$Q5="",$Q5=0),"",$W5/$Q5) -> 11.261475 | Y5: =IF(OR($R5="",$T5="",$T5=0),"",$R5/($T5*IF($O5="",1,$O5))) -> 119.8818 | Z5: =IF(OR($X5="",$P5="",$P5=0),"",$X5/$P5) | AA5: =IF($J5="","待填怪物等级",IF(OR($I5="",$Q5=""),"待填对照关卡",IF($P5="","已计算",IF(AND($Y5<>"",$Y5<$X5),"生存不成立",IF($Z5<0.5,"碾压",IF($Z5<0.8,"偏简单",IF($Z5<=1.2,"适中",IF($Z5<=1.5,"偏难","过难")))))))) -> 已计算 | AB5: =IF($J5="","待填",IF(AND(ISNUMBER($J5),$J5>=1,$J5<=500,MOD($J5,1)=0),"有效","超范围")) -> 有效 | AC5: =IF(OR($J5="",ROW()=5,$B5<>$B4,$J4=""),"",IF($J5<$J4,"下降","")) | AD5: 旅券系统Lv38开放；4个主题共用难度档｜修正版V4：首档Lv169送进度，前三档缓升，难度4后逐步接回长期曲线；对照S100｜V4同步最新玩家曲线：Lv180→Lv169，保留原TTK/生存压力目标｜曲线同步20260811：Lv169→Lv143，保持原玩法定位与TTK/生存压力
A6: 当前配置 | B6: 旅券 | C6: 4主题共用 | D6: 难度2 | E6: 241002;242002;243002;244002 | F6: Boss | G6: 112 | I6: =IF($H6="",$G6,$H6) -> 112 | J6: 166 | Q6: =IF($I6="","",IFERROR(INDEX(_玩家曲线!$H$2:$H$286,MATCH($I6,_玩家曲线!$A$2:$A$286,0)),"")) -> 984826.55 | R6: =IF($I6="","",IFERROR(INDEX(_玩家曲线!$I$2:$I$286,MATCH($I6,_玩家曲线!$A$2:$A$286,0)),"")) -> 1526425 | S6: =IF(OR($J6="",$F6="不适用"),"",IFERROR(INDEX(_怪物模型!$D$2:$D$4501,MATCH(INT($J6)&"|"&$F6,_怪物模型!$A$2:$A$4501,0))*IF($K6="",1,$K6),"")) -> 10459458 | T6: =IF(OR($J6="",$F6="不适用"),"",IFERROR(INDEX(_怪物模型!$E$2:$E$4501,MATCH(INT($J6)&"|"&$F6,_怪物模型!$A$2:$A$4501,0))*IF($L6="",1,$L6),"")) -> 16225 | U6: =IF(OR($J6="",$F6="不适用"),"",IFERROR(INDEX(_怪物模型!$F$2:$F$4501,MATCH(INT($J6)&"|"&$F6,_怪物模型!$A$2:$A$4501,0))*IF($M6="",1,$M6),"")) -> 14295 | V6: =IF($U6="","",MIN(0.75,$U6/($U6+24000))) -> 0.37328633 | W6: =IF($S6="","",$S6/(1-$V6)*IF($N6="",1,$N6)) -> 16689373 | X6: =IF(OR($W6="",$Q6="",$Q6=0),"",$W6/$Q6) -> 16.94651 | Y6: =IF(OR($R6="",$T6="",$T6=0),"",$R6/($T6*IF($O6="",1,$O6))) -> 94.07858 | Z6: =IF(OR($X6="",$P6="",$P6=0),"",$X6/$P6) | AA6: =IF($J6="","待填怪物等级",IF(OR($I6="",$Q6=""),"待填对照关卡",IF($P6="","已计算",IF(AND($Y6<>"",$Y6<$X6),"生存不成立",IF($Z6<0.5,"碾压",IF($Z6<0.8,"偏简单",IF($Z6<=1.2,"适中",IF($Z6<=1.5,"偏难","过难")))))))) -> 已计算 | AB6: =IF($J6="","待填",IF(AND(ISNUMBER($J6),$J6>=1,$J6<=500,MOD($J6,1)=0),"有效","超范围")) -> 有效 | AC6: =IF(OR($J6="",ROW()=5,$B6<>$B5,$J5=""),"",IF($J6<$J5,"下降","")) | AD6: 旅券系统Lv38开放；4个主题共用难度档｜修正版V4：首档Lv180送进度，前三档缓升，难度4后逐步接回长期曲线；对照S112｜V4同步最新玩家曲线：Lv225→Lv213，保留原TTK/生存压力目标｜曲线同步20260811：Lv213→Lv183，保持原玩法定位与TTK/生存压力
A7: 当前配置 | B7: 旅券 | C7: 4主题共用 | D7: 难度3 | E7: 241003;242003;243003;244003 | F7: Boss | G7: 126 | I7: =IF($H7="",$G7,$H7) -> 126 | J7: 204 | Q7: =IF($I7="","",IFERROR(INDEX(_玩家曲线!$H$2:$H$286,MATCH($I7,_玩家曲线!$A$2:$A$286,0)),"")) -> 1265105.3 | R7: =IF($I7="","",IFERROR(INDEX(_玩家曲线!$I$2:$I$286,MATCH($I7,_玩家曲线!$A$2:$A$286,0)),"")) -> 1829509.1 | S7: =IF(OR($J7="",$F7="不适用"),"",IFERROR(INDEX(_怪物模型!$D$2:$D$4501,MATCH(INT($J7)&"|"&$F7,_怪物模型!$A$2:$A$4501,0))*IF($K7="",1,$K7),"")) -> 17750593 | T7: =IF(OR($J7="",$F7="不适用"),"",IFERROR(INDEX(_怪物模型!$E$2:$E$4501,MATCH(INT($J7)&"|"&$F7,_怪物模型!$A$2:$A$4501,0))*IF($L7="",1,$L7),"")) -> 24268 | U7: =IF(OR($J7="",$F7="不适用"),"",IFERROR(INDEX(_怪物模型!$F$2:$F$4501,MATCH(INT($J7)&"|"&$F7,_怪物模型!$A$2:$A$4501,0))*IF($M7="",1,$M7),"")) -> 18281 | V7: =IF($U7="","",MIN(0.75,$U7/($U7+24000))) -> 0.43236915 | W7: =IF($S7="","",$S7/(1-$V7)*IF($N7="",1,$N7)) -> 31271368 | X7: =IF(OR($W7="",$Q7="",$Q7=0),"",$W7/$Q7) -> 24.718391 | Y7: =IF(OR($R7="",$T7="",$T7=0),"",$R7/($T7*IF($O7="",1,$O7))) -> 75.387716 | Z7: =IF(OR($X7="",$P7="",$P7=0),"",$X7/$P7) | AA7: =IF($J7="","待填怪物等级",IF(OR($I7="",$Q7=""),"待填对照关卡",IF($P7="","已计算",IF(AND($Y7<>"",$Y7<$X7),"生存不成立",IF($Z7<0.5,"碾压",IF($Z7<0.8,"偏简单",IF($Z7<=1.2,"适中",IF($Z7<=1.5,"偏难","过难")))))))) -> 已计算 | AB7: =IF($J7="","待填",IF(AND(ISNUMBER($J7),$J7>=1,$J7<=500,MOD($J7,1)=0),"有效","超范围")) -> 有效 | AC7: =IF(OR($J7="",ROW()=5,$B7<>$B6,$J6=""),"",IF($J7<$J6,"下降","")) | AD7: 旅券系统Lv38开放；4个主题共用难度档｜修正版V4：首档Lv180送进度，前三档缓升，难度4后逐步接回长期曲线；对照S126｜V4同步最新玩家曲线：Lv270→Lv258，保留原TTK/生存压力目标｜曲线同步20260811：Lv258→Lv223，保持原玩法定位与TTK/生存压力
A8: 当前配置 | B8: 旅券 | C8: 4主题共用 | D8: 难度4 | E8: 241004;242004;243004;244004 | F8: Boss | G8: 142 | I8: =IF($H8="",$G8,$H8) -> 142 | J8: 230 | Q8: =IF($I8="","",IFERROR(INDEX(_玩家曲线!$H$2:$H$286,MATCH($I8,_玩家曲线!$A$2:$A$286,0)),"")) -> 1549901.7 | R8: =IF($I8="","",IFERROR(INDEX(_玩家曲线!$I$2:$I$286,MATCH($I8,_玩家曲线!$A$2:$A$286,0)),"")) -> 2115486.5 | S8: =IF(OR($J8="",$F8="不适用"),"",IFERROR(INDEX(_怪物模型!$D$2:$D$4501,MATCH(INT($J8)&"|"&$F8,_怪物模型!$A$2:$A$4501,0))*IF($K8="",1,$K8),"")) -> 24542984 | T8: =IF(OR($J8="",$F8="不适用"),"",IFERROR(INDEX(_怪物模型!$E$2:$E$4501,MATCH(INT($J8)&"|"&$F8,_怪物模型!$A$2:$A$4501,0))*IF($L8="",1,$L8),"")) -> 31061 | U8: =IF(OR($J8="",$F8="不适用"),"",IFERROR(INDEX(_怪物模型!$F$2:$F$4501,MATCH(INT($J8)&"|"&$F8,_怪物模型!$A$2:$A$4501,0))*IF($M8="",1,$M8),"")) -> 21162 | V8: =IF($U8="","",MIN(0.75,$U8/($U8+24000))) -> 0.46857978 | W8: =IF($S8="","",$S8/(1-$V8)*IF($N8="",1,$N8)) -> 46183760 | X8: =IF(OR($W8="",$Q8="",$Q8=0),"",$W8/$Q8) -> 29.797864 | Y8: =IF(OR($R8="",$T8="",$T8=0),"",$R8/($T8*IF($O8="",1,$O8))) -> 68.107481 | Z8: =IF(OR($X8="",$P8="",$P8=0),"",$X8/$P8) | AA8: =IF($J8="","待填怪物等级",IF(OR($I8="",$Q8=""),"待填对照关卡",IF($P8="","已计算",IF(AND($Y8<>"",$Y8<$X8),"生存不成立",IF($Z8<0.5,"碾压",IF($Z8<0.8,"偏简单",IF($Z8<=1.2,"适中",IF($Z8<=1.5,"偏难","过难")))))))) -> 已计算 | AB8: =IF($J8="","待填",IF(AND(ISNUMBER($J8),$J8>=1,$J8<=500,MOD($J8,1)=0),"有效","超范围")) -> 有效 | AC8: =IF(OR($J8="",ROW()=5,$B8<>$B7,$J7=""),"",IF($J8<$J7,"下降","")) | AD8: 旅券系统Lv38开放；4个主题共用难度档｜修正版V4：首档Lv180送进度，前三档缓升，难度4后逐步接回长期曲线；对照S142｜V4同步最新玩家曲线：Lv300→Lv289，保留原TTK/生存压力目标｜曲线同步20260811：Lv289→Lv251，保持原玩法定位与TTK/生存压力
A9: 当前配置 | B9: 旅券 | C9: 4主题共用 | D9: 难度5 | E9: 241005;242005;243005;244005 | F9: Boss | G9: 160 | I9: =IF($H9="",$G9,$H9) -> 160 | J9: 248 | Q9: =IF($I9="","",IFERROR(INDEX(_玩家曲线!$H$2:$H$286,MATCH($I9,_玩家曲线!$A$2:$A$286,0)),"")) -> 1814400.7 | R9: =IF($I9="","",IFERROR(INDEX(_玩家曲线!$I$2:$I$286,MATCH($I9,_玩家曲线!$A$2:$A$286,0)),"")) -> 2366139.3 | S9: =IF(OR($J9="",$F9="不适用"),"",IFERROR(INDEX(_怪物模型!$D$2:$D$4501,MATCH(INT($J9)&"|"&$F9,_怪物模型!$A$2:$A$4501,0))*IF($K9="",1,$K9),"")) -> 30282830 | T9: =IF(OR($J9="",$F9="不适用"),"",IFERROR(INDEX(_怪物模型!$E$2:$E$4501,MATCH(INT($J9)&"|"&$F9,_怪物模型!$A$2:$A$4501,0))*IF($L9="",1,$L9),"")) -> 36454 | U9: =IF(OR($J9="",$F9="不适用"),"",IFERROR(INDEX(_怪物模型!$F$2:$F$4501,MATCH(INT($J9)&"|"&$F9,_怪物模型!$A$2:$A$4501,0))*IF($M9="",1,$M9),"")) -> 23230 | V9: =IF($U9="","",MIN(0.75,$U9/($U9+24000))) -> 0.4918484 | W9: =IF($S9="","",$S9/(1-$V9)*IF($N9="",1,$N9)) -> 59594086 | X9: =IF(OR($W9="",$Q9="",$Q9=0),"",$W9/$Q9) -> 32.845052 | Y9: =IF(OR($R9="",$T9="",$T9=0),"",$R9/($T9*IF($O9="",1,$O9))) -> 64.907536 | Z9: =IF(OR($X9="",$P9="",$P9=0),"",$X9/$P9) | AA9: =IF($J9="","待填怪物等级",IF(OR($I9="",$Q9=""),"待填对照关卡",IF($P9="","已计算",IF(AND($Y9<>"",$Y9<$X9),"生存不成立",IF($Z9<0.5,"碾压",IF($Z9<0.8,"偏简单",IF($Z9<=1.2,"适中",IF($Z9<=1.5,"偏难","过难")))))))) -> 已计算 | AB9: =IF($J9="","待填",IF(AND(ISNUMBER($J9),$J9>=1,$J9<=500,MOD($J9,1)=0),"有效","超范围")) -> 有效 | AC9: =IF(OR($J9="",ROW()=5,$B9<>$B8,$J8=""),"",IF($J9<$J8,"下降","")) | AD9: 旅券系统Lv38开放；4个主题共用难度档｜修正版V4：首档Lv180送进度，前三档缓升，难度4后逐步接回长期曲线；对照S160｜V4同步最新玩家曲线：Lv320→Lv309，保留原TTK/生存压力目标｜曲线同步20260811：Lv309→Lv270，保持原玩法定位与TTK/生存压力
A10: 当前配置 | B10: 旅券 | C10: 4主题共用 | D10: 难度6 | E10: 241006;242006;243006;244006 | F10: Boss | G10: 180 | I10: =IF($H10="",$G10,$H10) -> 180 | J10: 264 | Q10: =IF($I10="","",IFERROR(INDEX(_玩家曲线!$H$2:$H$286,MATCH($I10,_玩家曲线!$A$2:$A$286,0)),"")) -> 2040102 | R10: =IF($I10="","",IFERROR(INDEX(_玩家曲线!$I$2:$I$286,MATCH($I10,_玩家曲线!$A$2:$A$286,0)),"")) -> 2571225.8 | S10: =IF(OR($J10="",$F10="不适用"),"",IFERROR(INDEX(_怪物模型!$D$2:$D$4501,MATCH(INT($J10)&"|"&$F10,_怪物模型!$A$2:$A$4501,0))*IF($K10="",1,$K10),"")) -> 36200218 | T10: =IF(OR($J10="",$F10="不适用"),"",IFERROR(INDEX(_怪物模型!$E$2:$E$4501,MATCH(INT($J10)&"|"&$F10,_怪物模型!$A$2:$A$4501,0))*IF($L10="",1,$L10),"")) -> 41761 | U10: =IF(OR($J10="",$F10="不适用"),"",IFERROR(INDEX(_怪物模型!$F$2:$F$4501,MATCH(INT($J10)&"|"&$F10,_怪物模型!$A$2:$A$4501,0))*IF($M10="",1,$M10),"")) -> 25117 | V10: =IF($U10="","",MIN(0.75,$U10/($U10+24000))) -> 0.51137081 | W10: =IF($S10="","",$S10/(1-$V10)*IF($N10="",1,$N10)) -> 74085254 | X10: =IF(OR($W10="",$Q10="",$Q10=0),"",$W10/$Q10) -> 36.314485 | Y10: =IF(OR($R10="",$T10="",$T10=0),"",$R10/($T10*IF($O10="",1,$O10))) -> 61.570025 | Z10: =IF(OR($X10="",$P10="",$P10=0),"",$X10/$P10) | AA10: =IF($J10="","待填怪物等级",IF(OR($I10="",$Q10=""),"待填对照关卡",IF($P10="","已计算",IF(AND($Y10<>"",$Y10<$X10),"生存不成立",IF($Z10<0.5,"碾压",IF($Z10<0.8,"偏简单",IF($Z10<=1.2,"适中",IF($Z10<=1.5,"偏难","过难")))))))) -> 已计算 | AB10: =IF($J10="","待填",IF(AND(ISNUMBER($J10),$J10>=1,$J10<=500,MOD($J10,1)=0),"有效","超范围")) -> 有效 | AC10: =IF(OR($J10="",ROW()=5,$B10<>$B9,$J9=""),"",IF($J10<$J9,"下降","")) | AD10: 旅券系统Lv38开放；4个主题共用难度档｜修正版V4：首档Lv180送进度，前三档缓升，难度4后逐步接回长期曲线；对照S180｜V4同步最新玩家曲线：Lv338→Lv327，保留原TTK/生存压力目标｜曲线同步20260811：Lv327→Lv286，保持原玩法定位与TTK/生存压力
A11: 当前配置 | B11: 旅券 | C11: 4主题共用 | D11: 难度7 | E11: 241007;242007;243007;244007 | F11: Boss | G11: 202 | I11: =IF($H11="",$G11,$H11) -> 202 | J11: 275 | Q11: =IF($I11="","",IFERROR(INDEX(_玩家曲线!$H$2:$H$286,MATCH($I11,_玩家曲线!$A$2:$A$286,0)),"")) -> 2218261.2 | R11: =IF($I11="","",IFERROR(INDEX(_玩家曲线!$I$2:$I$286,MATCH($I11,_玩家曲线!$A$2:$A$286,0)),"")) -> 2728692.5 | S11: =IF(OR($J11="",$F11="不适用"),"",IFERROR(INDEX(_怪物模型!$D$2:$D$4501,MATCH(INT($J11)&"|"&$F11,_怪物模型!$A$2:$A$4501,0))*IF($K11="",1,$K11),"")) -> 40759777 | T11: =IF(OR($J11="",$F11="不适用"),"",IFERROR(INDEX(_怪物模型!$E$2:$E$4501,MATCH(INT($J11)&"|"&$F11,_怪物模型!$A$2:$A$4501,0))*IF($L11="",1,$L11),"")) -> 45708 | U11: =IF(OR($J11="",$F11="不适用"),"",IFERROR(INDEX(_怪物模型!$F$2:$F$4501,MATCH(INT($J11)&"|"&$F11,_怪物模型!$A$2:$A$4501,0))*IF($M11="",1,$M11),"")) -> 26443 | V11: =IF($U11="","",MIN(0.75,$U11/($U11+24000))) -> 0.52421545 | W11: =IF($S11="","",$S11/(1-$V11)*IF($N11="",1,$N11)) -> 85668560 | X11: =IF(OR($W11="",$Q11="",$Q11=0),"",$W11/$Q11) -> 38.61969 | Y11: =IF(OR($R11="",$T11="",$T11=0),"",$R11/($T11*IF($O11="",1,$O11))) -> 59.698356 | Z11: =IF(OR($X11="",$P11="",$P11=0),"",$X11/$P11) | AA11: =IF($J11="","待填怪物等级",IF(OR($I11="",$Q11=""),"待填对照关卡",IF($P11="","已计算",IF(AND($Y11<>"",$Y11<$X11),"生存不成立",IF($Z11<0.5,"碾压",IF($Z11<0.8,"偏简单",IF($Z11<=1.2,"适中",IF($Z11<=1.5,"偏难","过难")))))))) -> 已计算 | AB11: =IF($J11="","待填",IF(AND(ISNUMBER($J11),$J11>=1,$J11<=500,MOD($J11,1)=0),"有效","超范围")) -> 有效 | AC11: =IF(OR($J11="",ROW()=5,$B11<>$B10,$J10=""),"",IF($J11<$J10,"下降","")) | AD11: 旅券系统Lv38开放；4个主题共用难度档｜修正版V4：首档Lv180送进度，前三档缓升，难度4后逐步接回长期曲线；对照S202｜V4同步最新玩家曲线：Lv349→Lv339，保留原TTK/生存压力目标｜曲线同步20260811：Lv339→Lv298，保持原玩法定位与TTK/生存压力
A12: 当前配置 | B12: 旅券 | C12: 4主题共用 | D12: 难度8 | E12: 241008;242008;243008;244008 | F12: Boss | G12: 226 | I12: =IF($H12="",$G12,$H12) -> 226 | J12: 284 | Q12: =IF($I12="","",IFERROR(INDEX(_玩家曲线!$H$2:$H$286,MATCH($I12,_玩家曲线!$A$2:$A$286,0)),"")) -> 2349313.7 | R12: =IF($I12="","",IFERROR(INDEX(_玩家曲线!$I$2:$I$286,MATCH($I12,_玩家曲线!$A$2:$A$286,0)),"")) -> 2842739.2 | S12: =IF(OR($J12="",$F12="不适用"),"",IFERROR(INDEX(_怪物模型!$D$2:$D$4501,MATCH(INT($J12)&"|"&$F12,_怪物模型!$A$2:$A$4501,0))*IF($K12="",1,$K12),"")) -> 44812226 | T12: =IF(OR($J12="",$F12="不适用"),"",IFERROR(INDEX(_怪物模型!$E$2:$E$4501,MATCH(INT($J12)&"|"&$F12,_怪物模型!$A$2:$A$4501,0))*IF($L12="",1,$L12),"")) -> 49126 | U12: =IF(OR($J12="",$F12="不适用"),"",IFERROR(INDEX(_怪物模型!$F$2:$F$4501,MATCH(INT($J12)&"|"&$F12,_怪物模型!$A$2:$A$4501,0))*IF($M12="",1,$M12),"")) -> 27543 | V12: =IF($U12="","",MIN(0.75,$U12/($U12+24000))) -> 0.53436936 | W12: =IF($S12="","",$S12/(1-$V12)*IF($N12="",1,$N12)) -> 96239857 | X12: =IF(OR($W12="",$Q12="",$Q12=0),"",$W12/$Q12) -> 40.965094 | Y12: =IF(OR($R12="",$T12="",$T12=0),"",$R12/($T12*IF($O12="",1,$O12))) -> 57.866287 | Z12: =IF(OR($X12="",$P12="",$P12=0),"",$X12/$P12) | AA12: =IF($J12="","待填怪物等级",IF(OR($I12="",$Q12=""),"待填对照关卡",IF($P12="","已计算",IF(AND($Y12<>"",$Y12<$X12),"生存不成立",IF($Z12<0.5,"碾压",IF($Z12<0.8,"偏简单",IF($Z12<=1.2,"适中",IF($Z12<=1.5,"偏难","过难")))))))) -> 已计算 | AB12: =IF($J12="","待填",IF(AND(ISNUMBER($J12),$J12>=1,$J12<=500,MOD($J12,1)=0),"有效","超范围")) -> 有效 | AC12: =IF(OR($J12="",ROW()=5,$B12<>$B11,$J11=""),"",IF($J12<$J11,"下降","")) | AD12: 旅券系统Lv38开放；4个主题共用难度档｜修正版V4：首档Lv180送进度，前三档缓升，难度4后逐步接回长期曲线；对照S226｜V4同步最新玩家曲线：Lv359→Lv349，保留原TTK/生存压力目标｜曲线同步20260811：Lv349→Lv307，保持原玩法定位与TTK/生存压力
A13: 当前配置 | B13: 旅券 | C13: 4主题共用 | D13: 难度9 | E13: 241009;242009;243009;244009 | F13: Boss | G13: 252 | I13: =IF($H13="",$G13,$H13) -> 252 | J13: 292 | Q13: =IF($I13="","",IFERROR(INDEX(_玩家曲线!$H$2:$H$286,MATCH($I13,_玩家曲线!$A$2:$A$286,0)),"")) -> 2439797.4 | R13: =IF($I13="","",IFERROR(INDEX(_玩家曲线!$I$2:$I$286,MATCH($I13,_玩家曲线!$A$2:$A$286,0)),"")) -> 2921039.1 | S13: =IF(OR($J13="",$F13="不适用"),"",IFERROR(INDEX(_怪物模型!$D$2:$D$4501,MATCH(INT($J13)&"|"&$F13,_怪物模型!$A$2:$A$4501,0))*IF($K13="",1,$K13),"")) -> 48672618 | T13: =IF(OR($J13="",$F13="不适用"),"",IFERROR(INDEX(_怪物模型!$E$2:$E$4501,MATCH(INT($J13)&"|"&$F13,_怪物模型!$A$2:$A$4501,0))*IF($L13="",1,$L13),"")) -> 52314 | U13: =IF(OR($J13="",$F13="不适用"),"",IFERROR(INDEX(_怪物模型!$F$2:$F$4501,MATCH(INT($J13)&"|"&$F13,_怪物模型!$A$2:$A$4501,0))*IF($M13="",1,$M13),"")) -> 28534 | V13: =IF($U13="","",MIN(0.75,$U13/($U13+24000))) -> 0.54315301 | W13: =IF($S13="","",$S13/(1-$V13)*IF($N13="",1,$N13)) -> 1.065403e+08 | X13: =IF(OR($W13="",$Q13="",$Q13=0),"",$W13/$Q13) -> 43.667685 | Y13: =IF(OR($R13="",$T13="",$T13=0),"",$R13/($T13*IF($O13="",1,$O13))) -> 55.836662 | Z13: =IF(OR($X13="",$P13="",$P13=0),"",$X13/$P13) | AA13: =IF($J13="","待填怪物等级",IF(OR($I13="",$Q13=""),"待填对照关卡",IF($P13="","已计算",IF(AND($Y13<>"",$Y13<$X13),"生存不成立",IF($Z13<0.5,"碾压",IF($Z13<0.8,"偏简单",IF($Z13<=1.2,"适中",IF($Z13<=1.5,"偏难","过难")))))))) -> 已计算 | AB13: =IF($J13="","待填",IF(AND(ISNUMBER($J13),$J13>=1,$J13<=500,MOD($J13,1)=0),"有效","超范围")) -> 有效 | AC13: =IF(OR($J13="",ROW()=5,$B13<>$B12,$J12=""),"",IF($J13<$J12,"下降","")) | AD13: 旅券系统Lv38开放；4个主题共用难度档｜修正版V4：首档Lv180送进度，前三档缓升，难度4后逐步接回长期曲线；对照S252｜V4同步最新玩家曲线：Lv368→Lv358，保留原TTK/生存压力目标｜曲线同步20260811：Lv358→Lv315，保持原玩法定位与TTK/生存压力
A14: 当前配置 | B14: 旅券 | C14: 4主题共用 | D14: 难度10 | E14: 241010;242010;243010;244010 | F14: Boss | G14: 279 | I14: =IF($H14="",$G14,$H14) -> 279 | J14: 303 | Q14: =IF($I14="","",IFERROR(INDEX(_玩家曲线!$H$2:$H$286,MATCH($I14,_玩家曲线!$A$2:$A$286,0)),"")) -> 2497204.5 | R14: =IF($I14="","",IFERROR(INDEX(_玩家曲线!$I$2:$I$286,MATCH($I14,_玩家曲线!$A$2:$A$286,0)),"")) -> 2970822.7 | S14: =IF(OR($J14="",$F14="不适用"),"",IFERROR(INDEX(_怪物模型!$D$2:$D$4501,MATCH(INT($J14)&"|"&$F14,_怪物模型!$A$2:$A$4501,0))*IF($K14="",1,$K14),"")) -> 54401532 | T14: =IF(OR($J14="",$F14="不适用"),"",IFERROR(INDEX(_怪物模型!$E$2:$E$4501,MATCH(INT($J14)&"|"&$F14,_怪物模型!$A$2:$A$4501,0))*IF($L14="",1,$L14),"")) -> 56933 | U14: =IF(OR($J14="",$F14="不适用"),"",IFERROR(INDEX(_怪物模型!$F$2:$F$4501,MATCH(INT($J14)&"|"&$F14,_怪物模型!$A$2:$A$4501,0))*IF($M14="",1,$M14),"")) -> 29916 | V14: =IF($U14="","",MIN(0.75,$U14/($U14+24000))) -> 0.55486312 | W14: =IF($S14="","",$S14/(1-$V14)*IF($N14="",1,$N14)) -> 1.2221304e+08 | X14: =IF(OR($W14="",$Q14="",$Q14=0),"",$W14/$Q14) -> 48.939942 | Y14: =IF(OR($R14="",$T14="",$T14=0),"",$R14/($T14*IF($O14="",1,$O14))) -> 52.181032 | Z14: =IF(OR($X14="",$P14="",$P14=0),"",$X14/$P14) | AA14: =IF($J14="","待填怪物等级",IF(OR($I14="",$Q14=""),"待填对照关卡",IF($P14="","已计算",IF(AND($Y14<>"",$Y14<$X14),"生存不成立",IF($Z14<0.5,"碾压",IF($Z14<0.8,"偏简单",IF($Z14<=1.2,"适中",IF($Z14<=1.5,"偏难","过难")))))))) -> 已计算 | AB14: =IF($J14="","待填",IF(AND(ISNUMBER($J14),$J14>=1,$J14<=500,MOD($J14,1)=0),"有效","超范围")) -> 有效 | AC14: =IF(OR($J14="",ROW()=5,$B14<>$B13,$J13=""),"",IF($J14<$J13,"下降","")) | AD14: 旅券系统Lv38开放；4个主题共用难度档｜修正版V4：首档Lv180送进度，前三档缓升，难度4后逐步接回长期曲线；对照S279｜V4同步最新玩家曲线：Lv379→Lv369，保留原TTK/生存压力目标｜曲线同步20260811：Lv369→Lv326，保持原玩法定位与TTK/生存压力

Sheet 映射
A1: 全玩法难度填写｜映射
A2: 当前页映射难度按TierNum/难度1～30线性生成：Lv31→Lv322。黄色J列首尾为锚点，中间为公式；G列仅用于玩家曲线与TTK对照。
A3: 公式口径：怪物实际属性=战斗公式标准模型×可选系数；怪物EHP=实际生命÷(1-防御减伤)×整关EHP倍率；TTK=怪物EHP÷玩家DPS。
A4: 状态 | B4: 玩法 | C4: 子玩法/共用范围 | D4: 节点名称 | E4: LevelId/配置映射 | F4: 怪物类型 | G4: 默认对照关卡 | H4: 手动对照关卡 | I4: 实际对照关卡 | J4: 怪物等级 | K4: 生命系数 | L4: 攻击系数 | M4: 防御系数 | N4: 整关EHP倍率 | O4: 攻击压力倍率 | P4: 目标时间(s) | Q4: 玩家DPS | R4: 玩家队伍EHP | S4: 怪物实际生命 | T4: 怪物实际攻击 | U4: 怪物实际防御 | V4: 怪物减伤率 | W4: 整关目标EHP | X4: 预测TTK(s) | Y4: 预测存活(s) | Z4: TTK/目标 | AA4: 难度判断 | AB4: 等级检查 | AC4: 等级趋势 | AD4: 备注
A5: 当前配置 | B5: 映射 | C5: 5类型共用 | D5: 难度1 | E5: 250011;250012;250013;250014;250015 | F5: 装备副本Boss | G5: 24 | I5: =IF($H5="",$G5,$H5) -> 24 | J5: 26 | Q5: =IF($I5="","",IFERROR(INDEX(_玩家曲线!$H$2:$H$286,MATCH($I5,_玩家曲线!$A$2:$A$286,0)),"")) -> 26573.256 | R5: =IF($I5="","",IFERROR(INDEX(_玩家曲线!$I$2:$I$286,MATCH($I5,_玩家曲线!$A$2:$A$286,0)),"")) -> 79813.028 | S5: =IF(OR($J5="",$F5="不适用"),"",IFERROR(INDEX(_怪物模型!$D$2:$D$4501,MATCH(INT($J5)&"|"&$F5,_怪物模型!$A$2:$A$4501,0))*IF($K5="",1,$K5),"")) -> 174345 | T5: =IF(OR($J5="",$F5="不适用"),"",IFERROR(INDEX(_怪物模型!$E$2:$E$4501,MATCH(INT($J5)&"|"&$F5,_怪物模型!$A$2:$A$4501,0))*IF($L5="",1,$L5),"")) -> 1028 | U5: =IF(OR($J5="",$F5="不适用"),"",IFERROR(INDEX(_怪物模型!$F$2:$F$4501,MATCH(INT($J5)&"|"&$F5,_怪物模型!$A$2:$A$4501,0))*IF($M5="",1,$M5),"")) -> 1904 | V5: =IF($U5="","",MIN(0.75,$U5/($U5+24000))) -> 0.073502162 | W5: =IF($S5="","",$S5/(1-$V5)*IF($N5="",1,$N5)) -> 188176.37 | X5: =IF(OR($W5="",$Q5="",$Q5=0),"",$W5/$Q5) -> 7.0814193 | Y5: =IF(OR($R5="",$T5="",$T5=0),"",$R5/($T5*IF($O5="",1,$O5))) -> 77.639133 | Z5: =IF(OR($X5="",$P5="",$P5=0),"",$X5/$P5) | AA5: =IF($J5="","待填怪物等级",IF(OR($I5="",$Q5=""),"待填对照关卡",IF($P5="","已计算",IF(AND($Y5<>"",$Y5<$X5),"生存不成立",IF($Z5<0.5,"碾压",IF($Z5<0.8,"偏简单",IF($Z5<=1.2,"适中",IF($Z5<=1.5,"偏难","过难")))))))) -> 已计算 | AB5: =IF($J5="","待填",IF(AND(ISNUMBER($J5),$J5>=1,$J5<=500,MOD($J5,1)=0),"有效","超范围")) -> 有效 | AC5: =IF(OR($J5="",ROW()=5,$B5<>$B4,$J4=""),"",IF($J5<$J4,"下降","")) | AD5: 映射副本通关2-12/S24开放；5类型共用难度档｜V5线性难度：按TierNum/难度档位1-30，从Lv37线性至Lv370，每档约+11/+12；G列仅用于TTK观察，不参与J列生成｜曲线同步20260811：Lv37→Lv31，保持原玩法定位与TTK/生存压力
A6: 当前配置 | B6: 映射 | C6: 5类型共用 | D6: 难度2 | E6: 250021;250022;250023;250024;250025 | F6: 装备副本Boss | G6: 29 | I6: =IF($H6="",$G6,$H6) -> 29 | J6: =ROUND($J$5+(ROW()-ROW($J$5))*($J$34-$J$5)/(ROW($J$34)-ROW($J$5)),0) -> 35 | Q6: =IF($I6="","",IFERROR(INDEX(_玩家曲线!$H$2:$H$286,MATCH($I6,_玩家曲线!$A$2:$A$286,0)),"")) -> 38996.85 | R6: =IF($I6="","",IFERROR(INDEX(_玩家曲线!$I$2:$I$286,MATCH($I6,_玩家曲线!$A$2:$A$286,0)),"")) -> 109916.18 | S6: =IF(OR($J6="",$F6="不适用"),"",IFERROR(INDEX(_怪物模型!$D$2:$D$4501,MATCH(INT($J6)&"|"&$F6,_怪物模型!$A$2:$A$4501,0))*IF($K6="",1,$K6),"")) -> 258490 | T6: =IF(OR($J6="",$F6="不适用"),"",IFERROR(INDEX(_怪物模型!$E$2:$E$4501,MATCH(INT($J6)&"|"&$F6,_怪物模型!$A$2:$A$4501,0))*IF($L6="",1,$L6),"")) -> 1486 | U6: =IF(OR($J6="",$F6="不适用"),"",IFERROR(INDEX(_怪物模型!$F$2:$F$4501,MATCH(INT($J6)&"|"&$F6,_怪物模型!$A$2:$A$4501,0))*IF($M6="",1,$M6),"")) -> 2591 | V6: =IF($U6="","",MIN(0.75,$U6/($U6+24000))) -> 0.097438983 | W6: =IF($S6="","",$S6/(1-$V6)*IF($N6="",1,$N6)) -> 286396.15 | X6: =IF(OR($W6="",$Q6="",$Q6=0),"",$W6/$Q6) -> 7.3440843 | Y6: =IF(OR($R6="",$T6="",$T6=0),"",$R6/($T6*IF($O6="",1,$O6))) -> 73.967817 | Z6: =IF(OR($X6="",$P6="",$P6=0),"",$X6/$P6) | AA6: =IF($J6="","待填怪物等级",IF(OR($I6="",$Q6=""),"待填对照关卡",IF($P6="","已计算",IF(AND($Y6<>"",$Y6<$X6),"生存不成立",IF($Z6<0.5,"碾压",IF($Z6<0.8,"偏简单",IF($Z6<=1.2,"适中",IF($Z6<=1.5,"偏难","过难")))))))) -> 已计算 | AB6: =IF($J6="","待填",IF(AND(ISNUMBER($J6),$J6>=1,$J6<=500,MOD($J6,1)=0),"有效","超范围")) -> 有效 | AC6: =IF(OR($J6="",ROW()=5,$B6<>$B5,$J5=""),"",IF($J6<$J5,"下降","")) | AD6: 映射副本通关2-12/S24开放；5类型共用难度档｜V5线性难度：按TierNum/难度档位1-30，从Lv37线性至Lv370，每档约+11/+12；G列仅用于TTK观察，不参与J列生成｜曲线同步20260811：Lv48→Lv41，保持原玩法定位与TTK/生存压力
A7: 当前配置 | B7: 映射 | C7: 5类型共用 | D7: 难度3 | E7: 250031;250032;250033;250034;250035 | F7: 装备副本Boss | G7: 36 | I7: =IF($H7="",$G7,$H7) -> 36 | J7: =ROUND($J$5+(ROW()-ROW($J$5))*($J$34-$J$5)/(ROW($J$34)-ROW($J$5)),0) -> 45 | Q7: =IF($I7="","",IFERROR(INDEX(_玩家曲线!$H$2:$H$286,MATCH($I7,_玩家曲线!$A$2:$A$286,0)),"")) -> 71672.591 | R7: =IF($I7="","",IFERROR(INDEX(_玩家曲线!$I$2:$I$286,MATCH($I7,_玩家曲线!$A$2:$A$286,0)),"")) -> 179164.99 | S7: =IF(OR($J7="",$F7="不适用"),"",IFERROR(INDEX(_怪物模型!$D$2:$D$4501,MATCH(INT($J7)&"|"&$F7,_怪物模型!$A$2:$A$4501,0))*IF($K7="",1,$K7),"")) -> 373824 | T7: =IF(OR($J7="",$F7="不适用"),"",IFERROR(INDEX(_怪物模型!$E$2:$E$4501,MATCH(INT($J7)&"|"&$F7,_怪物模型!$A$2:$A$4501,0))*IF($L7="",1,$L7),"")) -> 2062 | U7: =IF(OR($J7="",$F7="不适用"),"",IFERROR(INDEX(_怪物模型!$F$2:$F$4501,MATCH(INT($J7)&"|"&$F7,_怪物模型!$A$2:$A$4501,0))*IF($M7="",1,$M7),"")) -> 3373 | V7: =IF($U7="","",MIN(0.75,$U7/($U7+24000))) -> 0.12322361 | W7: =IF($S7="","",$S7/(1-$V7)*IF($N7="",1,$N7)) -> 426361.85 | X7: =IF(OR($W7="",$Q7="",$Q7=0),"",$W7/$Q7) -> 5.9487433 | Y7: =IF(OR($R7="",$T7="",$T7=0),"",$R7/($T7*IF($O7="",1,$O7))) -> 86.888938 | Z7: =IF(OR($X7="",$P7="",$P7=0),"",$X7/$P7) | AA7: =IF($J7="","待填怪物等级",IF(OR($I7="",$Q7=""),"待填对照关卡",IF($P7="","已计算",IF(AND($Y7<>"",$Y7<$X7),"生存不成立",IF($Z7<0.5,"碾压",IF($Z7<0.8,"偏简单",IF($Z7<=1.2,"适中",IF($Z7<=1.5,"偏难","过难")))))))) -> 已计算 | AB7: =IF($J7="","待填",IF(AND(ISNUMBER($J7),$J7>=1,$J7<=500,MOD($J7,1)=0),"有效","超范围")) -> 有效 | AC7: =IF(OR($J7="",ROW()=5,$B7<>$B6,$J6=""),"",IF($J7<$J6,"下降","")) | AD7: 映射副本通关2-12/S24开放；5类型共用难度档｜V5线性难度：按TierNum/难度档位1-30，从Lv37线性至Lv370，每档约+11/+12；G列仅用于TTK观察，不参与J列生成｜曲线同步20260811：Lv60→Lv51，保持原玩法定位与TTK/生存压力
A8: 当前配置 | B8: 映射 | C8: 5类型共用 | D8: 难度4 | E8: 250041;250042;250043;250044;250045 | F8: 装备副本Boss | G8: 43 | I8: =IF($H8="",$G8,$H8) -> 43 | J8: =ROUND($J$5+(ROW()-ROW($J$5))*($J$34-$J$5)/(ROW($J$34)-ROW($J$5)),0) -> 54 | Q8: =IF($I8="","",IFERROR(INDEX(_玩家曲线!$H$2:$H$286,MATCH($I8,_玩家曲线!$A$2:$A$286,0)),"")) -> 115422.12 | R8: =IF($I8="","",IFERROR(INDEX(_玩家曲线!$I$2:$I$286,MATCH($I8,_玩家曲线!$A$2:$A$286,0)),"")) -> 263293.38 | S8: =IF(OR($J8="",$F8="不适用"),"",IFERROR(INDEX(_怪物模型!$D$2:$D$4501,MATCH(INT($J8)&"|"&$F8,_怪物模型!$A$2:$A$4501,0))*IF($K8="",1,$K8),"")) -> 501472 | T8: =IF(OR($J8="",$F8="不适用"),"",IFERROR(INDEX(_怪物模型!$E$2:$E$4501,MATCH(INT($J8)&"|"&$F8,_怪物模型!$A$2:$A$4501,0))*IF($L8="",1,$L8),"")) -> 2644 | U8: =IF(OR($J8="",$F8="不适用"),"",IFERROR(INDEX(_怪物模型!$F$2:$F$4501,MATCH(INT($J8)&"|"&$F8,_怪物模型!$A$2:$A$4501,0))*IF($M8="",1,$M8),"")) -> 4093 | V8: =IF($U8="","",MIN(0.75,$U8/($U8+24000))) -> 0.14569466 | W8: =IF($S8="","",$S8/(1-$V8)*IF($N8="",1,$N8)) -> 586993.87 | X8: =IF(OR($W8="",$Q8="",$Q8=0),"",$W8/$Q8) -> 5.085627 | Y8: =IF(OR($R8="",$T8="",$T8=0),"",$R8/($T8*IF($O8="",1,$O8))) -> 99.581461 | Z8: =IF(OR($X8="",$P8="",$P8=0),"",$X8/$P8) | AA8: =IF($J8="","待填怪物等级",IF(OR($I8="",$Q8=""),"待填对照关卡",IF($P8="","已计算",IF(AND($Y8<>"",$Y8<$X8),"生存不成立",IF($Z8<0.5,"碾压",IF($Z8<0.8,"偏简单",IF($Z8<=1.2,"适中",IF($Z8<=1.5,"偏难","过难")))))))) -> 已计算 | AB8: =IF($J8="","待填",IF(AND(ISNUMBER($J8),$J8>=1,$J8<=500,MOD($J8,1)=0),"有效","超范围")) -> 有效 | AC8: =IF(OR($J8="",ROW()=5,$B8<>$B7,$J7=""),"",IF($J8<$J7,"下降","")) | AD8: 映射副本通关2-12/S24开放；5类型共用难度档｜V5线性难度：按TierNum/难度档位1-30，从Lv37线性至Lv370，每档约+11/+12；G列仅用于TTK观察，不参与J列生成｜曲线同步20260811：Lv71→Lv61，保持原玩法定位与TTK/生存压力
A9: 当前配置 | B9: 映射 | C9: 5类型共用 | D9: 难度5 | E9: 250051;250052;250053;250054;250055 | F9: 装备副本Boss | G9: 50 | I9: =IF($H9="",$G9,$H9) -> 50 | J9: =ROUND($J$5+(ROW()-ROW($J$5))*($J$34-$J$5)/(ROW($J$34)-ROW($J$5)),0) -> 63 | Q9: =IF($I9="","",IFERROR(INDEX(_玩家曲线!$H$2:$H$286,MATCH($I9,_玩家曲线!$A$2:$A$286,0)),"")) -> 166462.12 | R9: =IF($I9="","",IFERROR(INDEX(_玩家曲线!$I$2:$I$286,MATCH($I9,_玩家曲线!$A$2:$A$286,0)),"")) -> 353110.66 | S9: =IF(OR($J9="",$F9="不适用"),"",IFERROR(INDEX(_怪物模型!$D$2:$D$4501,MATCH(INT($J9)&"|"&$F9,_怪物模型!$A$2:$A$4501,0))*IF($K9="",1,$K9),"")) -> 655157 | T9: =IF(OR($J9="",$F9="不适用"),"",IFERROR(INDEX(_怪物模型!$E$2:$E$4501,MATCH(INT($J9)&"|"&$F9,_怪物模型!$A$2:$A$4501,0))*IF($L9="",1,$L9),"")) -> 3289 | U9: =IF(OR($J9="",$F9="不适用"),"",IFERROR(INDEX(_怪物模型!$F$2:$F$4501,MATCH(INT($J9)&"|"&$F9,_怪物模型!$A$2:$A$4501,0))*IF($M9="",1,$M9),"")) -> 4827 | V9: =IF($U9="","",MIN(0.75,$U9/($U9+24000))) -> 0.16744718 | W9: =IF($S9="","",$S9/(1-$V9)*IF($N9="",1,$N9)) -> 786925.45 | X9: =IF(OR($W9="",$Q9="",$Q9=0),"",$W9/$Q9) -> 4.7273546 | Y9: =IF(OR($R9="",$T9="",$T9=0),"",$R9/($T9*IF($O9="",1,$O9))) -> 107.3611 | Z9: =IF(OR($X9="",$P9="",$P9=0),"",$X9/$P9) | AA9: =IF($J9="","待填怪物等级",IF(OR($I9="",$Q9=""),"待填对照关卡",IF($P9="","已计算",IF(AND($Y9<>"",$Y9<$X9),"生存不成立",IF($Z9<0.5,"碾压",IF($Z9<0.8,"偏简单",IF($Z9<=1.2,"适中",IF($Z9<=1.5,"偏难","过难")))))))) -> 已计算 | AB9: =IF($J9="","待填",IF(AND(ISNUMBER($J9),$J9>=1,$J9<=500,MOD($J9,1)=0),"有效","超范围")) -> 有效 | AC9: =IF(OR($J9="",ROW()=5,$B9<>$B8,$J8=""),"",IF($J9<$J8,"下降","")) | AD9: 映射副本通关2-12/S24开放；5类型共用难度档｜V5线性难度：按TierNum/难度档位1-30，从Lv37线性至Lv370，每档约+11/+12；G列仅用于TTK观察，不参与J列生成｜曲线同步20260811：Lv83→Lv71，保持原玩法定位与TTK/生存压力
A10: 当前配置 | B10: 映射 | C10: 5类型共用 | D10: 难度6 | E10: 250061;250062;250063;250064;250065 | F10: 装备副本Boss | G10: 58 | I10: =IF($H10="",$G10,$H10) -> 58 | J10: =ROUND($J$5+(ROW()-ROW($J$5))*($J$34-$J$5)/(ROW($J$34)-ROW($J$5)),0) -> 73 | Q10: =IF($I10="","",IFERROR(INDEX(_玩家曲线!$H$2:$H$286,MATCH($I10,_玩家曲线!$A$2:$A$286,0)),"")) -> 231611.92 | R10: =IF($I10="","",IFERROR(INDEX(_玩家曲线!$I$2:$I$286,MATCH($I10,_玩家曲线!$A$2:$A$286,0)),"")) -> 458930.52 | S10: =IF(OR($J10="",$F10="不适用"),"",IFERROR(INDEX(_怪物模型!$D$2:$D$4501,MATCH(INT($J10)&"|"&$F10,_怪物模型!$A$2:$A$4501,0))*IF($K10="",1,$K10),"")) -> 860252 | T10: =IF(OR($J10="",$F10="不适用"),"",IFERROR(INDEX(_怪物模型!$E$2:$E$4501,MATCH(INT($J10)&"|"&$F10,_怪物模型!$A$2:$A$4501,0))*IF($L10="",1,$L10),"")) -> 4084 | U10: =IF(OR($J10="",$F10="不适用"),"",IFERROR(INDEX(_怪物模型!$F$2:$F$4501,MATCH(INT($J10)&"|"&$F10,_怪物模型!$A$2:$A$4501,0))*IF($M10="",1,$M10),"")) -> 5661 | V10: =IF($U10="","",MIN(0.75,$U10/($U10+24000))) -> 0.19085668 | W10: =IF($S10="","",$S10/(1-$V10)*IF($N10="",1,$N10)) -> 1063163.9 | X10: =IF(OR($W10="",$Q10="",$Q10=0),"",$W10/$Q10) -> 4.5902816 | Y10: =IF(OR($R10="",$T10="",$T10=0),"",$R10/($T10*IF($O10="",1,$O10))) -> 112.3728 | Z10: =IF(OR($X10="",$P10="",$P10=0),"",$X10/$P10) | AA10: =IF($J10="","待填怪物等级",IF(OR($I10="",$Q10=""),"待填对照关卡",IF($P10="","已计算",IF(AND($Y10<>"",$Y10<$X10),"生存不成立",IF($Z10<0.5,"碾压",IF($Z10<0.8,"偏简单",IF($Z10<=1.2,"适中",IF($Z10<=1.5,"偏难","过难")))))))) -> 已计算 | AB10: =IF($J10="","待填",IF(AND(ISNUMBER($J10),$J10>=1,$J10<=500,MOD($J10,1)=0),"有效","超范围")) -> 有效 | AC10: =IF(OR($J10="",ROW()=5,$B10<>$B9,$J9=""),"",IF($J10<$J9,"下降","")) | AD10: 映射副本通关2-12/S24开放；5类型共用难度档｜V5线性难度：按TierNum/难度档位1-30，从Lv37线性至Lv370，每档约+11/+12；G列仅用于TTK观察，不参与J列生成｜曲线同步20260811：Lv94→Lv81，保持原玩法定位与TTK/生存压力
A11: 当前配置 | B11: 映射 | C11: 5类型共用 | D11: 难度7 | E11: 250071;250072;250073;250074;250075 | F11: 装备副本Boss | G11: 66 | I11: =IF($H11="",$G11,$H11) -> 66 | J11: =ROUND($J$5+(ROW()-ROW($J$5))*($J$34-$J$5)/(ROW($J$34)-ROW($J$5)),0) -> 82 | Q11: =IF($I11="","",IFERROR(INDEX(_玩家曲线!$H$2:$H$286,MATCH($I11,_玩家曲线!$A$2:$A$286,0)),"")) -> 307981.05 | R11: =IF($I11="","",IFERROR(INDEX(_玩家曲线!$I$2:$I$286,MATCH($I11,_玩家曲线!$A$2:$A$286,0)),"")) -> 579258.63 | S11: =IF(OR($J11="",$F11="不适用"),"",IFERROR(INDEX(_怪物模型!$D$2:$D$4501,MATCH(INT($J11)&"|"&$F11,_怪物模型!$A$2:$A$4501,0))*IF($K11="",1,$K11),"")) -> 1078871 | T11: =IF(OR($J11="",$F11="不适用"),"",IFERROR(INDEX(_怪物模型!$E$2:$E$4501,MATCH(INT($J11)&"|"&$F11,_怪物模型!$A$2:$A$4501,0))*IF($L11="",1,$L11),"")) -> 4872 | U11: =IF(OR($J11="",$F11="不适用"),"",IFERROR(INDEX(_怪物模型!$F$2:$F$4501,MATCH(INT($J11)&"|"&$F11,_怪物模型!$A$2:$A$4501,0))*IF($M11="",1,$M11),"")) -> 6427 | V11: =IF($U11="","",MIN(0.75,$U11/($U11+24000))) -> 0.21122687 | W11: =IF($S11="","",$S11/(1-$V11)*IF($N11="",1,$N11)) -> 1367783.7 | X11: =IF(OR($W11="",$Q11="",$Q11=0),"",$W11/$Q11) -> 4.4411292 | Y11: =IF(OR($R11="",$T11="",$T11=0),"",$R11/($T11*IF($O11="",1,$O11))) -> 118.89545 | Z11: =IF(OR($X11="",$P11="",$P11=0),"",$X11/$P11) | AA11: =IF($J11="","待填怪物等级",IF(OR($I11="",$Q11=""),"待填对照关卡",IF($P11="","已计算",IF(AND($Y11<>"",$Y11<$X11),"生存不成立",IF($Z11<0.5,"碾压",IF($Z11<0.8,"偏简单",IF($Z11<=1.2,"适中",IF($Z11<=1.5,"偏难","过难")))))))) -> 已计算 | AB11: =IF($J11="","待填",IF(AND(ISNUMBER($J11),$J11>=1,$J11<=500,MOD($J11,1)=0),"有效","超范围")) -> 有效 | AC11: =IF(OR($J11="",ROW()=5,$B11<>$B10,$J10=""),"",IF($J11<$J10,"下降","")) | AD11: 映射副本通关2-12/S24开放；5类型共用难度档｜V5线性难度：按TierNum/难度档位1-30，从Lv37线性至Lv370，每档约+11/+12；G列仅用于TTK观察，不参与J列生成｜曲线同步20260811：Lv106→Lv91，保持原玩法定位与TTK/生存压力
A12: 当前配置 | B12: 映射 | C12: 5类型共用 | D12: 难度8 | E12: 250081;250082;250083;250084;250085 | F12: 装备副本Boss | G12: 74 | I12: =IF($H12="",$G12,$H12) -> 74 | J12: =ROUND($J$5+(ROW()-ROW($J$5))*($J$34-$J$5)/(ROW($J$34)-ROW($J$5)),0) -> 91 | Q12: =IF($I12="","",IFERROR(INDEX(_玩家曲线!$H$2:$H$286,MATCH($I12,_玩家曲线!$A$2:$A$286,0)),"")) -> 408062.5 | R12: =IF($I12="","",IFERROR(INDEX(_玩家曲线!$I$2:$I$286,MATCH($I12,_玩家曲线!$A$2:$A$286,0)),"")) -> 742493.69 | S12: =IF(OR($J12="",$F12="不适用"),"",IFERROR(INDEX(_怪物模型!$D$2:$D$4501,MATCH(INT($J12)&"|"&$F12,_怪物模型!$A$2:$A$4501,0))*IF($K12="",1,$K12),"")) -> 1332674 | T12: =IF(OR($J12="",$F12="不适用"),"",IFERROR(INDEX(_怪物模型!$E$2:$E$4501,MATCH(INT($J12)&"|"&$F12,_怪物模型!$A$2:$A$4501,0))*IF($L12="",1,$L12),"")) -> 5734 | U12: =IF(OR($J12="",$F12="不适用"),"",IFERROR(INDEX(_怪物模型!$F$2:$F$4501,MATCH(INT($J12)&"|"&$F12,_怪物模型!$A$2:$A$4501,0))*IF($M12="",1,$M12),"")) -> 7207 | V12: =IF($U12="","",MIN(0.75,$U12/($U12+24000))) -> 0.23094178 | W12: =IF($S12="","",$S12/(1-$V12)*IF($N12="",1,$N12)) -> 1732864.9 | X12: =IF(OR($W12="",$Q12="",$Q12=0),"",$W12/$Q12) -> 4.2465674 | Y12: =IF(OR($R12="",$T12="",$T12=0),"",$R12/($T12*IF($O12="",1,$O12))) -> 129.48966 | Z12: =IF(OR($X12="",$P12="",$P12=0),"",$X12/$P12) | AA12: =IF($J12="","待填怪物等级",IF(OR($I12="",$Q12=""),"待填对照关卡",IF($P12="","已计算",IF(AND($Y12<>"",$Y12<$X12),"生存不成立",IF($Z12<0.5,"碾压",IF($Z12<0.8,"偏简单",IF($Z12<=1.2,"适中",IF($Z12<=1.5,"偏难","过难")))))))) -> 已计算 | AB12: =IF($J12="","待填",IF(AND(ISNUMBER($J12),$J12>=1,$J12<=500,MOD($J12,1)=0),"有效","超范围")) -> 有效 | AC12: =IF(OR($J12="",ROW()=5,$B12<>$B11,$J11=""),"",IF($J12<$J11,"下降","")) | AD12: 映射副本通关2-12/S24开放；5类型共用难度档｜V5线性难度：按TierNum/难度档位1-30，从Lv37线性至Lv370，每档约+11/+12；G列仅用于TTK观察，不参与J列生成｜曲线同步20260811：Lv117→Lv101，保持原玩法定位与TTK/生存压力
A13: 当前配置 | B13: 映射 | C13: 5类型共用 | D13: 难度9 | E13: 250091;250092;250093;250094;250095 | F13: 装备副本Boss | G13: 82 | I13: =IF($H13="",$G13,$H13) -> 82 | J13: =ROUND($J$5+(ROW()-ROW($J$5))*($J$34-$J$5)/(ROW($J$34)-ROW($J$5)),0) -> 100 | Q13: =IF($I13="","",IFERROR(INDEX(_玩家曲线!$H$2:$H$286,MATCH($I13,_玩家曲线!$A$2:$A$286,0)),"")) -> 510334.47 | R13: =IF($I13="","",IFERROR(INDEX(_玩家曲线!$I$2:$I$286,MATCH($I13,_玩家曲线!$A$2:$A$286,0)),"")) -> 901800.29 | S13: =IF(OR($J13="",$F13="不适用"),"",IFERROR(INDEX(_怪物模型!$D$2:$D$4501,MATCH(INT($J13)&"|"&$F13,_怪物模型!$A$2:$A$4501,0))*IF($K13="",1,$K13),"")) -> 1624450 | T13: =IF(OR($J13="",$F13="不适用"),"",IFERROR(INDEX(_怪物模型!$E$2:$E$4501,MATCH(INT($J13)&"|"&$F13,_怪物模型!$A$2:$A$4501,0))*IF($L13="",1,$L13),"")) -> 6672 | U13: =IF(OR($J13="",$F13="不适用"),"",IFERROR(INDEX(_怪物模型!$F$2:$F$4501,MATCH(INT($J13)&"|"&$F13,_怪物模型!$A$2:$A$4501,0))*IF($M13="",1,$M13),"")) -> 8003 | V13: =IF($U13="","",MIN(0.75,$U13/($U13+24000))) -> 0.25007031 | W13: =IF($S13="","",$S13/(1-$V13)*IF($N13="",1,$N13)) -> 2166136.4 | X13: =IF(OR($W13="",$Q13="",$Q13=0),"",$W13/$Q13) -> 4.2445426 | Y13: =IF(OR($R13="",$T13="",$T13=0),"",$R13/($T13*IF($O13="",1,$O13))) -> 135.16191 | Z13: =IF(OR($X13="",$P13="",$P13=0),"",$X13/$P13) | AA13: =IF($J13="","待填怪物等级",IF(OR($I13="",$Q13=""),"待填对照关卡",IF($P13="","已计算",IF(AND($Y13<>"",$Y13<$X13),"生存不成立",IF($Z13<0.5,"碾压",IF($Z13<0.8,"偏简单",IF($Z13<=1.2,"适中",IF($Z13<=1.5,"偏难","过难")))))))) -> 已计算 | AB13: =IF($J13="","待填",IF(AND(ISNUMBER($J13),$J13>=1,$J13<=500,MOD($J13,1)=0),"有效","超范围")) -> 有效 | AC13: =IF(OR($J13="",ROW()=5,$B13<>$B12,$J12=""),"",IF($J13<$J12,"下降","")) | AD13: 映射副本通关2-12/S24开放；5类型共用难度档｜V5线性难度：按TierNum/难度档位1-30，从Lv37线性至Lv370，每档约+11/+12；G列仅用于TTK观察，不参与J列生成｜曲线同步20260811：Lv129→Lv111，保持原玩法定位与TTK/生存压力
A14: 当前配置 | B14: 映射 | C14: 5类型共用 | D14: 难度10 | E14: 250101;250102;250103;250104;250105 | F14: 装备副本Boss | G14: 90 | I14: =IF($H14="",$G14,$H14) -> 90 | J14: =ROUND($J$5+(ROW()-ROW($J$5))*($J$34-$J$5)/(ROW($J$34)-ROW($J$5)),0) -> 110 | Q14: =IF($I14="","",IFERROR(INDEX(_玩家曲线!$H$2:$H$286,MATCH($I14,_玩家曲线!$A$2:$A$286,0)),"")) -> 611682.15 | R14: =IF($I14="","",IFERROR(INDEX(_玩家曲线!$I$2:$I$286,MATCH($I14,_玩家曲线!$A$2:$A$286,0)),"")) -> 1053603.2 | S14: =IF(OR($J14="",$F14="不适用"),"",IFERROR(INDEX(_怪物模型!$D$2:$D$4501,MATCH(INT($J14)&"|"&$F14,_怪物模型!$A$2:$A$4501,0))*IF($K14="",1,$K14),"")) -> 1996752 | T14: =IF(OR($J14="",$F14="不适用"),"",IFERROR(INDEX(_怪物模型!$E$2:$E$4501,MATCH(INT($J14)&"|"&$F14,_怪物模型!$A$2:$A$4501,0))*IF($L14="",1,$L14),"")) -> 7808 | U14: =IF(OR($J14="",$F14="不适用"),"",IFERROR(INDEX(_怪物模型!$F$2:$F$4501,MATCH(INT($J14)&"|"&$F14,_怪物模型!$A$2:$A$4501,0))*IF($M14="",1,$M14),"")) -> 8905 | V14: =IF($U14="","",MIN(0.75,$U14/($U14+24000))) -> 0.27062756 | W14: =IF($S14="","",$S14/(1-$V14)*IF($N14="",1,$N14)) -> 2737630.2 | X14: =IF(OR($W14="",$Q14="",$Q14=0),"",$W14/$Q14) -> 4.4755764 | Y14: =IF(OR($R14="",$T14="",$T14=0),"",$R14/($T14*IF($O14="",1,$O14))) -> 134.93894 | Z14: =IF(OR($X14="",$P14="",$P14=0),"",$X14/$P14) | AA14: =IF($J14="","待填怪物等级",IF(OR($I14="",$Q14=""),"待填对照关卡",IF($P14="","已计算",IF(AND($Y14<>"",$Y14<$X14),"生存不成立",IF($Z14<0.5,"碾压",IF($Z14<0.8,"偏简单",IF($Z14<=1.2,"适中",IF($Z14<=1.5,"偏难","过难")))))))) -> 已计算 | AB14: =IF($J14="","待填",IF(AND(ISNUMBER($J14),$J14>=1,$J14<=500,MOD($J14,1)=0),"有效","超范围")) -> 有效 | AC14: =IF(OR($J14="",ROW()=5,$B14<>$B13,$J13=""),"",IF($J14<$J13,"下降","")) | AD14: 映射副本通关2-12/S24开放；5类型共用难度档｜V5线性难度：按TierNum/难度档位1-30，从Lv37线性至Lv370，每档约+11/+12；G列仅用于TTK观察，不参与J列生成｜曲线同步20260811：Lv140→Lv121，保持原玩法定位与TTK/生存压力
A15: 当前配置 | B15: 映射 | C15: 5类型共用 | D15: 难度11 | E15: 250111;250112;250113;250114;250115 | F15: 装备副本Boss | G15: 99 | I15: =IF($H15="",$G15,$H15) -> 99 | J15: =ROUND($J$5+(ROW()-ROW($J$5))*($J$34-$J$5)/(ROW($J$34)-ROW($J$5)),0) -> 119 | Q15: =IF($I15="","",IFERROR(INDEX(_玩家曲线!$H$2:$H$286,MATCH($I15,_玩家曲线!$A$2:$A$286,0)),"")) -> 721578.84 | R15: =IF($I15="","",IFERROR(INDEX(_玩家曲线!$I$2:$I$286,MATCH($I15,_玩家曲线!$A$2:$A$286,0)),"")) -> 1212579.3 | S15: =IF(OR($J15="",$F15="不适用"),"",IFERROR(INDEX(_怪物模型!$D$2:$D$4501,MATCH(INT($J15)&"|"&$F15,_怪物模型!$A$2:$A$4501,0))*IF($K15="",1,$K15),"")) -> 2378545 | T15: =IF(OR($J15="",$F15="不适用"),"",IFERROR(INDEX(_怪物模型!$E$2:$E$4501,MATCH(INT($J15)&"|"&$F15,_怪物模型!$A$2:$A$4501,0))*IF($L15="",1,$L15),"")) -> 8919 | U15: =IF(OR($J15="",$F15="不适用"),"",IFERROR(INDEX(_怪物模型!$F$2:$F$4501,MATCH(INT($J15)&"|"&$F15,_怪物模型!$A$2:$A$4501,0))*IF($M15="",1,$M15),"")) -> 9732 | V15: =IF($U15="","",MIN(0.75,$U15/($U15+24000))) -> 0.28850943 | W15: =IF($S15="","",$S15/(1-$V15)*IF($N15="",1,$N15)) -> 3343045 | X15: =IF(OR($W15="",$Q15="",$Q15=0),"",$W15/$Q15) -> 4.6329587 | Y15: =IF(OR($R15="",$T15="",$T15=0),"",$R15/($T15*IF($O15="",1,$O15))) -> 135.95462 | Z15: =IF(OR($X15="",$P15="",$P15=0),"",$X15/$P15) | AA15: =IF($J15="","待填怪物等级",IF(OR($I15="",$Q15=""),"待填对照关卡",IF($P15="","已计算",IF(AND($Y15<>"",$Y15<$X15),"生存不成立",IF($Z15<0.5,"碾压",IF($Z15<0.8,"偏简单",IF($Z15<=1.2,"适中",IF($Z15<=1.5,"偏难","过难")))))))) -> 已计算 | AB15: =IF($J15="","待填",IF(AND(ISNUMBER($J15),$J15>=1,$J15<=500,MOD($J15,1)=0),"有效","超范围")) -> 有效 | AC15: =IF(OR($J15="",ROW()=5,$B15<>$B14,$J14=""),"",IF($J15<$J14,"下降","")) | AD15: 映射副本通关2-12/S24开放；5类型共用难度档｜V5线性难度：按TierNum/难度档位1-30，从Lv37线性至Lv370，每档约+11/+12；G列仅用于TTK观察，不参与J列生成｜曲线同步20260811：Lv152→Lv131，保持原玩法定位与TTK/生存压力
A16: 当前配置 | B16: 映射 | C16: 5类型共用 | D16: 难度12 | E16: 250121;250122;250123;250124;250125 | F16: 装备副本Boss | G16: 108 | I16: =IF($H16="",$G16,$H16) -> 108 | J16: =ROUND($J$5+(ROW()-ROW($J$5))*($J$34-$J$5)/(ROW($J$34)-ROW($J$5)),0) -> 128 | Q16: =IF($I16="","",IFERROR(INDEX(_玩家曲线!$H$2:$H$286,MATCH($I16,_玩家曲线!$A$2:$A$286,0)),"")) -> 901427.63 | R16: =IF($I16="","",IFERROR(INDEX(_玩家曲线!$I$2:$I$286,MATCH($I16,_玩家曲线!$A$2:$A$286,0)),"")) -> 1430961.4 | S16: =IF(OR($J16="",$F16="不适用"),"",IFERROR(INDEX(_怪物模型!$D$2:$D$4501,MATCH(INT($J16)&"|"&$F16,_怪物模型!$A$2:$A$4501,0))*IF($K16="",1,$K16),"")) -> 2807978 | T16: =IF(OR($J16="",$F16="不适用"),"",IFERROR(INDEX(_怪物模型!$E$2:$E$4501,MATCH(INT($J16)&"|"&$F16,_怪物模型!$A$2:$A$4501,0))*IF($L16="",1,$L16),"")) -> 10116 | U16: =IF(OR($J16="",$F16="不适用"),"",IFERROR(INDEX(_怪物模型!$F$2:$F$4501,MATCH(INT($J16)&"|"&$F16,_怪物模型!$A$2:$A$4501,0))*IF($M16="",1,$M16),"")) -> 10574 | V16: =IF($U16="","",MIN(0.75,$U16/($U16+24000))) -> 0.30583676 | W16: =IF($S16="","",$S16/(1-$V16)*IF($N16="",1,$N16)) -> 4045126.3 | X16: =IF(OR($W16="",$Q16="",$Q16=0),"",$W16/$Q16) -> 4.4874665 | Y16: =IF(OR($R16="",$T16="",$T16=0),"",$R16/($T16*IF($O16="",1,$O16))) -> 141.45526 | Z16: =IF(OR($X16="",$P16="",$P16=0),"",$X16/$P16) | AA16: =IF($J16="","待填怪物等级",IF(OR($I16="",$Q16=""),"待填对照关卡",IF($P16="","已计算",IF(AND($Y16<>"",$Y16<$X16),"生存不成立",IF($Z16<0.5,"碾压",IF($Z16<0.8,"偏简单",IF($Z16<=1.2,"适中",IF($Z16<=1.5,"偏难","过难")))))))) -> 已计算 | AB16: =IF($J16="","待填",IF(AND(ISNUMBER($J16),$J16>=1,$J16<=500,MOD($J16,1)=0),"有效","超范围")) -> 有效 | AC16: =IF(OR($J16="",ROW()=5,$B16<>$B15,$J15=""),"",IF($J16<$J15,"下降","")) | AD16: 映射副本通关2-12/S24开放；5类型共用难度档｜V5线性难度：按TierNum/难度档位1-30，从Lv37线性至Lv370，每档约+11/+12；G列仅用于TTK观察，不参与J列生成｜曲线同步20260811：Lv163→Lv141，保持原玩法定位与TTK/生存压力
A17: 当前配置 | B17: 映射 | C17: 5类型共用 | D17: 难度13 | E17: 250131;250132;250133;250134;250135 | F17: 装备副本Boss | G17: 116 | I17: =IF($H17="",$G17,$H17) -> 116 | J17: =ROUND($J$5+(ROW()-ROW($J$5))*($J$34-$J$5)/(ROW($J$34)-ROW($J$5)),0) -> 138 | Q17: =IF($I17="","",IFERROR(INDEX(_玩家曲线!$H$2:$H$286,MATCH($I17,_玩家曲线!$A$2:$A$286,0)),"")) -> 1067101.5 | R17: =IF($I17="","",IFERROR(INDEX(_玩家曲线!$I$2:$I$286,MATCH($I17,_玩家曲线!$A$2:$A$286,0)),"")) -> 1618039.4 | S17: =IF(OR($J17="",$F17="不适用"),"",IFERROR(INDEX(_怪物模型!$D$2:$D$4501,MATCH(INT($J17)&"|"&$F17,_怪物模型!$A$2:$A$4501,0))*IF($K17="",1,$K17),"")) -> 3345200 | T17: =IF(OR($J17="",$F17="不适用"),"",IFERROR(INDEX(_怪物模型!$E$2:$E$4501,MATCH(INT($J17)&"|"&$F17,_怪物模型!$A$2:$A$4501,0))*IF($L17="",1,$L17),"")) -> 11554 | U17: =IF(OR($J17="",$F17="不适用"),"",IFERROR(INDEX(_怪物模型!$F$2:$F$4501,MATCH(INT($J17)&"|"&$F17,_怪物模型!$A$2:$A$4501,0))*IF($M17="",1,$M17),"")) -> 11528 | V17: =IF($U17="","",MIN(0.75,$U17/($U17+24000))) -> 0.32447647 | W17: =IF($S17="","",$S17/(1-$V17)*IF($N17="",1,$N17)) -> 4952011.1 | X17: =IF(OR($W17="",$Q17="",$Q17=0),"",$W17/$Q17) -> 4.6406184 | Y17: =IF(OR($R17="",$T17="",$T17=0),"",$R17/($T17*IF($O17="",1,$O17))) -> 140.04149 | Z17: =IF(OR($X17="",$P17="",$P17=0),"",$X17/$P17) | AA17: =IF($J17="","待填怪物等级",IF(OR($I17="",$Q17=""),"待填对照关卡",IF($P17="","已计算",IF(AND($Y17<>"",$Y17<$X17),"生存不成立",IF($Z17<0.5,"碾压",IF($Z17<0.8,"偏简单",IF($Z17<=1.2,"适中",IF($Z17<=1.5,"偏难","过难")))))))) -> 已计算 | AB17: =IF($J17="","待填",IF(AND(ISNUMBER($J17),$J17>=1,$J17<=500,MOD($J17,1)=0),"有效","超范围")) -> 有效 | AC17: =IF(OR($J17="",ROW()=5,$B17<>$B16,$J16=""),"",IF($J17<$J16,"下降","")) | AD17: 映射副本通关2-12/S24开放；5类型共用难度档｜V5线性难度：按TierNum/难度档位1-30，从Lv37线性至Lv370，每档约+11/+12；G列仅用于TTK观察，不参与J列生成｜曲线同步20260811：Lv175→Lv151，保持原玩法定位与TTK/生存压力
... A33: 当前配置 | B33: 映射 | C33: 5类型共用 | D33: 难度29 | E33: 250291;250292;250293;250294;250295 | F33: 装备副本Boss | G33: 269 | I33: =IF($H33="",$G33,$H33) -> 269 | J33: =ROUND($J$5+(ROW()-ROW($J$5))*($J$34-$J$5)/(ROW($J$34)-ROW($J$5)),0) -> 287 | Q33: =IF($I33="","",IFERROR(INDEX(_玩家曲线!$H$2:$H$286,MATCH($I33,_玩家曲线!$A$2:$A$286,0)),"")) -> 2479255.2 | R33: =IF($I33="","",IFERROR(INDEX(_玩家曲线!$I$2:$I$286,MATCH($I33,_玩家曲线!$A$2:$A$286,0)),"")) -> 2955225.4 | S33: =IF(OR($J33="",$F33="不适用"),"",IFERROR(INDEX(_怪物模型!$D$2:$D$4501,MATCH(INT($J33)&"|"&$F33,_怪物模型!$A$2:$A$4501,0))*IF($K33="",1,$K33),"")) -> 23115341 | T33: =IF(OR($J33="",$F33="不适用"),"",IFERROR(INDEX(_怪物模型!$E$2:$E$4501,MATCH(INT($J33)&"|"&$F33,_怪物模型!$A$2:$A$4501,0))*IF($L33="",1,$L33),"")) -> 50305 | U33: =IF(OR($J33="",$F33="不适用"),"",IFERROR(INDEX(_怪物模型!$F$2:$F$4501,MATCH(INT($J33)&"|"&$F33,_怪物模型!$A$2:$A$4501,0))*IF($M33="",1,$M33),"")) -> 27914 | V33: =IF($U33="","",MIN(0.75,$U33/($U33+24000))) -> 0.53769696 | W33: =IF($S33="","",$S33/(1-$V33)*IF($N33="",1,$N33)) -> 50000409 | X33: =IF(OR($W33="",$Q33="",$Q33=0),"",$W33/$Q33) -> 20.167512 | Y33: =IF(OR($R33="",$T33="",$T33=0),"",$R33/($T33*IF($O33="",1,$O33))) -> 58.746156 | Z33: =IF(OR($X33="",$P33="",$P33=0),"",$X33/$P33) | AA33: =IF($J33="","待填怪物等级",IF(OR($I33="",$Q33=""),"待填对照关卡",IF($P33="","已计算",IF(AND($Y33<>"",$Y33<$X33),"生存不成立",IF($Z33<0.5,"碾压",IF($Z33<0.8,"偏简单",IF($Z33<=1.2,"适中",IF($Z33<=1.5,"偏难","过难")))))))) -> 已计算 | AB33: =IF($J33="","待填",IF(AND(ISNUMBER($J33),$J33>=1,$J33<=500,MOD($J33,1)=0),"有效","超范围")) -> 有效 | AC33: =IF(OR($J33="",ROW()=5,$B33<>$B32,$J32=""),"",IF($J33<$J32,"下降","")) | AD33: 映射副本通关2-12/S24开放；5类型共用难度档｜V5线性难度：按TierNum/难度档位1-30，从Lv37线性至Lv370，每档约+11/+12；G列仅用于TTK观察，不参与J列生成｜曲线同步20260811：Lv359→Lv312，保持原玩法定位与TTK/生存压力
A34: 当前配置 | B34: 映射 | C34: 5类型共用 | D34: 难度30 | E34: 250301;250302;250303;250304;250305 | F34: 装备副本Boss | G34: 279 | I34: =IF($H34="",$G34,$H34) -> 279 | J34: 296 | Q34: =IF($I34="","",IFERROR(INDEX(_玩家曲线!$H$2:$H$286,MATCH($I34,_玩家曲线!$A$2:$A$286,0)),"")) -> 2497204.5 | R34: =IF($I34="","",IFERROR(INDEX(_玩家曲线!$I$2:$I$286,MATCH($I34,_玩家曲线!$A$2:$A$286,0)),"")) -> 2970822.7 | S34: =IF(OR($J34="",$F34="不适用"),"",IFERROR(INDEX(_怪物模型!$D$2:$D$4501,MATCH(INT($J34)&"|"&$F34,_怪物模型!$A$2:$A$4501,0))*IF($K34="",1,$K34),"")) -> 25349018 | T34: =IF(OR($J34="",$F34="不适用"),"",IFERROR(INDEX(_怪物模型!$E$2:$E$4501,MATCH(INT($J34)&"|"&$F34,_怪物模型!$A$2:$A$4501,0))*IF($L34="",1,$L34),"")) -> 53961 | U34: =IF(OR($J34="",$F34="不适用"),"",IFERROR(INDEX(_怪物模型!$F$2:$F$4501,MATCH(INT($J34)&"|"&$F34,_怪物模型!$A$2:$A$4501,0))*IF($M34="",1,$M34),"")) -> 29034 | V34: =IF($U34="","",MIN(0.75,$U34/($U34+24000))) -> 0.54746012 | W34: =IF($S34="","",$S34/(1-$V34)*IF($N34="",1,$N34)) -> 56014993 | X34: =IF(OR($W34="",$Q34="",$Q34=0),"",$W34/$Q34) -> 22.43108 | Y34: =IF(OR($R34="",$T34="",$T34=0),"",$R34/($T34*IF($O34="",1,$O34))) -> 55.054997 | Z34: =IF(OR($X34="",$P34="",$P34=0),"",$X34/$P34) | AA34: =IF($J34="","待填怪物等级",IF(OR($I34="",$Q34=""),"待填对照关卡",IF($P34="","已计算",IF(AND($Y34<>"",$Y34<$X34),"生存不成立",IF($Z34<0.5,"碾压",IF($Z34<0.8,"偏简单",IF($Z34<=1.2,"适中",IF($Z34<=1.5,"偏难","过难")))))))) -> 已计算 | AB34: =IF($J34="","待填",IF(AND(ISNUMBER($J34),$J34>=1,$J34<=500,MOD($J34,1)=0),"有效","超范围")) -> 有效 | AC34: =IF(OR($J34="",ROW()=5,$B34<>$B33,$J33=""),"",IF($J34<$J33,"下降","")) | AD34: 映射副本通关2-12/S24开放；5类型共用难度档｜V5线性难度：按TierNum/难度档位1-30，从Lv37线性至Lv370，每档约+11/+12；G列仅用于TTK观察，不参与J列生成｜曲线同步20260811：Lv370→Lv322，保持原玩法定位与TTK/生存压力

Sheet 爬塔
A1: 全玩法难度填写｜爬塔
A2: 当前页已按开启顺序和玩法定位填入首版怪物等级。黄色J列可直接覆盖；G列是本版使用的玩家曲线对照节点。
A3: 公式口径：怪物实际属性=战斗公式标准模型×可选系数；怪物EHP=实际生命÷(1-防御减伤)×整关EHP倍率；TTK=怪物EHP÷玩家DPS。
A4: 状态 | B4: 玩法 | C4: 子玩法/共用范围 | D4: 节点名称 | E4: LevelId/配置映射 | F4: 怪物类型 | G4: 默认对照关卡 | H4: 手动对照关卡 | I4: 实际对照关卡 | J4: 怪物等级 | K4: 生命系数 | L4: 攻击系数 | M4: 防御系数 | N4: 整关EHP倍率 | O4: 攻击压力倍率 | P4: 目标时间(s) | Q4: 玩家DPS | R4: 玩家队伍EHP | S4: 怪物实际生命 | T4: 怪物实际攻击 | U4: 怪物实际防御 | V4: 怪物减伤率 | W4: 整关目标EHP | X4: 预测TTK(s) | Y4: 预测存活(s) | Z4: TTK/目标 | AA4: 难度判断 | AB4: 等级检查 | AC4: 等级趋势 | AD4: 备注
A5: 当前配置 | B5: 爬塔 | C5: 4赛季包共用 | D5: 第1层 | E5: 300001;300101;300201;300301 | F5: 普通怪 | G5: 24 | I5: =IF($H5="",$G5,$H5) -> 24 | J5: 37 | Q5: =IF($I5="","",IFERROR(INDEX(_玩家曲线!$H$2:$H$286,MATCH($I5,_玩家曲线!$A$2:$A$286,0)),"")) -> 26573.256 | R5: =IF($I5="","",IFERROR(INDEX(_玩家曲线!$I$2:$I$286,MATCH($I5,_玩家曲线!$A$2:$A$286,0)),"")) -> 79813.028 | S5: =IF(OR($J5="",$F5="不适用"),"",IFERROR(INDEX(_怪物模型!$D$2:$D$4501,MATCH(INT($J5)&"|"&$F5,_怪物模型!$A$2:$A$4501,0))*IF($K5="",1,$K5),"")) -> 6876 | T5: =IF(OR($J5="",$F5="不适用"),"",IFERROR(INDEX(_怪物模型!$E$2:$E$4501,MATCH(INT($J5)&"|"&$F5,_怪物模型!$A$2:$A$4501,0))*IF($L5="",1,$L5),"")) -> 1595 | U5: =IF(OR($J5="",$F5="不适用"),"",IFERROR(INDEX(_怪物模型!$F$2:$F$4501,MATCH(INT($J5)&"|"&$F5,_怪物模型!$A$2:$A$4501,0))*IF($M5="",1,$M5),"")) -> 2746 | V5: =IF($U5="","",MIN(0.75,$U5/($U5+24000))) -> 0.10266956 | W5: =IF($S5="","",$S5/(1-$V5)*IF($N5="",1,$N5)) -> 7662.729 | X5: =IF(OR($W5="",$Q5="",$Q5=0),"",$W5/$Q5) -> 0.28836244 | Y5: =IF(OR($R5="",$T5="",$T5=0),"",$R5/($T5*IF($O5="",1,$O5))) -> 50.039516 | Z5: =IF(OR($X5="",$P5="",$P5=0),"",$X5/$P5) | AA5: =IF($J5="","待填怪物等级",IF(OR($I5="",$Q5=""),"待填对照关卡",IF($P5="","已计算",IF(AND($Y5<>"",$Y5<$X5),"生存不成立",IF($Z5<0.5,"碾压",IF($Z5<0.8,"偏简单",IF($Z5<=1.2,"适中",IF($Z5<=1.5,"偏难","过难")))))))) -> 已计算 | AB5: =IF($J5="","待填",IF(AND(ISNUMBER($J5),$J5>=1,$J5<=500,MOD($J5,1)=0),"有效","超范围")) -> 有效 | AC5: =IF(OR($J5="",ROW()=5,$B5<>$B4,$J4=""),"",IF($J5<$J4,"下降","")) | AD5: 爬塔通关2-12/S24开放；4赛季包按层共用｜修正版V4：前20层由Lv37缓升至Lv180，之后接回长期曲线；对照S24｜V4同步最新玩家曲线：Lv45→Lv37，保留原TTK/生存压力目标
A6: 当前配置 | B6: 爬塔 | C6: 4赛季包共用 | D6: 第2层 | E6: 300002;300102;300202;300302 | F6: 普通怪 | G6: 25 | I6: =IF($H6="",$G6,$H6) -> 25 | J6: 44 | Q6: =IF($I6="","",IFERROR(INDEX(_玩家曲线!$H$2:$H$286,MATCH($I6,_玩家曲线!$A$2:$A$286,0)),"")) -> 28858.159 | R6: =IF($I6="","",IFERROR(INDEX(_玩家曲线!$I$2:$I$286,MATCH($I6,_玩家曲线!$A$2:$A$286,0)),"")) -> 85514.388 | S6: =IF(OR($J6="",$F6="不适用"),"",IFERROR(INDEX(_怪物模型!$D$2:$D$4501,MATCH(INT($J6)&"|"&$F6,_怪物模型!$A$2:$A$4501,0))*IF($K6="",1,$K6),"")) -> 8926 | T6: =IF(OR($J6="",$F6="不适用"),"",IFERROR(INDEX(_怪物模型!$E$2:$E$4501,MATCH(INT($J6)&"|"&$F6,_怪物模型!$A$2:$A$4501,0))*IF($L6="",1,$L6),"")) -> 2001 | U6: =IF(OR($J6="",$F6="不适用"),"",IFERROR(INDEX(_怪物模型!$F$2:$F$4501,MATCH(INT($J6)&"|"&$F6,_怪物模型!$A$2:$A$4501,0))*IF($M6="",1,$M6),"")) -> 3294 | V6: =IF($U6="","",MIN(0.75,$U6/($U6+24000))) -> 0.12068587 | W6: =IF($S6="","",$S6/(1-$V6)*IF($N6="",1,$N6)) -> 10151.094 | X6: =IF(OR($W6="",$Q6="",$Q6=0),"",$W6/$Q6) -> 0.35175817 | Y6: =IF(OR($R6="",$T6="",$T6=0),"",$R6/($T6*IF($O6="",1,$O6))) -> 42.735826 | Z6: =IF(OR($X6="",$P6="",$P6=0),"",$X6/$P6) | AA6: =IF($J6="","待填怪物等级",IF(OR($I6="",$Q6=""),"待填对照关卡",IF($P6="","已计算",IF(AND($Y6<>"",$Y6<$X6),"生存不成立",IF($Z6<0.5,"碾压",IF($Z6<0.8,"偏简单",IF($Z6<=1.2,"适中",IF($Z6<=1.5,"偏难","过难")))))))) -> 已计算 | AB6: =IF($J6="","待填",IF(AND(ISNUMBER($J6),$J6>=1,$J6<=500,MOD($J6,1)=0),"有效","超范围")) -> 有效 | AC6: =IF(OR($J6="",ROW()=5,$B6<>$B5,$J5=""),"",IF($J6<$J5,"下降","")) | AD6: 爬塔通关2-12/S24开放；4赛季包按层共用｜修正版V4：前20层由Lv45缓升至Lv180，之后接回长期曲线；对照S25｜V4同步最新玩家曲线：Lv52→Lv44，保留原TTK/生存压力目标
A7: 当前配置 | B7: 爬塔 | C7: 4赛季包共用 | D7: 第3层 | E7: 300003;300103;300203;300303 | F7: 普通怪 | G7: 27 | I7: =IF($H7="",$G7,$H7) -> 27 | J7: 51 | Q7: =IF($I7="","",IFERROR(INDEX(_玩家曲线!$H$2:$H$286,MATCH($I7,_玩家曲线!$A$2:$A$286,0)),"")) -> 33727.371 | R7: =IF($I7="","",IFERROR(INDEX(_玩家曲线!$I$2:$I$286,MATCH($I7,_玩家曲线!$A$2:$A$286,0)),"")) -> 97399.937 | S7: =IF(OR($J7="",$F7="不适用"),"",IFERROR(INDEX(_怪物模型!$D$2:$D$4501,MATCH(INT($J7)&"|"&$F7,_怪物模型!$A$2:$A$4501,0))*IF($K7="",1,$K7),"")) -> 11228 | T7: =IF(OR($J7="",$F7="不适用"),"",IFERROR(INDEX(_怪物模型!$E$2:$E$4501,MATCH(INT($J7)&"|"&$F7,_怪物模型!$A$2:$A$4501,0))*IF($L7="",1,$L7),"")) -> 2443 | U7: =IF(OR($J7="",$F7="不适用"),"",IFERROR(INDEX(_怪物模型!$F$2:$F$4501,MATCH(INT($J7)&"|"&$F7,_怪物模型!$A$2:$A$4501,0))*IF($M7="",1,$M7),"")) -> 3851 | V7: =IF($U7="","",MIN(0.75,$U7/($U7+24000))) -> 0.13827152 | W7: =IF($S7="","",$S7/(1-$V7)*IF($N7="",1,$N7)) -> 13029.626 | X7: =IF(OR($W7="",$Q7="",$Q7=0),"",$W7/$Q7) -> 0.38632202 | Y7: =IF(OR($R7="",$T7="",$T7=0),"",$R7/($T7*IF($O7="",1,$O7))) -> 39.868988 | Z7: =IF(OR($X7="",$P7="",$P7=0),"",$X7/$P7) | AA7: =IF($J7="","待填怪物等级",IF(OR($I7="",$Q7=""),"待填对照关卡",IF($P7="","已计算",IF(AND($Y7<>"",$Y7<$X7),"生存不成立",IF($Z7<0.5,"碾压",IF($Z7<0.8,"偏简单",IF($Z7<=1.2,"适中",IF($Z7<=1.5,"偏难","过难")))))))) -> 已计算 | AB7: =IF($J7="","待填",IF(AND(ISNUMBER($J7),$J7>=1,$J7<=500,MOD($J7,1)=0),"有效","超范围")) -> 有效 | AC7: =IF(OR($J7="",ROW()=5,$B7<>$B6,$J6=""),"",IF($J7<$J6,"下降","")) | AD7: 爬塔通关2-12/S24开放；4赛季包按层共用｜修正版V4：前20层由Lv45缓升至Lv180，之后接回长期曲线；对照S27｜V4同步最新玩家曲线：Lv59→Lv51，保留原TTK/生存压力目标
A8: 当前配置 | B8: 爬塔 | C8: 4赛季包共用 | D8: 第4层 | E8: 300004;300104;300204;300304 | F8: 普通怪 | G8: 29 | I8: =IF($H8="",$G8,$H8) -> 29 | J8: 59 | Q8: =IF($I8="","",IFERROR(INDEX(_玩家曲线!$H$2:$H$286,MATCH($I8,_玩家曲线!$A$2:$A$286,0)),"")) -> 38996.85 | R8: =IF($I8="","",IFERROR(INDEX(_玩家曲线!$I$2:$I$286,MATCH($I8,_玩家曲线!$A$2:$A$286,0)),"")) -> 109916.18 | S8: =IF(OR($J8="",$F8="不适用"),"",IFERROR(INDEX(_怪物模型!$D$2:$D$4501,MATCH(INT($J8)&"|"&$F8,_怪物模型!$A$2:$A$4501,0))*IF($K8="",1,$K8),"")) -> 14185 | T8: =IF(OR($J8="",$F8="不适用"),"",IFERROR(INDEX(_怪物模型!$E$2:$E$4501,MATCH(INT($J8)&"|"&$F8,_怪物模型!$A$2:$A$4501,0))*IF($L8="",1,$L8),"")) -> 2994 | U8: =IF(OR($J8="",$F8="不适用"),"",IFERROR(INDEX(_怪物模型!$F$2:$F$4501,MATCH(INT($J8)&"|"&$F8,_怪物模型!$A$2:$A$4501,0))*IF($M8="",1,$M8),"")) -> 4499 | V8: =IF($U8="","",MIN(0.75,$U8/($U8+24000))) -> 0.15786519 | W8: =IF($S8="","",$S8/(1-$V8)*IF($N8="",1,$N8)) -> 16844.096 | X8: =IF(OR($W8="",$Q8="",$Q8=0),"",$W8/$Q8) -> 0.4319348 | Y8: =IF(OR($R8="",$T8="",$T8=0),"",$R8/($T8*IF($O8="",1,$O8))) -> 36.71215 | Z8: =IF(OR($X8="",$P8="",$P8=0),"",$X8/$P8) | AA8: =IF($J8="","待填怪物等级",IF(OR($I8="",$Q8=""),"待填对照关卡",IF($P8="","已计算",IF(AND($Y8<>"",$Y8<$X8),"生存不成立",IF($Z8<0.5,"碾压",IF($Z8<0.8,"偏简单",IF($Z8<=1.2,"适中",IF($Z8<=1.5,"偏难","过难")))))))) -> 已计算 | AB8: =IF($J8="","待填",IF(AND(ISNUMBER($J8),$J8>=1,$J8<=500,MOD($J8,1)=0),"有效","超范围")) -> 有效 | AC8: =IF(OR($J8="",ROW()=5,$B8<>$B7,$J7=""),"",IF($J8<$J7,"下降","")) | AD8: 爬塔通关2-12/S24开放；4赛季包按层共用｜修正版V4：前20层由Lv45缓升至Lv180，之后接回长期曲线；对照S29｜V4同步最新玩家曲线：Lv66→Lv59，保留原TTK/生存压力目标
A9: 当前配置 | B9: 爬塔 | C9: 4赛季包共用 | D9: 第5层 | E9: 300005;300105;300205;300305 | F9: 精英怪 | G9: 30 | I9: =IF($H9="",$G9,$H9) -> 30 | J9: 65 | Q9: =IF($I9="","",IFERROR(INDEX(_玩家曲线!$H$2:$H$286,MATCH($I9,_玩家曲线!$A$2:$A$286,0)),"")) -> 40962.441 | R9: =IF($I9="","",IFERROR(INDEX(_玩家曲线!$I$2:$I$286,MATCH($I9,_玩家曲线!$A$2:$A$286,0)),"")) -> 114123.21 | S9: =IF(OR($J9="",$F9="不适用"),"",IFERROR(INDEX(_怪物模型!$D$2:$D$4501,MATCH(INT($J9)&"|"&$F9,_怪物模型!$A$2:$A$4501,0))*IF($K9="",1,$K9),"")) -> 66576 | T9: =IF(OR($J9="",$F9="不适用"),"",IFERROR(INDEX(_怪物模型!$E$2:$E$4501,MATCH(INT($J9)&"|"&$F9,_怪物模型!$A$2:$A$4501,0))*IF($L9="",1,$L9),"")) -> 3441 | U9: =IF(OR($J9="",$F9="不适用"),"",IFERROR(INDEX(_怪物模型!$F$2:$F$4501,MATCH(INT($J9)&"|"&$F9,_怪物模型!$A$2:$A$4501,0))*IF($M9="",1,$M9),"")) -> 4992 | V9: =IF($U9="","",MIN(0.75,$U9/($U9+24000))) -> 0.17218543 | W9: =IF($S9="","",$S9/(1-$V9)*IF($N9="",1,$N9)) -> 80423.808 | X9: =IF(OR($W9="",$Q9="",$Q9=0),"",$W9/$Q9) -> 1.9633549 | Y9: =IF(OR($R9="",$T9="",$T9=0),"",$R9/($T9*IF($O9="",1,$O9))) -> 33.16571 | Z9: =IF(OR($X9="",$P9="",$P9=0),"",$X9/$P9) | AA9: =IF($J9="","待填怪物等级",IF(OR($I9="",$Q9=""),"待填对照关卡",IF($P9="","已计算",IF(AND($Y9<>"",$Y9<$X9),"生存不成立",IF($Z9<0.5,"碾压",IF($Z9<0.8,"偏简单",IF($Z9<=1.2,"适中",IF($Z9<=1.5,"偏难","过难")))))))) -> 已计算 | AB9: =IF($J9="","待填",IF(AND(ISNUMBER($J9),$J9>=1,$J9<=500,MOD($J9,1)=0),"有效","超范围")) -> 有效 | AC9: =IF(OR($J9="",ROW()=5,$B9<>$B8,$J8=""),"",IF($J9<$J8,"下降","")) | AD9: 爬塔通关2-12/S24开放；4赛季包按层共用｜修正版V4：前20层由Lv45缓升至Lv180，之后接回长期曲线；对照S30｜V4同步最新玩家曲线：Lv73→Lv65，保留原TTK/生存压力目标
A10: 当前配置 | B10: 爬塔 | C10: 4赛季包共用 | D10: 第6层 | E10: 300006;300106;300206;300306 | F10: 普通怪 | G10: 32 | I10: =IF($H10="",$G10,$H10) -> 32 | J10: 73 | Q10: =IF($I10="","",IFERROR(INDEX(_玩家曲线!$H$2:$H$286,MATCH($I10,_玩家曲线!$A$2:$A$286,0)),"")) -> 50461.209 | R10: =IF($I10="","",IFERROR(INDEX(_玩家曲线!$I$2:$I$286,MATCH($I10,_玩家曲线!$A$2:$A$286,0)),"")) -> 134928.23 | S10: =IF(OR($J10="",$F10="不适用"),"",IFERROR(INDEX(_怪物模型!$D$2:$D$4501,MATCH(INT($J10)&"|"&$F10,_怪物模型!$A$2:$A$4501,0))*IF($K10="",1,$K10),"")) -> 20268 | T10: =IF(OR($J10="",$F10="不适用"),"",IFERROR(INDEX(_怪物模型!$E$2:$E$4501,MATCH(INT($J10)&"|"&$F10,_怪物模型!$A$2:$A$4501,0))*IF($L10="",1,$L10),"")) -> 4084 | U10: =IF(OR($J10="",$F10="不适用"),"",IFERROR(INDEX(_怪物模型!$F$2:$F$4501,MATCH(INT($J10)&"|"&$F10,_怪物模型!$A$2:$A$4501,0))*IF($M10="",1,$M10),"")) -> 5661 | V10: =IF($U10="","",MIN(0.75,$U10/($U10+24000))) -> 0.19085668 | W10: =IF($S10="","",$S10/(1-$V10)*IF($N10="",1,$N10)) -> 25048.714 | X10: =IF(OR($W10="",$Q10="",$Q10=0),"",$W10/$Q10) -> 0.49639545 | Y10: =IF(OR($R10="",$T10="",$T10=0),"",$R10/($T10*IF($O10="",1,$O10))) -> 33.038255 | Z10: =IF(OR($X10="",$P10="",$P10=0),"",$X10/$P10) | AA10: =IF($J10="","待填怪物等级",IF(OR($I10="",$Q10=""),"待填对照关卡",IF($P10="","已计算",IF(AND($Y10<>"",$Y10<$X10),"生存不成立",IF($Z10<0.5,"碾压",IF($Z10<0.8,"偏简单",IF($Z10<=1.2,"适中",IF($Z10<=1.5,"偏难","过难")))))))) -> 已计算 | AB10: =IF($J10="","待填",IF(AND(ISNUMBER($J10),$J10>=1,$J10<=500,MOD($J10,1)=0),"有效","超范围")) -> 有效 | AC10: =IF(OR($J10="",ROW()=5,$B10<>$B9,$J9=""),"",IF($J10<$J9,"下降","")) | AD10: 爬塔通关2-12/S24开放；4赛季包按层共用｜修正版V4：前20层由Lv45缓升至Lv180，之后接回长期曲线；对照S32｜V4同步最新玩家曲线：Lv81→Lv73，保留原TTK/生存压力目标
A11: 当前配置 | B11: 爬塔 | C11: 4赛季包共用 | D11: 第7层 | E11: 300007;300107;300207;300307 | F11: 普通怪 | G11: 34 | I11: =IF($H11="",$G11,$H11) -> 34 | J11: 79 | Q11: =IF($I11="","",IFERROR(INDEX(_玩家曲线!$H$2:$H$286,MATCH($I11,_玩家曲线!$A$2:$A$286,0)),"")) -> 60703.956 | R11: =IF($I11="","",IFERROR(INDEX(_玩家曲线!$I$2:$I$286,MATCH($I11,_玩家曲线!$A$2:$A$286,0)),"")) -> 156636.6 | S11: =IF(OR($J11="",$F11="不适用"),"",IFERROR(INDEX(_怪物模型!$D$2:$D$4501,MATCH(INT($J11)&"|"&$F11,_怪物模型!$A$2:$A$4501,0))*IF($K11="",1,$K11),"")) -> 23260 | T11: =IF(OR($J11="",$F11="不适用"),"",IFERROR(INDEX(_怪物模型!$E$2:$E$4501,MATCH(INT($J11)&"|"&$F11,_怪物模型!$A$2:$A$4501,0))*IF($L11="",1,$L11),"")) -> 4602 | U11: =IF(OR($J11="",$F11="不适用"),"",IFERROR(INDEX(_怪物模型!$F$2:$F$4501,MATCH(INT($J11)&"|"&$F11,_怪物模型!$A$2:$A$4501,0))*IF($M11="",1,$M11),"")) -> 6170 | V11: =IF($U11="","",MIN(0.75,$U11/($U11+24000))) -> 0.20450779 | W11: =IF($S11="","",$S11/(1-$V11)*IF($N11="",1,$N11)) -> 29239.758 | X11: =IF(OR($W11="",$Q11="",$Q11=0),"",$W11/$Q11) -> 0.48167797 | Y11: =IF(OR($R11="",$T11="",$T11=0),"",$R11/($T11*IF($O11="",1,$O11))) -> 34.036637 | Z11: =IF(OR($X11="",$P11="",$P11=0),"",$X11/$P11) | AA11: =IF($J11="","待填怪物等级",IF(OR($I11="",$Q11=""),"待填对照关卡",IF($P11="","已计算",IF(AND($Y11<>"",$Y11<$X11),"生存不成立",IF($Z11<0.5,"碾压",IF($Z11<0.8,"偏简单",IF($Z11<=1.2,"适中",IF($Z11<=1.5,"偏难","过难")))))))) -> 已计算 | AB11: =IF($J11="","待填",IF(AND(ISNUMBER($J11),$J11>=1,$J11<=500,MOD($J11,1)=0),"有效","超范围")) -> 有效 | AC11: =IF(OR($J11="",ROW()=5,$B11<>$B10,$J10=""),"",IF($J11<$J10,"下降","")) | AD11: 爬塔通关2-12/S24开放；4赛季包按层共用｜修正版V4：前20层由Lv45缓升至Lv180，之后接回长期曲线；对照S34｜V4同步最新玩家曲线：Lv88→Lv79，保留原TTK/生存压力目标
A12: 当前配置 | B12: 爬塔 | C12: 4赛季包共用 | D12: 第8层 | E12: 300008;300108;300208;300308 | F12: 普通怪 | G12: 36 | I12: =IF($H12="",$G12,$H12) -> 36 | J12: 86 | Q12: =IF($I12="","",IFERROR(INDEX(_玩家曲线!$H$2:$H$286,MATCH($I12,_玩家曲线!$A$2:$A$286,0)),"")) -> 71672.591 | R12: =IF($I12="","",IFERROR(INDEX(_玩家曲线!$I$2:$I$286,MATCH($I12,_玩家曲线!$A$2:$A$286,0)),"")) -> 179164.99 | S12: =IF(OR($J12="",$F12="不适用"),"",IFERROR(INDEX(_怪物模型!$D$2:$D$4501,MATCH(INT($J12)&"|"&$F12,_怪物模型!$A$2:$A$4501,0))*IF($K12="",1,$K12),"")) -> 27068 | T12: =IF(OR($J12="",$F12="不适用"),"",IFERROR(INDEX(_怪物模型!$E$2:$E$4501,MATCH(INT($J12)&"|"&$F12,_怪物模型!$A$2:$A$4501,0))*IF($L12="",1,$L12),"")) -> 5246 | U12: =IF(OR($J12="",$F12="不适用"),"",IFERROR(INDEX(_怪物模型!$F$2:$F$4501,MATCH(INT($J12)&"|"&$F12,_怪物模型!$A$2:$A$4501,0))*IF($M12="",1,$M12),"")) -> 6772 | V12: =IF($U12="","",MIN(0.75,$U12/($U12+24000))) -> 0.22007019 | W12: =IF($S12="","",$S12/(1-$V12)*IF($N12="",1,$N12)) -> 34705.687 | X12: =IF(OR($W12="",$Q12="",$Q12=0),"",$W12/$Q12) -> 0.48422538 | Y12: =IF(OR($R12="",$T12="",$T12=0),"",$R12/($T12*IF($O12="",1,$O12))) -> 34.152686 | Z12: =IF(OR($X12="",$P12="",$P12=0),"",$X12/$P12) | AA12: =IF($J12="","待填怪物等级",IF(OR($I12="",$Q12=""),"待填对照关卡",IF($P12="","已计算",IF(AND($Y12<>"",$Y12<$X12),"生存不成立",IF($Z12<0.5,"碾压",IF($Z12<0.8,"偏简单",IF($Z12<=1.2,"适中",IF($Z12<=1.5,"偏难","过难")))))))) -> 已计算 | AB12: =IF($J12="","待填",IF(AND(ISNUMBER($J12),$J12>=1,$J12<=500,MOD($J12,1)=0),"有效","超范围")) -> 有效 | AC12: =IF(OR($J12="",ROW()=5,$B12<>$B11,$J11=""),"",IF($J12<$J11,"下降","")) | AD12: 爬塔通关2-12/S24开放；4赛季包按层共用｜修正版V4：前20层由Lv45缓升至Lv180，之后接回长期曲线；对照S36｜V4同步最新玩家曲线：Lv95→Lv86，保留原TTK/生存压力目标
A13: 当前配置 | B13: 爬塔 | C13: 4赛季包共用 | D13: 第9层 | E13: 300009;300109;300209;300309 | F13: 普通怪 | G13: 38 | I13: =IF($H13="",$G13,$H13) -> 38 | J13: 93 | Q13: =IF($I13="","",IFERROR(INDEX(_玩家曲线!$H$2:$H$286,MATCH($I13,_玩家曲线!$A$2:$A$286,0)),"")) -> 83344.736 | R13: =IF($I13="","",IFERROR(INDEX(_玩家曲线!$I$2:$I$286,MATCH($I13,_玩家曲线!$A$2:$A$286,0)),"")) -> 202430.85 | S13: =IF(OR($J13="",$F13="不适用"),"",IFERROR(INDEX(_怪物模型!$D$2:$D$4501,MATCH(INT($J13)&"|"&$F13,_怪物模型!$A$2:$A$4501,0))*IF($K13="",1,$K13),"")) -> 31240 | T13: =IF(OR($J13="",$F13="不适用"),"",IFERROR(INDEX(_怪物模型!$E$2:$E$4501,MATCH(INT($J13)&"|"&$F13,_怪物模型!$A$2:$A$4501,0))*IF($L13="",1,$L13),"")) -> 5936 | U13: =IF(OR($J13="",$F13="不适用"),"",IFERROR(INDEX(_怪物模型!$F$2:$F$4501,MATCH(INT($J13)&"|"&$F13,_怪物模型!$A$2:$A$4501,0))*IF($M13="",1,$M13),"")) -> 7383 | V13: =IF($U13="","",MIN(0.75,$U13/($U13+24000))) -> 0.23525476 | W13: =IF($S13="","",$S13/(1-$V13)*IF($N13="",1,$N13)) -> 40850.205 | X13: =IF(OR($W13="",$Q13="",$Q13=0),"",$W13/$Q13) -> 0.49013539 | Y13: =IF(OR($R13="",$T13="",$T13=0),"",$R13/($T13*IF($O13="",1,$O13))) -> 34.102231 | Z13: =IF(OR($X13="",$P13="",$P13=0),"",$X13/$P13) | AA13: =IF($J13="","待填怪物等级",IF(OR($I13="",$Q13=""),"待填对照关卡",IF($P13="","已计算",IF(AND($Y13<>"",$Y13<$X13),"生存不成立",IF($Z13<0.5,"碾压",IF($Z13<0.8,"偏简单",IF($Z13<=1.2,"适中",IF($Z13<=1.5,"偏难","过难")))))))) -> 已计算 | AB13: =IF($J13="","待填",IF(AND(ISNUMBER($J13),$J13>=1,$J13<=500,MOD($J13,1)=0),"有效","超范围")) -> 有效 | AC13: =IF(OR($J13="",ROW()=5,$B13<>$B12,$J12=""),"",IF($J13<$J12,"下降","")) | AD13: 爬塔通关2-12/S24开放；4赛季包按层共用｜修正版V4：前20层由Lv45缓升至Lv180，之后接回长期曲线；对照S38｜V4同步最新玩家曲线：Lv102→Lv93，保留原TTK/生存压力目标
A14: 当前配置 | B14: 爬塔 | C14: 4赛季包共用 | D14: 第10层 | E14: 300010;300110;300210;300310 | F14: Boss | G14: 40 | I14: =IF($H14="",$G14,$H14) -> 40 | J14: 100 | Q14: =IF($I14="","",IFERROR(INDEX(_玩家曲线!$H$2:$H$286,MATCH($I14,_玩家曲线!$A$2:$A$286,0)),"")) -> 95694.121 | R14: =IF($I14="","",IFERROR(INDEX(_玩家曲线!$I$2:$I$286,MATCH($I14,_玩家曲线!$A$2:$A$286,0)),"")) -> 226352.94 | S14: =IF(OR($J14="",$F14="不适用"),"",IFERROR(INDEX(_怪物模型!$D$2:$D$4501,MATCH(INT($J14)&"|"&$F14,_怪物模型!$A$2:$A$4501,0))*IF($K14="",1,$K14),"")) -> 3248899 | T14: =IF(OR($J14="",$F14="不适用"),"",IFERROR(INDEX(_怪物模型!$E$2:$E$4501,MATCH(INT($J14)&"|"&$F14,_怪物模型!$A$2:$A$4501,0))*IF($L14="",1,$L14),"")) -> 6672 | U14: =IF(OR($J14="",$F14="不适用"),"",IFERROR(INDEX(_怪物模型!$F$2:$F$4501,MATCH(INT($J14)&"|"&$F14,_怪物模型!$A$2:$A$4501,0))*IF($M14="",1,$M14),"")) -> 8003 | V14: =IF($U14="","",MIN(0.75,$U14/($U14+24000))) -> 0.25007031 | W14: =IF($S14="","",$S14/(1-$V14)*IF($N14="",1,$N14)) -> 4332271.4 | X14: =IF(OR($W14="",$Q14="",$Q14=0),"",$W14/$Q14) -> 45.272075 | Y14: =IF(OR($R14="",$T14="",$T14=0),"",$R14/($T14*IF($O14="",1,$O14))) -> 33.925801 | Z14: =IF(OR($X14="",$P14="",$P14=0),"",$X14/$P14) | AA14: =IF($J14="","待填怪物等级",IF(OR($I14="",$Q14=""),"待填对照关卡",IF($P14="","已计算",IF(AND($Y14<>"",$Y14<$X14),"生存不成立",IF($Z14<0.5,"碾压",IF($Z14<0.8,"偏简单",IF($Z14<=1.2,"适中",IF($Z14<=1.5,"偏难","过难")))))))) -> 已计算 | AB14: =IF($J14="","待填",IF(AND(ISNUMBER($J14),$J14>=1,$J14<=500,MOD($J14,1)=0),"有效","超范围")) -> 有效 | AC14: =IF(OR($J14="",ROW()=5,$B14<>$B13,$J13=""),"",IF($J14<$J13,"下降","")) | AD14: 爬塔通关2-12/S24开放；4赛季包按层共用｜修正版V4：前20层由Lv45缓升至Lv180，之后接回长期曲线；对照S40｜V4同步最新玩家曲线：Lv109→Lv100，保留原TTK/生存压力目标
A15: 当前配置 | B15: 爬塔 | C15: 4赛季包共用 | D15: 第11层 | E15: 300011;300111;300211;300311 | F15: 普通怪 | G15: 42 | I15: =IF($H15="",$G15,$H15) -> 42 | J15: 106 | Q15: =IF($I15="","",IFERROR(INDEX(_玩家曲线!$H$2:$H$286,MATCH($I15,_玩家曲线!$A$2:$A$286,0)),"")) -> 108691 | R15: =IF($I15="","",IFERROR(INDEX(_玩家曲线!$I$2:$I$286,MATCH($I15,_玩家曲线!$A$2:$A$286,0)),"")) -> 250851.85 | S15: =IF(OR($J15="",$F15="不适用"),"",IFERROR(INDEX(_怪物模型!$D$2:$D$4501,MATCH(INT($J15)&"|"&$F15,_怪物模型!$A$2:$A$4501,0))*IF($K15="",1,$K15),"")) -> 40033 | T15: =IF(OR($J15="",$F15="不适用"),"",IFERROR(INDEX(_怪物模型!$E$2:$E$4501,MATCH(INT($J15)&"|"&$F15,_怪物模型!$A$2:$A$4501,0))*IF($L15="",1,$L15),"")) -> 7342 | U15: =IF(OR($J15="",$F15="不适用"),"",IFERROR(INDEX(_怪物模型!$F$2:$F$4501,MATCH(INT($J15)&"|"&$F15,_怪物模型!$A$2:$A$4501,0))*IF($M15="",1,$M15),"")) -> 8542 | V15: =IF($U15="","",MIN(0.75,$U15/($U15+24000))) -> 0.26249155 | W15: =IF($S15="","",$S15/(1-$V15)*IF($N15="",1,$N15)) -> 54281.412 | X15: =IF(OR($W15="",$Q15="",$Q15=0),"",$W15/$Q15) -> 0.49941035 | Y15: =IF(OR($R15="",$T15="",$T15=0),"",$R15/($T15*IF($O15="",1,$O15))) -> 34.166692 | Z15: =IF(OR($X15="",$P15="",$P15=0),"",$X15/$P15) | AA15: =IF($J15="","待填怪物等级",IF(OR($I15="",$Q15=""),"待填对照关卡",IF($P15="","已计算",IF(AND($Y15<>"",$Y15<$X15),"生存不成立",IF($Z15<0.5,"碾压",IF($Z15<0.8,"偏简单",IF($Z15<=1.2,"适中",IF($Z15<=1.5,"偏难","过难")))))))) -> 已计算 | AB15: =IF($J15="","待填",IF(AND(ISNUMBER($J15),$J15>=1,$J15<=500,MOD($J15,1)=0),"有效","超范围")) -> 有效 | AC15: =IF(OR($J15="",ROW()=5,$B15<>$B14,$J14=""),"",IF($J15<$J14,"下降","")) | AD15: 爬塔通关2-12/S24开放；4赛季包按层共用｜修正版V4：前20层由Lv45缓升至Lv180，之后接回长期曲线；对照S42｜V4同步最新玩家曲线：Lv116→Lv106，保留原TTK/生存压力目标
A16: 当前配置 | B16: 爬塔 | C16: 4赛季包共用 | D16: 第12层 | E16: 300012;300112;300212;300312 | F16: 普通怪 | G16: 44 | I16: =IF($H16="",$G16,$H16) -> 44 | J16: 113 | Q16: =IF($I16="","",IFERROR(INDEX(_玩家曲线!$H$2:$H$286,MATCH($I16,_玩家曲线!$A$2:$A$286,0)),"")) -> 122302.62 | R16: =IF($I16="","",IFERROR(INDEX(_玩家曲线!$I$2:$I$286,MATCH($I16,_玩家曲线!$A$2:$A$286,0)),"")) -> 275850.35 | S16: =IF(OR($J16="",$F16="不适用"),"",IFERROR(INDEX(_怪物模型!$D$2:$D$4501,MATCH(INT($J16)&"|"&$F16,_怪物模型!$A$2:$A$4501,0))*IF($K16="",1,$K16),"")) -> 45377 | T16: =IF(OR($J16="",$F16="不适用"),"",IFERROR(INDEX(_怪物模型!$E$2:$E$4501,MATCH(INT($J16)&"|"&$F16,_怪物模型!$A$2:$A$4501,0))*IF($L16="",1,$L16),"")) -> 8169 | U16: =IF(OR($J16="",$F16="不适用"),"",IFERROR(INDEX(_怪物模型!$F$2:$F$4501,MATCH(INT($J16)&"|"&$F16,_怪物模型!$A$2:$A$4501,0))*IF($M16="",1,$M16),"")) -> 9179 | V16: =IF($U16="","",MIN(0.75,$U16/($U16+24000))) -> 0.27665089 | W16: =IF($S16="","",$S16/(1-$V16)*IF($N16="",1,$N16)) -> 62731.812 | X16: =IF(OR($W16="",$Q16="",$Q16=0),"",$W16/$Q16) -> 0.51292289 | Y16: =IF(OR($R16="",$T16="",$T16=0),"",$R16/($T16*IF($O16="",1,$O16))) -> 33.767946 | Z16: =IF(OR($X16="",$P16="",$P16=0),"",$X16/$P16) | AA16: =IF($J16="","待填怪物等级",IF(OR($I16="",$Q16=""),"待填对照关卡",IF($P16="","已计算",IF(AND($Y16<>"",$Y16<$X16),"生存不成立",IF($Z16<0.5,"碾压",IF($Z16<0.8,"偏简单",IF($Z16<=1.2,"适中",IF($Z16<=1.5,"偏难","过难")))))))) -> 已计算 | AB16: =IF($J16="","待填",IF(AND(ISNUMBER($J16),$J16>=1,$J16<=500,MOD($J16,1)=0),"有效","超范围")) -> 有效 | AC16: =IF(OR($J16="",ROW()=5,$B16<>$B15,$J15=""),"",IF($J16<$J15,"下降","")) | AD16: 爬塔通关2-12/S24开放；4赛季包按层共用｜修正版V4：前20层由Lv45缓升至Lv180，之后接回长期曲线；对照S44｜V4同步最新玩家曲线：Lv123→Lv113，保留原TTK/生存压力目标
... A104: 当前配置 | B104: 爬塔 | C104: 4赛季包共用 | D104: 第100层 | E104: 300100;300200;300300;300400 | F104: Boss | G104: 279 | I104: =IF($H104="",$G104,$H104) -> 279 | J104: 370 | Q104: =IF($I104="","",IFERROR(INDEX(_玩家曲线!$H$2:$H$286,MATCH($I104,_玩家曲线!$A$2:$A$286,0)),"")) -> 2497204.5 | R104: =IF($I104="","",IFERROR(INDEX(_玩家曲线!$I$2:$I$286,MATCH($I104,_玩家曲线!$A$2:$A$286,0)),"")) -> 2970822.7 | S104: =IF(OR($J104="",$F104="不适用"),"",IFERROR(INDEX(_怪物模型!$D$2:$D$4501,MATCH(INT($J104)&"|"&$F104,_怪物模型!$A$2:$A$4501,0))*IF($K104="",1,$K104),"")) -> 101916421 | T104: =IF(OR($J104="",$F104="不适用"),"",IFERROR(INDEX(_怪物模型!$E$2:$E$4501,MATCH(INT($J104)&"|"&$F104,_怪物模型!$A$2:$A$4501,0))*IF($L104="",1,$L104),"")) -> 91700 | U104: =IF(OR($J104="",$F104="不适用"),"",IFERROR(INDEX(_怪物模型!$F$2:$F$4501,MATCH(INT($J104)&"|"&$F104,_怪物模型!$A$2:$A$4501,0))*IF($M104="",1,$M104),"")) -> 38815 | V104: =IF($U104="","",MIN(0.75,$U104/($U104+24000))) -> 0.61792565 | W104: =IF($S104="","",$S104/(1-$V104)*IF($N104="",1,$N104)) -> 2.66745e+08 | X104: =IF(OR($W104="",$Q104="",$Q104=0),"",$W104/$Q104) -> 106.81744 | Y104: =IF(OR($R104="",$T104="",$T104=0),"",$R104/($T104*IF($O104="",1,$O104))) -> 32.397194 | Z104: =IF(OR($X104="",$P104="",$P104=0),"",$X104/$P104) | AA104: =IF($J104="","待填怪物等级",IF(OR($I104="",$Q104=""),"待填对照关卡",IF($P104="","已计算",IF(AND($Y104<>"",$Y104<$X104),"生存不成立",IF($Z104<0.5,"碾压",IF($Z104<0.8,"偏简单",IF($Z104<=1.2,"适中",IF($Z104<=1.5,"偏难","过难")))))))) -> 已计算 | AB104: =IF($J104="","待填",IF(AND(ISNUMBER($J104),$J104>=1,$J104<=500,MOD($J104,1)=0),"有效","超范围")) -> 有效 | AC104: =IF(OR($J104="",ROW()=5,$B104<>$B103,$J103=""),"",IF($J104<$J103,"下降","")) | AD104: 爬塔通关2-12/S24开放；4赛季包按层共用｜修正版V4：前20层由Lv45缓升至Lv180，之后接回长期曲线；对照S279｜V4同步最新玩家曲线：Lv380→Lv370，保留原TTK/生存压力目标

Sheet Boss挑战
A1: 全玩法难度填写｜Boss挑战
A2: 当前页已按开启顺序和玩法定位填入首版怪物等级。黄色J列可直接覆盖；G列是本版使用的玩家曲线对照节点。
A3: 公式口径：怪物实际属性=战斗公式标准模型×可选系数；怪物EHP=实际生命÷(1-防御减伤)×整关EHP倍率；TTK=怪物EHP÷玩家DPS。
A4: 状态 | B4: 玩法 | C4: 子玩法/共用范围 | D4: 节点名称 | E4: LevelId/配置映射 | F4: 怪物类型 | G4: 默认对照关卡 | H4: 手动对照关卡 | I4: 实际对照关卡 | J4: 怪物等级 | K4: 生命系数 | L4: 攻击系数 | M4: 防御系数 | N4: 整关EHP倍率 | O4: 攻击压力倍率 | P4: 目标时间(s) | Q4: 玩家DPS | R4: 玩家队伍EHP | S4: 怪物实际生命 | T4: 怪物实际攻击 | U4: 怪物实际防御 | V4: 怪物减伤率 | W4: 整关目标EHP | X4: 预测TTK(s) | Y4: 预测存活(s) | Z4: TTK/目标 | AA4: 难度判断 | AB4: 等级检查 | AC4: 等级趋势 | AD4: 备注
A5: 当前配置 | B5: Boss挑战 | C5: 7个Boss共用 | D5: 难度1 | E5: 510001;520001;530001;540001;550001;560001;570001 | F5: Boss | G5: 54 | I5: =IF($H5="",$G5,$H5) -> 54 | J5: 87 | Q5: =IF($I5="","",IFERROR(INDEX(_玩家曲线!$H$2:$H$286,MATCH($I5,_玩家曲线!$A$2:$A$286,0)),"")) -> 198278.84 | R5: =IF($I5="","",IFERROR(INDEX(_玩家曲线!$I$2:$I$286,MATCH($I5,_玩家曲线!$A$2:$A$286,0)),"")) -> 405824.71 | S5: =IF(OR($J5="",$F5="不适用"),"",IFERROR(INDEX(_怪物模型!$D$2:$D$4501,MATCH(INT($J5)&"|"&$F5,_怪物模型!$A$2:$A$4501,0))*IF($K5="",1,$K5),"")) -> 2430709 | T5: =IF(OR($J5="",$F5="不适用"),"",IFERROR(INDEX(_怪物模型!$E$2:$E$4501,MATCH(INT($J5)&"|"&$F5,_怪物模型!$A$2:$A$4501,0))*IF($L5="",1,$L5),"")) -> 5342 | U5: =IF(OR($J5="",$F5="不适用"),"",IFERROR(INDEX(_怪物模型!$F$2:$F$4501,MATCH(INT($J5)&"|"&$F5,_怪物模型!$A$2:$A$4501,0))*IF($M5="",1,$M5),"")) -> 6859 | V5: =IF($U5="","",MIN(0.75,$U5/($U5+24000))) -> 0.22226903 | W5: =IF($S5="","",$S5/(1-$V5)*IF($N5="",1,$N5)) -> 3125385.4 | X5: =IF(OR($W5="",$Q5="",$Q5=0),"",$W5/$Q5) -> 15.762577 | Y5: =IF(OR($R5="",$T5="",$T5=0),"",$R5/($T5*IF($O5="",1,$O5))) -> 75.968685 | Z5: =IF(OR($X5="",$P5="",$P5=0),"",$X5/$P5) | AA5: =IF($J5="","待填怪物等级",IF(OR($I5="",$Q5=""),"待填对照关卡",IF($P5="","已计算",IF(AND($Y5<>"",$Y5<$X5),"生存不成立",IF($Z5<0.5,"碾压",IF($Z5<0.8,"偏简单",IF($Z5<=1.2,"适中",IF($Z5<=1.5,"偏难","过难")))))))) -> 已计算 | AB5: =IF($J5="","待填",IF(AND(ISNUMBER($J5),$J5>=1,$J5<=500,MOD($J5,1)=0),"有效","超范围")) -> 有效 | AC5: =IF(OR($J5="",ROW()=5,$B5<>$B4,$J4=""),"",IF($J5<$J4,"下降","")) | AD5: Boss挑战通关4-15/S54开放；7个Boss共用难度档｜修正版V4：首档Lv111送进度，前5档缓升后接回验证强度；对照S54｜V4同步最新玩家曲线：Lv120→Lv111，保留原TTK/生存压力目标｜曲线同步20260811：Lv111→Lv96，保持原玩法定位与TTK/生存压力
A6: 当前配置 | B6: Boss挑战 | C6: 7个Boss共用 | D6: 难度2 | E6: 510002;520002;530002;540002;550002;560002;570002 | F6: Boss | G6: 64 | I6: =IF($H6="",$G6,$H6) -> 64 | J6: 118 | Q6: =IF($I6="","",IFERROR(INDEX(_玩家曲线!$H$2:$H$286,MATCH($I6,_玩家曲线!$A$2:$A$286,0)),"")) -> 283724.7 | R6: =IF($I6="","",IFERROR(INDEX(_玩家曲线!$I$2:$I$286,MATCH($I6,_玩家曲线!$A$2:$A$286,0)),"")) -> 538396.24 | S6: =IF(OR($J6="",$F6="不适用"),"",IFERROR(INDEX(_怪物模型!$D$2:$D$4501,MATCH(INT($J6)&"|"&$F6,_怪物模型!$A$2:$A$4501,0))*IF($K6="",1,$K6),"")) -> 4667690 | T6: =IF(OR($J6="",$F6="不适用"),"",IFERROR(INDEX(_怪物模型!$E$2:$E$4501,MATCH(INT($J6)&"|"&$F6,_怪物模型!$A$2:$A$4501,0))*IF($L6="",1,$L6),"")) -> 8791 | U6: =IF(OR($J6="",$F6="不适用"),"",IFERROR(INDEX(_怪物模型!$F$2:$F$4501,MATCH(INT($J6)&"|"&$F6,_怪物模型!$A$2:$A$4501,0))*IF($M6="",1,$M6),"")) -> 9639 | V6: =IF($U6="","",MIN(0.75,$U6/($U6+24000))) -> 0.28654241 | W6: =IF($S6="","",$S6/(1-$V6)*IF($N6="",1,$N6)) -> 6542351 | X6: =IF(OR($W6="",$Q6="",$Q6=0),"",$W6/$Q6) -> 23.0588 | Y6: =IF(OR($R6="",$T6="",$T6=0),"",$R6/($T6*IF($O6="",1,$O6))) -> 61.244027 | Z6: =IF(OR($X6="",$P6="",$P6=0),"",$X6/$P6) | AA6: =IF($J6="","待填怪物等级",IF(OR($I6="",$Q6=""),"待填对照关卡",IF($P6="","已计算",IF(AND($Y6<>"",$Y6<$X6),"生存不成立",IF($Z6<0.5,"碾压",IF($Z6<0.8,"偏简单",IF($Z6<=1.2,"适中",IF($Z6<=1.5,"偏难","过难")))))))) -> 已计算 | AB6: =IF($J6="","待填",IF(AND(ISNUMBER($J6),$J6>=1,$J6<=500,MOD($J6,1)=0),"有效","超范围")) -> 有效 | AC6: =IF(OR($J6="",ROW()=5,$B6<>$B5,$J5=""),"",IF($J6<$J5,"下降","")) | AD6: Boss挑战通关4-15/S54开放；7个Boss共用难度档｜修正版V4：首档Lv120送进度，前5档缓升后接回验证强度；对照S64｜V4同步最新玩家曲线：Lv160→Lv150，保留原TTK/生存压力目标｜曲线同步20260811：Lv150→Lv130，保持原玩法定位与TTK/生存压力
A7: 当前配置 | B7: Boss挑战 | C7: 7个Boss共用 | D7: 难度3 | E7: 510003;520003;530003;540003;550003;560003;570003 | F7: Boss | G7: 76 | I7: =IF($H7="",$G7,$H7) -> 76 | J7: 148 | Q7: =IF($I7="","",IFERROR(INDEX(_玩家曲线!$H$2:$H$286,MATCH($I7,_玩家曲线!$A$2:$A$286,0)),"")) -> 433557.75 | R7: =IF($I7="","",IFERROR(INDEX(_玩家曲线!$I$2:$I$286,MATCH($I7,_玩家曲线!$A$2:$A$286,0)),"")) -> 782852.42 | S7: =IF(OR($J7="",$F7="不适用"),"",IFERROR(INDEX(_怪物模型!$D$2:$D$4501,MATCH(INT($J7)&"|"&$F7,_怪物模型!$A$2:$A$4501,0))*IF($K7="",1,$K7),"")) -> 7901245 | T7: =IF(OR($J7="",$F7="不适用"),"",IFERROR(INDEX(_怪物模型!$E$2:$E$4501,MATCH(INT($J7)&"|"&$F7,_怪物模型!$A$2:$A$4501,0))*IF($L7="",1,$L7),"")) -> 13110 | U7: =IF(OR($J7="",$F7="不适用"),"",IFERROR(INDEX(_怪物模型!$F$2:$F$4501,MATCH(INT($J7)&"|"&$F7,_怪物模型!$A$2:$A$4501,0))*IF($M7="",1,$M7),"")) -> 12499 | V7: =IF($U7="","",MIN(0.75,$U7/($U7+24000))) -> 0.34244774 | W7: =IF($S7="","",$S7/(1-$V7)*IF($N7="",1,$N7)) -> 12016148 | X7: =IF(OR($W7="",$Q7="",$Q7=0),"",$W7/$Q7) -> 27.715218 | Y7: =IF(OR($R7="",$T7="",$T7=0),"",$R7/($T7*IF($O7="",1,$O7))) -> 59.714144 | Z7: =IF(OR($X7="",$P7="",$P7=0),"",$X7/$P7) | AA7: =IF($J7="","待填怪物等级",IF(OR($I7="",$Q7=""),"待填对照关卡",IF($P7="","已计算",IF(AND($Y7<>"",$Y7<$X7),"生存不成立",IF($Z7<0.5,"碾压",IF($Z7<0.8,"偏简单",IF($Z7<=1.2,"适中",IF($Z7<=1.5,"偏难","过难")))))))) -> 已计算 | AB7: =IF($J7="","待填",IF(AND(ISNUMBER($J7),$J7>=1,$J7<=500,MOD($J7,1)=0),"有效","超范围")) -> 有效 | AC7: =IF(OR($J7="",ROW()=5,$B7<>$B6,$J6=""),"",IF($J7<$J6,"下降","")) | AD7: Boss挑战通关4-15/S54开放；7个Boss共用难度档｜修正版V4：首档Lv120送进度，前5档缓升后接回验证强度；对照S76｜V4同步最新玩家曲线：Lv200→Lv188，保留原TTK/生存压力目标｜曲线同步20260811：Lv188→Lv163，保持原玩法定位与TTK/生存压力
A8: 当前配置 | B8: Boss挑战 | C8: 7个Boss共用 | D8: 难度4 | E8: 510004;520004;530004;540004;550004;560004;570004 | F8: Boss | G8: 89 | I8: =IF($H8="",$G8,$H8) -> 89 | J8: 172 | Q8: =IF($I8="","",IFERROR(INDEX(_玩家曲线!$H$2:$H$286,MATCH($I8,_玩家曲线!$A$2:$A$286,0)),"")) -> 599154.34 | R8: =IF($I8="","",IFERROR(INDEX(_玩家曲线!$I$2:$I$286,MATCH($I8,_玩家曲线!$A$2:$A$286,0)),"")) -> 1035127.8 | S8: =IF(OR($J8="",$F8="不适用"),"",IFERROR(INDEX(_怪物模型!$D$2:$D$4501,MATCH(INT($J8)&"|"&$F8,_怪物模型!$A$2:$A$4501,0))*IF($K8="",1,$K8),"")) -> 11430059 | T8: =IF(OR($J8="",$F8="不适用"),"",IFERROR(INDEX(_怪物模型!$E$2:$E$4501,MATCH(INT($J8)&"|"&$F8,_怪物模型!$A$2:$A$4501,0))*IF($L8="",1,$L8),"")) -> 17358 | U8: =IF(OR($J8="",$F8="不适用"),"",IFERROR(INDEX(_怪物模型!$F$2:$F$4501,MATCH(INT($J8)&"|"&$F8,_怪物模型!$A$2:$A$4501,0))*IF($M8="",1,$M8),"")) -> 14906 | V8: =IF($U8="","",MIN(0.75,$U8/($U8+24000))) -> 0.38312857 | W8: =IF($S8="","",$S8/(1-$V8)*IF($N8="",1,$N8)) -> 18529078 | X8: =IF(OR($W8="",$Q8="",$Q8=0),"",$W8/$Q8) -> 30.925384 | Y8: =IF(OR($R8="",$T8="",$T8=0),"",$R8/($T8*IF($O8="",1,$O8))) -> 59.634049 | Z8: =IF(OR($X8="",$P8="",$P8=0),"",$X8/$P8) | AA8: =IF($J8="","待填怪物等级",IF(OR($I8="",$Q8=""),"待填对照关卡",IF($P8="","已计算",IF(AND($Y8<>"",$Y8<$X8),"生存不成立",IF($Z8<0.5,"碾压",IF($Z8<0.8,"偏简单",IF($Z8<=1.2,"适中",IF($Z8<=1.5,"偏难","过难")))))))) -> 已计算 | AB8: =IF($J8="","待填",IF(AND(ISNUMBER($J8),$J8>=1,$J8<=500,MOD($J8,1)=0),"有效","超范围")) -> 有效 | AC8: =IF(OR($J8="",ROW()=5,$B8<>$B7,$J7=""),"",IF($J8<$J7,"下降","")) | AD8: Boss挑战通关4-15/S54开放；7个Boss共用难度档｜修正版V4：首档Lv120送进度，前5档缓升后接回验证强度；对照S89｜V4同步最新玩家曲线：Lv230→Lv217，保留原TTK/生存压力目标｜曲线同步20260811：Lv217→Lv188，保持原玩法定位与TTK/生存压力
A9: 当前配置 | B9: Boss挑战 | C9: 7个Boss共用 | D9: 难度5 | E9: 510005;520005;530005;540005;550005;560005;570005 | F9: Boss | G9: 104 | I9: =IF($H9="",$G9,$H9) -> 104 | J9: 196 | Q9: =IF($I9="","",IFERROR(INDEX(_玩家曲线!$H$2:$H$286,MATCH($I9,_玩家曲线!$A$2:$A$286,0)),"")) -> 817424.93 | R9: =IF($I9="","",IFERROR(INDEX(_玩家曲线!$I$2:$I$286,MATCH($I9,_玩家曲线!$A$2:$A$286,0)),"")) -> 1331853.1 | S9: =IF(OR($J9="",$F9="不适用"),"",IFERROR(INDEX(_怪物模型!$D$2:$D$4501,MATCH(INT($J9)&"|"&$F9,_怪物模型!$A$2:$A$4501,0))*IF($K9="",1,$K9),"")) -> 15976312 | T9: =IF(OR($J9="",$F9="不适用"),"",IFERROR(INDEX(_怪物模型!$E$2:$E$4501,MATCH(INT($J9)&"|"&$F9,_怪物模型!$A$2:$A$4501,0))*IF($L9="",1,$L9),"")) -> 22397 | U9: =IF(OR($J9="",$F9="不适用"),"",IFERROR(INDEX(_怪物模型!$F$2:$F$4501,MATCH(INT($J9)&"|"&$F9,_怪物模型!$A$2:$A$4501,0))*IF($M9="",1,$M9),"")) -> 17420 | V9: =IF($U9="","",MIN(0.75,$U9/($U9+24000))) -> 0.42056977 | W9: =IF($S9="","",$S9/(1-$V9)*IF($N9="",1,$N9)) -> 27572452 | X9: =IF(OR($W9="",$Q9="",$Q9=0),"",$W9/$Q9) -> 33.730867 | Y9: =IF(OR($R9="",$T9="",$T9=0),"",$R9/($T9*IF($O9="",1,$O9))) -> 59.46569 | Z9: =IF(OR($X9="",$P9="",$P9=0),"",$X9/$P9) | AA9: =IF($J9="","待填怪物等级",IF(OR($I9="",$Q9=""),"待填对照关卡",IF($P9="","已计算",IF(AND($Y9<>"",$Y9<$X9),"生存不成立",IF($Z9<0.5,"碾压",IF($Z9<0.8,"偏简单",IF($Z9<=1.2,"适中",IF($Z9<=1.5,"偏难","过难")))))))) -> 已计算 | AB9: =IF($J9="","待填",IF(AND(ISNUMBER($J9),$J9>=1,$J9<=500,MOD($J9,1)=0),"有效","超范围")) -> 有效 | AC9: =IF(OR($J9="",ROW()=5,$B9<>$B8,$J8=""),"",IF($J9<$J8,"下降","")) | AD9: Boss挑战通关4-15/S54开放；7个Boss共用难度档｜修正版V4：首档Lv120送进度，前5档缓升后接回验证强度；对照S104｜V4同步最新玩家曲线：Lv260→Lv247，保留原TTK/生存压力目标｜曲线同步20260811：Lv247→Lv214，保持原玩法定位与TTK/生存压力
A10: 当前配置 | B10: Boss挑战 | C10: 7个Boss共用 | D10: 难度6 | E10: 510006;520006;530006;540006;550006;560006;570006 | F10: Boss | G10: 122 | I10: =IF($H10="",$G10,$H10) -> 122 | J10: 224 | Q10: =IF($I10="","",IFERROR(INDEX(_玩家曲线!$H$2:$H$286,MATCH($I10,_玩家曲线!$A$2:$A$286,0)),"")) -> 1187446.4 | R10: =IF($I10="","",IFERROR(INDEX(_玩家曲线!$I$2:$I$286,MATCH($I10,_玩家曲线!$A$2:$A$286,0)),"")) -> 1747969.8 | S10: =IF(OR($J10="",$F10="不适用"),"",IFERROR(INDEX(_怪物模型!$D$2:$D$4501,MATCH(INT($J10)&"|"&$F10,_怪物模型!$A$2:$A$4501,0))*IF($K10="",1,$K10),"")) -> 22826923 | T10: =IF(OR($J10="",$F10="不适用"),"",IFERROR(INDEX(_怪物模型!$E$2:$E$4501,MATCH(INT($J10)&"|"&$F10,_怪物模型!$A$2:$A$4501,0))*IF($L10="",1,$L10),"")) -> 29393 | U10: =IF(OR($J10="",$F10="不适用"),"",IFERROR(INDEX(_怪物模型!$F$2:$F$4501,MATCH(INT($J10)&"|"&$F10,_怪物模型!$A$2:$A$4501,0))*IF($M10="",1,$M10),"")) -> 20486 | V10: =IF($U10="","",MIN(0.75,$U10/($U10+24000))) -> 0.46050443 | W10: =IF($S10="","",$S10/(1-$V10)*IF($N10="",1,$N10)) -> 42311604 | X10: =IF(OR($W10="",$Q10="",$Q10=0),"",$W10/$Q10) -> 35.632434 | Y10: =IF(OR($R10="",$T10="",$T10=0),"",$R10/($T10*IF($O10="",1,$O10))) -> 59.468915 | Z10: =IF(OR($X10="",$P10="",$P10=0),"",$X10/$P10) | AA10: =IF($J10="","待填怪物等级",IF(OR($I10="",$Q10=""),"待填对照关卡",IF($P10="","已计算",IF(AND($Y10<>"",$Y10<$X10),"生存不成立",IF($Z10<0.5,"碾压",IF($Z10<0.8,"偏简单",IF($Z10<=1.2,"适中",IF($Z10<=1.5,"偏难","过难")))))))) -> 已计算 | AB10: =IF($J10="","待填",IF(AND(ISNUMBER($J10),$J10>=1,$J10<=500,MOD($J10,1)=0),"有效","超范围")) -> 有效 | AC10: =IF(OR($J10="",ROW()=5,$B10<>$B9,$J9=""),"",IF($J10<$J9,"下降","")) | AD10: Boss挑战通关4-15/S54开放；7个Boss共用难度档｜修正版V4：首档Lv120送进度，前5档缓升后接回验证强度；对照S122｜V4同步最新玩家曲线：Lv293→Lv280，保留原TTK/生存压力目标｜曲线同步20260811：Lv280→Lv244，保持原玩法定位与TTK/生存压力
A11: 当前配置 | B11: Boss挑战 | C11: 7个Boss共用 | D11: 难度7 | E11: 510007;520007;530007;540007;550007;560007;570007 | F11: Boss | G11: 144 | I11: =IF($H11="",$G11,$H11) -> 144 | J11: 244 | Q11: =IF($I11="","",IFERROR(INDEX(_玩家曲线!$H$2:$H$286,MATCH($I11,_玩家曲线!$A$2:$A$286,0)),"")) -> 1582287.5 | R11: =IF($I11="","",IFERROR(INDEX(_玩家曲线!$I$2:$I$286,MATCH($I11,_玩家曲线!$A$2:$A$286,0)),"")) -> 2146871.1 | S11: =IF(OR($J11="",$F11="不适用"),"",IFERROR(INDEX(_怪物模型!$D$2:$D$4501,MATCH(INT($J11)&"|"&$F11,_怪物模型!$A$2:$A$4501,0))*IF($K11="",1,$K11),"")) -> 28927088 | T11: =IF(OR($J11="",$F11="不适用"),"",IFERROR(INDEX(_怪物模型!$E$2:$E$4501,MATCH(INT($J11)&"|"&$F11,_怪物模型!$A$2:$A$4501,0))*IF($L11="",1,$L11),"")) -> 35204 | U11: =IF(OR($J11="",$F11="不适用"),"",IFERROR(INDEX(_怪物模型!$F$2:$F$4501,MATCH(INT($J11)&"|"&$F11,_怪物模型!$A$2:$A$4501,0))*IF($M11="",1,$M11),"")) -> 22765 | V11: =IF($U11="","",MIN(0.75,$U11/($U11+24000))) -> 0.48679568 | W11: =IF($S11="","",$S11/(1-$V11)*IF($N11="",1,$N11)) -> 56365636 | X11: =IF(OR($W11="",$Q11="",$Q11=0),"",$W11/$Q11) -> 35.622878 | Y11: =IF(OR($R11="",$T11="",$T11=0),"",$R11/($T11*IF($O11="",1,$O11))) -> 60.983726 | Z11: =IF(OR($X11="",$P11="",$P11=0),"",$X11/$P11) | AA11: =IF($J11="","待填怪物等级",IF(OR($I11="",$Q11=""),"待填对照关卡",IF($P11="","已计算",IF(AND($Y11<>"",$Y11<$X11),"生存不成立",IF($Z11<0.5,"碾压",IF($Z11<0.8,"偏简单",IF($Z11<=1.2,"适中",IF($Z11<=1.5,"偏难","过难")))))))) -> 已计算 | AB11: =IF($J11="","待填",IF(AND(ISNUMBER($J11),$J11>=1,$J11<=500,MOD($J11,1)=0),"有效","超范围")) -> 有效 | AC11: =IF(OR($J11="",ROW()=5,$B11<>$B10,$J10=""),"",IF($J11<$J10,"下降","")) | AD11: Boss挑战通关4-15/S54开放；7个Boss共用难度档｜修正版V4：首档Lv120送进度，前5档缓升后接回验证强度；对照S144｜V4同步最新玩家曲线：Lv317→Lv305，保留原TTK/生存压力目标｜曲线同步20260811：Lv305→Lv266，保持原玩法定位与TTK/生存压力
A12: 当前配置 | B12: Boss挑战 | C12: 7个Boss共用 | D12: 难度8 | E12: 510008;520008;530008;540008;550008;560008;570008 | F12: Boss | G12: 172 | I12: =IF($H12="",$G12,$H12) -> 172 | J12: 263 | Q12: =IF($I12="","",IFERROR(INDEX(_玩家曲线!$H$2:$H$286,MATCH($I12,_玩家曲线!$A$2:$A$286,0)),"")) -> 1957892 | R12: =IF($I12="","",IFERROR(INDEX(_玩家曲线!$I$2:$I$286,MATCH($I12,_玩家曲线!$A$2:$A$286,0)),"")) -> 2497333.9 | S12: =IF(OR($J12="",$F12="不适用"),"",IFERROR(INDEX(_怪物模型!$D$2:$D$4501,MATCH(INT($J12)&"|"&$F12,_怪物模型!$A$2:$A$4501,0))*IF($K12="",1,$K12),"")) -> 35806200 | T12: =IF(OR($J12="",$F12="不适用"),"",IFERROR(INDEX(_怪物模型!$E$2:$E$4501,MATCH(INT($J12)&"|"&$F12,_怪物模型!$A$2:$A$4501,0))*IF($L12="",1,$L12),"")) -> 41414 | U12: =IF(OR($J12="",$F12="不适用"),"",IFERROR(INDEX(_怪物模型!$F$2:$F$4501,MATCH(INT($J12)&"|"&$F12,_怪物模型!$A$2:$A$4501,0))*IF($M12="",1,$M12),"")) -> 24998 | V12: =IF($U12="","",MIN(0.75,$U12/($U12+24000))) -> 0.51018409 | W12: =IF($S12="","",$S12/(1-$V12)*IF($N12="",1,$N12)) -> 73101341 | X12: =IF(OR($W12="",$Q12="",$Q12=0),"",$W12/$Q12) -> 37.336759 | Y12: =IF(OR($R12="",$T12="",$T12=0),"",$R12/($T12*IF($O12="",1,$O12))) -> 60.301684 | Z12: =IF(OR($X12="",$P12="",$P12=0),"",$X12/$P12) | AA12: =IF($J12="","待填怪物等级",IF(OR($I12="",$Q12=""),"待填对照关卡",IF($P12="","已计算",IF(AND($Y12<>"",$Y12<$X12),"生存不成立",IF($Z12<0.5,"碾压",IF($Z12<0.8,"偏简单",IF($Z12<=1.2,"适中",IF($Z12<=1.5,"偏难","过难")))))))) -> 已计算 | AB12: =IF($J12="","待填",IF(AND(ISNUMBER($J12),$J12>=1,$J12<=500,MOD($J12,1)=0),"有效","超范围")) -> 有效 | AC12: =IF(OR($J12="",ROW()=5,$B12<>$B11,$J11=""),"",IF($J12<$J11,"下降","")) | AD12: Boss挑战通关4-15/S54开放；7个Boss共用难度档｜修正版V4：首档Lv120送进度，前5档缓升后接回验证强度；对照S172｜V4同步最新玩家曲线：Lv337→Lv326，保留原TTK/生存压力目标｜曲线同步20260811：Lv326→Lv285，保持原玩法定位与TTK/生存压力
A13: 当前配置 | B13: Boss挑战 | C13: 7个Boss共用 | D13: 难度9 | E13: 510009;520009;530009;540009;550009;560009;570009 | F13: Boss | G13: 209 | I13: =IF($H13="",$G13,$H13) -> 209 | J13: 279 | Q13: =IF($I13="","",IFERROR(INDEX(_玩家曲线!$H$2:$H$286,MATCH($I13,_玩家曲线!$A$2:$A$286,0)),"")) -> 2262369.9 | R13: =IF($I13="","",IFERROR(INDEX(_玩家曲线!$I$2:$I$286,MATCH($I13,_玩家曲线!$A$2:$A$286,0)),"")) -> 2767210.3 | S13: =IF(OR($J13="",$F13="不适用"),"",IFERROR(INDEX(_怪物模型!$D$2:$D$4501,MATCH(INT($J13)&"|"&$F13,_怪物模型!$A$2:$A$4501,0))*IF($K13="",1,$K13),"")) -> 42523951 | T13: =IF(OR($J13="",$F13="不适用"),"",IFERROR(INDEX(_怪物模型!$E$2:$E$4501,MATCH(INT($J13)&"|"&$F13,_怪物模型!$A$2:$A$4501,0))*IF($L13="",1,$L13),"")) -> 47206 | U13: =IF(OR($J13="",$F13="不适用"),"",IFERROR(INDEX(_怪物模型!$F$2:$F$4501,MATCH(INT($J13)&"|"&$F13,_怪物模型!$A$2:$A$4501,0))*IF($M13="",1,$M13),"")) -> 26930 | V13: =IF($U13="","",MIN(0.75,$U13/($U13+24000))) -> 0.52876497 | W13: =IF($S13="","",$S13/(1-$V13)*IF($N13="",1,$N13)) -> 90239368 | X13: =IF(OR($W13="",$Q13="",$Q13=0),"",$W13/$Q13) -> 39.887097 | Y13: =IF(OR($R13="",$T13="",$T13=0),"",$R13/($T13*IF($O13="",1,$O13))) -> 58.619884 | Z13: =IF(OR($X13="",$P13="",$P13=0),"",$X13/$P13) | AA13: =IF($J13="","待填怪物等级",IF(OR($I13="",$Q13=""),"待填对照关卡",IF($P13="","已计算",IF(AND($Y13<>"",$Y13<$X13),"生存不成立",IF($Z13<0.5,"碾压",IF($Z13<0.8,"偏简单",IF($Z13<=1.2,"适中",IF($Z13<=1.5,"偏难","过难")))))))) -> 已计算 | AB13: =IF($J13="","待填",IF(AND(ISNUMBER($J13),$J13>=1,$J13<=500,MOD($J13,1)=0),"有效","超范围")) -> 有效 | AC13: =IF(OR($J13="",ROW()=5,$B13<>$B12,$J12=""),"",IF($J13<$J12,"下降","")) | AD13: Boss挑战通关4-15/S54开放；7个Boss共用难度档｜修正版V4：首档Lv120送进度，前5档缓升后接回验证强度；对照S209｜V4同步最新玩家曲线：Lv354→Lv344，保留原TTK/生存压力目标｜曲线同步20260811：Lv344→Lv302，保持原玩法定位与TTK/生存压力
A14: 当前配置 | B14: Boss挑战 | C14: 7个Boss共用 | D14: 难度10 | E14: 510010;520010;530010;540010;550010;560010;570010 | F14: Boss | G14: 254 | I14: =IF($H14="",$G14,$H14) -> 254 | J14: 295 | Q14: =IF($I14="","",IFERROR(INDEX(_玩家曲线!$H$2:$H$286,MATCH($I14,_玩家曲线!$A$2:$A$286,0)),"")) -> 2445117.8 | R14: =IF($I14="","",IFERROR(INDEX(_玩家曲线!$I$2:$I$286,MATCH($I14,_玩家曲线!$A$2:$A$286,0)),"")) -> 2925643.8 | S14: =IF(OR($J14="",$F14="不适用"),"",IFERROR(INDEX(_怪物模型!$D$2:$D$4501,MATCH(INT($J14)&"|"&$F14,_怪物模型!$A$2:$A$4501,0))*IF($K14="",1,$K14),"")) -> 50185576 | T14: =IF(OR($J14="",$F14="不适用"),"",IFERROR(INDEX(_怪物模型!$E$2:$E$4501,MATCH(INT($J14)&"|"&$F14,_怪物模型!$A$2:$A$4501,0))*IF($L14="",1,$L14),"")) -> 53546 | U14: =IF(OR($J14="",$F14="不适用"),"",IFERROR(INDEX(_怪物模型!$F$2:$F$4501,MATCH(INT($J14)&"|"&$F14,_怪物模型!$A$2:$A$4501,0))*IF($M14="",1,$M14),"")) -> 28909 | V14: =IF($U14="","",MIN(0.75,$U14/($U14+24000))) -> 0.54639097 | W14: =IF($S14="","",$S14/(1-$V14)*IF($N14="",1,$N14)) -> 1.1063619e+08 | X14: =IF(OR($W14="",$Q14="",$Q14=0),"",$W14/$Q14) -> 45.247797 | Y14: =IF(OR($R14="",$T14="",$T14=0),"",$R14/($T14*IF($O14="",1,$O14))) -> 54.637953 | Z14: =IF(OR($X14="",$P14="",$P14=0),"",$X14/$P14) | AA14: =IF($J14="","待填怪物等级",IF(OR($I14="",$Q14=""),"待填对照关卡",IF($P14="","已计算",IF(AND($Y14<>"",$Y14<$X14),"生存不成立",IF($Z14<0.5,"碾压",IF($Z14<0.8,"偏简单",IF($Z14<=1.2,"适中",IF($Z14<=1.5,"偏难","过难")))))))) -> 已计算 | AB14: =IF($J14="","待填",IF(AND(ISNUMBER($J14),$J14>=1,$J14<=500,MOD($J14,1)=0),"有效","超范围")) -> 有效 | AC14: =IF(OR($J14="",ROW()=5,$B14<>$B13,$J13=""),"",IF($J14<$J13,"下降","")) | AD14: Boss挑战通关4-15/S54开放；7个Boss共用难度档｜修正版V4：首档Lv120送进度，前5档缓升后接回验证强度；对照S254｜V4同步最新玩家曲线：Lv371→Lv361，保留原TTK/生存压力目标｜曲线同步20260811：Lv361→Lv318，保持原玩法定位与TTK/生存压力

Sheet 肉鸽
A1: 全玩法难度填写｜肉鸽
A2: 当前页已按开启顺序和玩法定位填入首版怪物等级。黄色J列可直接覆盖；G列是本版使用的玩家曲线对照节点。
A3: 公式口径：怪物实际属性=战斗公式标准模型×可选系数；怪物EHP=实际生命÷(1-防御减伤)×整关EHP倍率；TTK=怪物EHP÷玩家DPS。
A4: 状态 | B4: 玩法 | C4: 子玩法/共用范围 | D4: 节点名称 | E4: LevelId/配置映射 | F4: 怪物类型 | G4: 默认对照关卡 | H4: 手动对照关卡 | I4: 实际对照关卡 | J4: 怪物等级 | K4: 生命系数 | L4: 攻击系数 | M4: 防御系数 | N4: 整关EHP倍率 | O4: 攻击压力倍率 | P4: 目标时间(s) | Q4: 玩家DPS | R4: 玩家队伍EHP | S4: 怪物实际生命 | T4: 怪物实际攻击 | U4: 怪物实际防御 | V4: 怪物减伤率 | W4: 整关目标EHP | X4: 预测TTK(s) | Y4: 预测存活(s) | Z4: TTK/目标 | AA4: 难度判断 | AB4: 等级检查 | AC4: 等级趋势 | AD4: 备注
A5: 当前配置 | B5: 肉鸽 | C5: 5张场景 | D5: 难度1 | E5: 1000001 | F5: Boss | G5: 85 | I5: =IF($H5="",$G5,$H5) -> 85 | J5: 106 | Q5: =IF($I5="","",IFERROR(INDEX(_玩家曲线!$H$2:$H$286,MATCH($I5,_玩家曲线!$A$2:$A$286,0)),"")) -> 548594.41 | R5: =IF($I5="","",IFERROR(INDEX(_玩家曲线!$I$2:$I$286,MATCH($I5,_玩家曲线!$A$2:$A$286,0)),"")) -> 959754.58 | S5: =IF(OR($J5="",$F5="不适用"),"",IFERROR(INDEX(_怪物模型!$D$2:$D$4501,MATCH(INT($J5)&"|"&$F5,_怪物模型!$A$2:$A$4501,0))*IF($K5="",1,$K5),"")) -> 3683022 | T5: =IF(OR($J5="",$F5="不适用"),"",IFERROR(INDEX(_怪物模型!$E$2:$E$4501,MATCH(INT($J5)&"|"&$F5,_怪物模型!$A$2:$A$4501,0))*IF($L5="",1,$L5),"")) -> 7342 | U5: =IF(OR($J5="",$F5="不适用"),"",IFERROR(INDEX(_怪物模型!$F$2:$F$4501,MATCH(INT($J5)&"|"&$F5,_怪物模型!$A$2:$A$4501,0))*IF($M5="",1,$M5),"")) -> 8542 | V5: =IF($U5="","",MIN(0.75,$U5/($U5+24000))) -> 0.26249155 | W5: =IF($S5="","",$S5/(1-$V5)*IF($N5="",1,$N5)) -> 4993870.9 | X5: =IF(OR($W5="",$Q5="",$Q5=0),"",$W5/$Q5) -> 9.1030292 | Y5: =IF(OR($R5="",$T5="",$T5=0),"",$R5/($T5*IF($O5="",1,$O5))) -> 130.72114 | Z5: =IF(OR($X5="",$P5="",$P5=0),"",$X5/$P5) | AA5: =IF($J5="","待填怪物等级",IF(OR($I5="",$Q5=""),"待填对照关卡",IF($P5="","已计算",IF(AND($Y5<>"",$Y5<$X5),"生存不成立",IF($Z5<0.5,"碾压",IF($Z5<0.8,"偏简单",IF($Z5<=1.2,"适中",IF($Z5<=1.5,"偏难","过难")))))))) -> 已计算 | AB5: =IF($J5="","待填",IF(AND(ISNUMBER($J5),$J5>=1,$J5<=500,MOD($J5,1)=0),"有效","超范围")) -> 有效 | AC5: =IF(OR($J5="",ROW()=5,$B5<>$B4,$J4=""),"",IF($J5<$J4,"下降","")) | AD5: 肉鸽系统Lv35/S85开放；场景索引1000001｜修正版V4：前三档Lv140/210/285缓升，为开启与局内成长留容错；对照S85｜V4同步最新玩家曲线：Lv150→Lv140，保留原TTK/生存压力目标｜曲线同步20260811：Lv140→Lv118，保持原玩法定位与TTK/生存压力
A6: 当前配置 | B6: 肉鸽 | C6: 5张场景 | D6: 难度2 | E6: 1000002 | F6: Boss | G6: 110 | I6: =IF($H6="",$G6,$H6) -> 110 | J6: 154 | Q6: =IF($I6="","",IFERROR(INDEX(_玩家曲线!$H$2:$H$286,MATCH($I6,_玩家曲线!$A$2:$A$286,0)),"")) -> 943236.78 | R6: =IF($I6="","",IFERROR(INDEX(_玩家曲线!$I$2:$I$286,MATCH($I6,_玩家曲线!$A$2:$A$286,0)),"")) -> 1479163.3 | S6: =IF(OR($J6="",$F6="不适用"),"",IFERROR(INDEX(_怪物模型!$D$2:$D$4501,MATCH(INT($J6)&"|"&$F6,_怪物模型!$A$2:$A$4501,0))*IF($K6="",1,$K6),"")) -> 8697665 | T6: =IF(OR($J6="",$F6="不适用"),"",IFERROR(INDEX(_怪物模型!$E$2:$E$4501,MATCH(INT($J6)&"|"&$F6,_怪物模型!$A$2:$A$4501,0))*IF($L6="",1,$L6),"")) -> 14102 | U6: =IF(OR($J6="",$F6="不适用"),"",IFERROR(INDEX(_怪物模型!$F$2:$F$4501,MATCH(INT($J6)&"|"&$F6,_怪物模型!$A$2:$A$4501,0))*IF($M6="",1,$M6),"")) -> 13091 | V6: =IF($U6="","",MIN(0.75,$U6/($U6+24000))) -> 0.35294276 | W6: =IF($S6="","",$S6/(1-$V6)*IF($N6="",1,$N6)) -> 13441879 | X6: =IF(OR($W6="",$Q6="",$Q6=0),"",$W6/$Q6) -> 14.2508 | Y6: =IF(OR($R6="",$T6="",$T6=0),"",$R6/($T6*IF($O6="",1,$O6))) -> 104.89032 | Z6: =IF(OR($X6="",$P6="",$P6=0),"",$X6/$P6) | AA6: =IF($J6="","待填怪物等级",IF(OR($I6="",$Q6=""),"待填对照关卡",IF($P6="","已计算",IF(AND($Y6<>"",$Y6<$X6),"生存不成立",IF($Z6<0.5,"碾压",IF($Z6<0.8,"偏简单",IF($Z6<=1.2,"适中",IF($Z6<=1.5,"偏难","过难")))))))) -> 已计算 | AB6: =IF($J6="","待填",IF(AND(ISNUMBER($J6),$J6>=1,$J6<=500,MOD($J6,1)=0),"有效","超范围")) -> 有效 | AC6: =IF(OR($J6="",ROW()=5,$B6<>$B5,$J5=""),"",IF($J6<$J5,"下降","")) | AD6: 肉鸽系统Lv35/S85开放；场景索引1000002｜修正版V4：前三档Lv150/210/285缓升，为开启与局内成长留容错；对照S110｜V4同步最新玩家曲线：Lv210→Lv199，保留原TTK/生存压力目标｜曲线同步20260811：Lv199→Lv170，保持原玩法定位与TTK/生存压力
A7: 当前配置 | B7: 肉鸽 | C7: 5张场景 | D7: 难度3 | E7: 1000003 | F7: Boss | G7: 145 | I7: =IF($H7="",$G7,$H7) -> 145 | J7: 218 | Q7: =IF($I7="","",IFERROR(INDEX(_玩家曲线!$H$2:$H$286,MATCH($I7,_玩家曲线!$A$2:$A$286,0)),"")) -> 1598200.4 | R7: =IF($I7="","",IFERROR(INDEX(_玩家曲线!$I$2:$I$286,MATCH($I7,_玩家曲线!$A$2:$A$286,0)),"")) -> 2162216 | S7: =IF(OR($J7="",$F7="不适用"),"",IFERROR(INDEX(_怪物模型!$D$2:$D$4501,MATCH(INT($J7)&"|"&$F7,_怪物模型!$A$2:$A$4501,0))*IF($K7="",1,$K7),"")) -> 21202917 | T7: =IF(OR($J7="",$F7="不适用"),"",IFERROR(INDEX(_怪物模型!$E$2:$E$4501,MATCH(INT($J7)&"|"&$F7,_怪物模型!$A$2:$A$4501,0))*IF($L7="",1,$L7),"")) -> 27786 | U7: =IF(OR($J7="",$F7="不适用"),"",IFERROR(INDEX(_怪物模型!$F$2:$F$4501,MATCH(INT($J7)&"|"&$F7,_怪物模型!$A$2:$A$4501,0))*IF($M7="",1,$M7),"")) -> 19817 | V7: =IF($U7="","",MIN(0.75,$U7/($U7+24000))) -> 0.45226738 | W7: =IF($S7="","",$S7/(1-$V7)*IF($N7="",1,$N7)) -> 38710342 | X7: =IF(OR($W7="",$Q7="",$Q7=0),"",$W7/$Q7) -> 24.221207 | Y7: =IF(OR($R7="",$T7="",$T7=0),"",$R7/($T7*IF($O7="",1,$O7))) -> 77.816742 | Z7: =IF(OR($X7="",$P7="",$P7=0),"",$X7/$P7) | AA7: =IF($J7="","待填怪物等级",IF(OR($I7="",$Q7=""),"待填对照关卡",IF($P7="","已计算",IF(AND($Y7<>"",$Y7<$X7),"生存不成立",IF($Z7<0.5,"碾压",IF($Z7<0.8,"偏简单",IF($Z7<=1.2,"适中",IF($Z7<=1.5,"偏难","过难")))))))) -> 已计算 | AB7: =IF($J7="","待填",IF(AND(ISNUMBER($J7),$J7>=1,$J7<=500,MOD($J7,1)=0),"有效","超范围")) -> 有效 | AC7: =IF(OR($J7="",ROW()=5,$B7<>$B6,$J6=""),"",IF($J7<$J6,"下降","")) | AD7: 肉鸽系统Lv35/S85开放；场景索引1000003｜修正版V4：前三档Lv150/210/285缓升，为开启与局内成长留容错；对照S145｜V4同步最新玩家曲线：Lv285→Lv274，保留原TTK/生存压力目标｜曲线同步20260811：Lv274→Lv238，保持原玩法定位与TTK/生存压力
A8: 当前配置 | B8: 肉鸽 | C8: 5张场景 | D8: 难度4 | E8: 1000004 | F8: Boss | G8: 190 | I8: =IF($H8="",$G8,$H8) -> 190 | J8: 267 | Q8: =IF($I8="","",IFERROR(INDEX(_玩家曲线!$H$2:$H$286,MATCH($I8,_玩家曲线!$A$2:$A$286,0)),"")) -> 2129172.7 | R8: =IF($I8="","",IFERROR(INDEX(_玩家曲线!$I$2:$I$286,MATCH($I8,_玩家曲线!$A$2:$A$286,0)),"")) -> 2650366.7 | S8: =IF(OR($J8="",$F8="不适用"),"",IFERROR(INDEX(_怪物模型!$D$2:$D$4501,MATCH(INT($J8)&"|"&$F8,_怪物模型!$A$2:$A$4501,0))*IF($K8="",1,$K8),"")) -> 37402371 | T8: =IF(OR($J8="",$F8="不适用"),"",IFERROR(INDEX(_怪物模型!$E$2:$E$4501,MATCH(INT($J8)&"|"&$F8,_怪物模型!$A$2:$A$4501,0))*IF($L8="",1,$L8),"")) -> 42813 | U8: =IF(OR($J8="",$F8="不适用"),"",IFERROR(INDEX(_怪物模型!$F$2:$F$4501,MATCH(INT($J8)&"|"&$F8,_怪物模型!$A$2:$A$4501,0))*IF($M8="",1,$M8),"")) -> 25477 | V8: =IF($U8="","",MIN(0.75,$U8/($U8+24000))) -> 0.51492613 | W8: =IF($S8="","",$S8/(1-$V8)*IF($N8="",1,$N8)) -> 77106546 | X8: =IF(OR($W8="",$Q8="",$Q8=0),"",$W8/$Q8) -> 36.214322 | Y8: =IF(OR($R8="",$T8="",$T8=0),"",$R8/($T8*IF($O8="",1,$O8))) -> 61.905653 | Z8: =IF(OR($X8="",$P8="",$P8=0),"",$X8/$P8) | AA8: =IF($J8="","待填怪物等级",IF(OR($I8="",$Q8=""),"待填对照关卡",IF($P8="","已计算",IF(AND($Y8<>"",$Y8<$X8),"生存不成立",IF($Z8<0.5,"碾压",IF($Z8<0.8,"偏简单",IF($Z8<=1.2,"适中",IF($Z8<=1.5,"偏难","过难")))))))) -> 已计算 | AB8: =IF($J8="","待填",IF(AND(ISNUMBER($J8),$J8>=1,$J8<=500,MOD($J8,1)=0),"有效","超范围")) -> 有效 | AC8: =IF(OR($J8="",ROW()=5,$B8<>$B7,$J7=""),"",IF($J8<$J7,"下降","")) | AD8: 肉鸽系统Lv35/S85开放；场景索引1000004｜修正版V4：前三档Lv150/210/285缓升，为开启与局内成长留容错；对照S190｜V4同步最新玩家曲线：Lv340→Lv330，保留原TTK/生存压力目标｜曲线同步20260811：Lv330→Lv289，保持原玩法定位与TTK/生存压力
A9: 当前配置 | B9: 肉鸽 | C9: 5张场景 | D9: 难度5 | E9: 1000005 | F9: Boss | G9: 240 | I9: =IF($H9="",$G9,$H9) -> 240 | J9: 286 | Q9: =IF($I9="","",IFERROR(INDEX(_玩家曲线!$H$2:$H$286,MATCH($I9,_玩家曲线!$A$2:$A$286,0)),"")) -> 2403362.2 | R9: =IF($I9="","",IFERROR(INDEX(_玩家曲线!$I$2:$I$286,MATCH($I9,_玩家曲线!$A$2:$A$286,0)),"")) -> 2889519.9 | S9: =IF(OR($J9="",$F9="不适用"),"",IFERROR(INDEX(_怪物模型!$D$2:$D$4501,MATCH(INT($J9)&"|"&$F9,_怪物模型!$A$2:$A$4501,0))*IF($K9="",1,$K9),"")) -> 45754044 | T9: =IF(OR($J9="",$F9="不适用"),"",IFERROR(INDEX(_怪物模型!$E$2:$E$4501,MATCH(INT($J9)&"|"&$F9,_怪物模型!$A$2:$A$4501,0))*IF($L9="",1,$L9),"")) -> 49910 | U9: =IF(OR($J9="",$F9="不适用"),"",IFERROR(INDEX(_怪物模型!$F$2:$F$4501,MATCH(INT($J9)&"|"&$F9,_怪物模型!$A$2:$A$4501,0))*IF($M9="",1,$M9),"")) -> 27790 | V9: =IF($U9="","",MIN(0.75,$U9/($U9+24000))) -> 0.53659008 | W9: =IF($S9="","",$S9/(1-$V9)*IF($N9="",1,$N9)) -> 98733414 | X9: =IF(OR($W9="",$Q9="",$Q9=0),"",$W9/$Q9) -> 41.08137 | Y9: =IF(OR($R9="",$T9="",$T9=0),"",$R9/($T9*IF($O9="",1,$O9))) -> 57.894608 | Z9: =IF(OR($X9="",$P9="",$P9=0),"",$X9/$P9) | AA9: =IF($J9="","待填怪物等级",IF(OR($I9="",$Q9=""),"待填对照关卡",IF($P9="","已计算",IF(AND($Y9<>"",$Y9<$X9),"生存不成立",IF($Z9<0.5,"碾压",IF($Z9<0.8,"偏简单",IF($Z9<=1.2,"适中",IF($Z9<=1.5,"偏难","过难")))))))) -> 已计算 | AB9: =IF($J9="","待填",IF(AND(ISNUMBER($J9),$J9>=1,$J9<=500,MOD($J9,1)=0),"有效","超范围")) -> 有效 | AC9: =IF(OR($J9="",ROW()=5,$B9<>$B8,$J8=""),"",IF($J9<$J8,"下降","")) | AD9: 肉鸽系统Lv35/S85开放；场景索引1000005｜修正版V4：前三档Lv150/210/285缓升，为开启与局内成长留容错；对照S240｜V4同步最新玩家曲线：Lv361→Lv351，保留原TTK/生存压力目标｜曲线同步20260811：Lv351→Lv309，保持原玩法定位与TTK/生存压力

Sheet 大秘境
A1: 全玩法难度填写｜大秘境
A2: 当前页已按开启顺序和玩法定位填入首版怪物等级。黄色J列可直接覆盖；G列是本版使用的玩家曲线对照节点。
A3: 公式口径：怪物实际属性=战斗公式标准模型×可选系数；怪物EHP=实际生命÷(1-防御减伤)×整关EHP倍率；TTK=怪物EHP÷玩家DPS。
A4: 状态 | B4: 玩法 | C4: 子玩法/共用范围 | D4: 节点名称 | E4: LevelId/配置映射 | F4: 怪物类型 | G4: 默认对照关卡 | H4: 手动对照关卡 | I4: 实际对照关卡 | J4: 怪物等级 | K4: 生命系数 | L4: 攻击系数 | M4: 防御系数 | N4: 整关EHP倍率 | O4: 攻击压力倍率 | P4: 目标时间(s) | Q4: 玩家DPS | R4: 玩家队伍EHP | S4: 怪物实际生命 | T4: 怪物实际攻击 | U4: 怪物实际防御 | V4: 怪物减伤率 | W4: 整关目标EHP | X4: 预测TTK(s) | Y4: 预测存活(s) | Z4: TTK/目标 | AA4: 难度判断 | AB4: 等级检查 | AC4: 等级趋势 | AD4: 备注
A5: 当前关闭 | B5: 大秘境 | C5: 4环境共用 | D5: 第1层 | E5: 320001;320026;320051;320076 | F5: 普通怪 | G5: 95 | I5: =IF($H5="",$G5,$H5) -> 95 | J5: 183 | Q5: =IF($I5="","",IFERROR(INDEX(_玩家曲线!$H$2:$H$286,MATCH($I5,_玩家曲线!$A$2:$A$286,0)),"")) -> 673441.3 | R5: =IF($I5="","",IFERROR(INDEX(_玩家曲线!$I$2:$I$286,MATCH($I5,_玩家曲线!$A$2:$A$286,0)),"")) -> 1143599.3 | S5: =IF(OR($J5="",$F5="不适用"),"",IFERROR(INDEX(_怪物模型!$D$2:$D$4501,MATCH(INT($J5)&"|"&$F5,_怪物模型!$A$2:$A$4501,0))*IF($K5="",1,$K5),"")) -> 128864 | T5: =IF(OR($J5="",$F5="不适用"),"",IFERROR(INDEX(_怪物模型!$E$2:$E$4501,MATCH(INT($J5)&"|"&$F5,_怪物模型!$A$2:$A$4501,0))*IF($L5="",1,$L5),"")) -> 19564 | U5: =IF(OR($J5="",$F5="不适用"),"",IFERROR(INDEX(_怪物模型!$F$2:$F$4501,MATCH(INT($J5)&"|"&$F5,_怪物模型!$A$2:$A$4501,0))*IF($M5="",1,$M5),"")) -> 16045 | V5: =IF($U5="","",MIN(0.75,$U5/($U5+24000))) -> 0.40067424 | W5: =IF($S5="","",$S5/(1-$V5)*IF($N5="",1,$N5)) -> 215014.95 | X5: =IF(OR($W5="",$Q5="",$Q5=0),"",$W5/$Q5) -> 0.31927794 | Y5: =IF(OR($R5="",$T5="",$T5=0),"",$R5/($T5*IF($O5="",1,$O5))) -> 58.454268 | Z5: =IF(OR($X5="",$P5="",$P5=0),"",$X5/$P5) | AA5: =IF($J5="","待填怪物等级",IF(OR($I5="",$Q5=""),"待填对照关卡",IF($P5="","已计算",IF(AND($Y5<>"",$Y5<$X5),"生存不成立",IF($Z5<0.5,"碾压",IF($Z5<0.8,"偏简单",IF($Z5<=1.2,"适中",IF($Z5<=1.5,"偏难","过难")))))))) -> 已计算 | AB5: =IF($J5="","待填",IF(AND(ISNUMBER($J5),$J5>=1,$J5<=500,MOD($J5,1)=0),"有效","超范围")) -> 有效 | AC5: =IF(OR($J5="",ROW()=5,$B5<>$B4,$J4=""),"",IF($J5<$J4,"下降","")) | AD5: 大秘境Lv37/S95开放、当前系统关闭；4环境共用｜修正版V4：对照S95，终局限时验证领先3关｜V4同步最新玩家曲线：Lv248→Lv234，保留原TTK/生存压力目标｜曲线同步20260811：Lv234→Lv201，保持原玩法定位与TTK/生存压力
A6: 当前关闭 | B6: 大秘境 | C6: 4环境共用 | D6: 第2层 | E6: 320002;320027;320052;320077 | F6: 普通怪 | G6: 101 | I6: =IF($H6="",$G6,$H6) -> 101 | J6: 192 | Q6: =IF($I6="","",IFERROR(INDEX(_玩家曲线!$H$2:$H$286,MATCH($I6,_玩家曲线!$A$2:$A$286,0)),"")) -> 754380.35 | R6: =IF($I6="","",IFERROR(INDEX(_玩家曲线!$I$2:$I$286,MATCH($I6,_玩家曲线!$A$2:$A$286,0)),"")) -> 1255299.6 | S6: =IF(OR($J6="",$F6="不适用"),"",IFERROR(INDEX(_怪物模型!$D$2:$D$4501,MATCH(INT($J6)&"|"&$F6,_怪物模型!$A$2:$A$4501,0))*IF($K6="",1,$K6),"")) -> 144478 | T6: =IF(OR($J6="",$F6="不适用"),"",IFERROR(INDEX(_怪物模型!$E$2:$E$4501,MATCH(INT($J6)&"|"&$F6,_怪物模型!$A$2:$A$4501,0))*IF($L6="",1,$L6),"")) -> 21499 | U6: =IF(OR($J6="",$F6="不适用"),"",IFERROR(INDEX(_怪物模型!$F$2:$F$4501,MATCH(INT($J6)&"|"&$F6,_怪物模型!$A$2:$A$4501,0))*IF($M6="",1,$M6),"")) -> 16994 | V6: =IF($U6="","",MIN(0.75,$U6/($U6+24000))) -> 0.41454847 | W6: =IF($S6="","",$S6/(1-$V6)*IF($N6="",1,$N6)) -> 246780.46 | X6: =IF(OR($W6="",$Q6="",$Q6=0),"",$W6/$Q6) -> 0.32713003 | Y6: =IF(OR($R6="",$T6="",$T6=0),"",$R6/($T6*IF($O6="",1,$O6))) -> 58.388744 | Z6: =IF(OR($X6="",$P6="",$P6=0),"",$X6/$P6) | AA6: =IF($J6="","待填怪物等级",IF(OR($I6="",$Q6=""),"待填对照关卡",IF($P6="","已计算",IF(AND($Y6<>"",$Y6<$X6),"生存不成立",IF($Z6<0.5,"碾压",IF($Z6<0.8,"偏简单",IF($Z6<=1.2,"适中",IF($Z6<=1.5,"偏难","过难")))))))) -> 已计算 | AB6: =IF($J6="","待填",IF(AND(ISNUMBER($J6),$J6>=1,$J6<=500,MOD($J6,1)=0),"有效","超范围")) -> 有效 | AC6: =IF(OR($J6="",ROW()=5,$B6<>$B5,$J5=""),"",IF($J6<$J5,"下降","")) | AD6: 大秘境Lv37/S95开放、当前系统关闭；4环境共用｜修正版V4：对照S101，终局限时验证领先3关｜V4同步最新玩家曲线：Lv259→Lv245，保留原TTK/生存压力目标｜曲线同步20260811：Lv245→Lv211，保持原玩法定位与TTK/生存压力
A7: 当前关闭 | B7: 大秘境 | C7: 4环境共用 | D7: 第3层 | E7: 320003;320028;320053;320078 | F7: 普通怪 | G7: 107 | I7: =IF($H7="",$G7,$H7) -> 107 | J7: 201 | Q7: =IF($I7="","",IFERROR(INDEX(_玩家曲线!$H$2:$H$286,MATCH($I7,_玩家曲线!$A$2:$A$286,0)),"")) -> 880461.64 | R7: =IF($I7="","",IFERROR(INDEX(_玩家曲线!$I$2:$I$286,MATCH($I7,_玩家曲线!$A$2:$A$286,0)),"")) -> 1406516.3 | S7: =IF(OR($J7="",$F7="不适用"),"",IFERROR(INDEX(_怪物模型!$D$2:$D$4501,MATCH(INT($J7)&"|"&$F7,_怪物模型!$A$2:$A$4501,0))*IF($K7="",1,$K7),"")) -> 161437 | T7: =IF(OR($J7="",$F7="不适用"),"",IFERROR(INDEX(_怪物模型!$E$2:$E$4501,MATCH(INT($J7)&"|"&$F7,_怪物模型!$A$2:$A$4501,0))*IF($L7="",1,$L7),"")) -> 23555 | U7: =IF(OR($J7="",$F7="不适用"),"",IFERROR(INDEX(_怪物模型!$F$2:$F$4501,MATCH(INT($J7)&"|"&$F7,_怪物模型!$A$2:$A$4501,0))*IF($M7="",1,$M7),"")) -> 17957 | V7: =IF($U7="","",MIN(0.75,$U7/($U7+24000))) -> 0.42798579 | W7: =IF($S7="","",$S7/(1-$V7)*IF($N7="",1,$N7)) -> 282225.51 | X7: =IF(OR($W7="",$Q7="",$Q7=0),"",$W7/$Q7) -> 0.32054265 | Y7: =IF(OR($R7="",$T7="",$T7=0),"",$R7/($T7*IF($O7="",1,$O7))) -> 59.712004 | Z7: =IF(OR($X7="",$P7="",$P7=0),"",$X7/$P7) | AA7: =IF($J7="","待填怪物等级",IF(OR($I7="",$Q7=""),"待填对照关卡",IF($P7="","已计算",IF(AND($Y7<>"",$Y7<$X7),"生存不成立",IF($Z7<0.5,"碾压",IF($Z7<0.8,"偏简单",IF($Z7<=1.2,"适中",IF($Z7<=1.5,"偏难","过难")))))))) -> 已计算 | AB7: =IF($J7="","待填",IF(AND(ISNUMBER($J7),$J7>=1,$J7<=500,MOD($J7,1)=0),"有效","超范围")) -> 有效 | AC7: =IF(OR($J7="",ROW()=5,$B7<>$B6,$J6=""),"",IF($J7<$J6,"下降","")) | AD7: 大秘境Lv37/S95开放、当前系统关闭；4环境共用｜修正版V4：对照S107，终局限时验证领先3关｜V4同步最新玩家曲线：Lv270→Lv256，保留原TTK/生存压力目标｜曲线同步20260811：Lv256→Lv221，保持原玩法定位与TTK/生存压力
A8: 当前关闭 | B8: 大秘境 | C8: 4环境共用 | D8: 第4层 | E8: 320004;320029;320054;320079 | F8: 普通怪 | G8: 114 | I8: =IF($H8="",$G8,$H8) -> 114 | J8: 210 | Q8: =IF($I8="","",IFERROR(INDEX(_玩家曲线!$H$2:$H$286,MATCH($I8,_玩家曲线!$A$2:$A$286,0)),"")) -> 1026134.2 | R8: =IF($I8="","",IFERROR(INDEX(_玩家曲线!$I$2:$I$286,MATCH($I8,_玩家曲线!$A$2:$A$286,0)),"")) -> 1572723.2 | S8: =IF(OR($J8="",$F8="不适用"),"",IFERROR(INDEX(_怪物模型!$D$2:$D$4501,MATCH(INT($J8)&"|"&$F8,_怪物模型!$A$2:$A$4501,0))*IF($K8="",1,$K8),"")) -> 179822 | T8: =IF(OR($J8="",$F8="不适用"),"",IFERROR(INDEX(_怪物模型!$E$2:$E$4501,MATCH(INT($J8)&"|"&$F8,_怪物模型!$A$2:$A$4501,0))*IF($L8="",1,$L8),"")) -> 25736 | U8: =IF(OR($J8="",$F8="不适用"),"",IFERROR(INDEX(_怪物模型!$F$2:$F$4501,MATCH(INT($J8)&"|"&$F8,_怪物模型!$A$2:$A$4501,0))*IF($M8="",1,$M8),"")) -> 18935 | V8: =IF($U8="","",MIN(0.75,$U8/($U8+24000))) -> 0.44101549 | W8: =IF($S8="","",$S8/(1-$V8)*IF($N8="",1,$N8)) -> 321694.07 | X8: =IF(OR($W8="",$Q8="",$Q8=0),"",$W8/$Q8) -> 0.31350097 | Y8: =IF(OR($R8="",$T8="",$T8=0),"",$R8/($T8*IF($O8="",1,$O8))) -> 61.109854 | Z8: =IF(OR($X8="",$P8="",$P8=0),"",$X8/$P8) | AA8: =IF($J8="","待填怪物等级",IF(OR($I8="",$Q8=""),"待填对照关卡",IF($P8="","已计算",IF(AND($Y8<>"",$Y8<$X8),"生存不成立",IF($Z8<0.5,"碾压",IF($Z8<0.8,"偏简单",IF($Z8<=1.2,"适中",IF($Z8<=1.5,"偏难","过难")))))))) -> 已计算 | AB8: =IF($J8="","待填",IF(AND(ISNUMBER($J8),$J8>=1,$J8<=500,MOD($J8,1)=0),"有效","超范围")) -> 有效 | AC8: =IF(OR($J8="",ROW()=5,$B8<>$B7,$J7=""),"",IF($J8<$J7,"下降","")) | AD8: 大秘境Lv37/S95开放、当前系统关闭；4环境共用｜修正版V4：对照S114，终局限时验证领先3关｜V4同步最新玩家曲线：Lv282→Lv268，保留原TTK/生存压力目标｜曲线同步20260811：Lv268→Lv231，保持原玩法定位与TTK/生存压力
A9: 当前关闭 | B9: 大秘境 | C9: 4环境共用 | D9: 第5层 | E9: 320005;320030;320055;320080 | F9: 普通怪 | G9: 121 | I9: =IF($H9="",$G9,$H9) -> 121 | J9: 220 | Q9: =IF($I9="","",IFERROR(INDEX(_玩家曲线!$H$2:$H$286,MATCH($I9,_玩家曲线!$A$2:$A$286,0)),"")) -> 1167689.2 | R9: =IF($I9="","",IFERROR(INDEX(_玩家曲线!$I$2:$I$286,MATCH($I9,_玩家曲线!$A$2:$A$286,0)),"")) -> 1726947.9 | S9: =IF(OR($J9="",$F9="不适用"),"",IFERROR(INDEX(_怪物模型!$D$2:$D$4501,MATCH(INT($J9)&"|"&$F9,_怪物模型!$A$2:$A$4501,0))*IF($K9="",1,$K9),"")) -> 202020 | T9: =IF(OR($J9="",$F9="不适用"),"",IFERROR(INDEX(_怪物模型!$E$2:$E$4501,MATCH(INT($J9)&"|"&$F9,_怪物模型!$A$2:$A$4501,0))*IF($L9="",1,$L9),"")) -> 28315 | U9: =IF(OR($J9="",$F9="不适用"),"",IFERROR(INDEX(_怪物模型!$F$2:$F$4501,MATCH(INT($J9)&"|"&$F9,_怪物模型!$A$2:$A$4501,0))*IF($M9="",1,$M9),"")) -> 20039 | V9: =IF($U9="","",MIN(0.75,$U9/($U9+24000))) -> 0.4550285 | W9: =IF($S9="","",$S9/(1-$V9)*IF($N9="",1,$N9)) -> 370698.28 | X9: =IF(OR($W9="",$Q9="",$Q9=0),"",$W9/$Q9) -> 0.31746313 | Y9: =IF(OR($R9="",$T9="",$T9=0),"",$R9/($T9*IF($O9="",1,$O9))) -> 60.990567 | Z9: =IF(OR($X9="",$P9="",$P9=0),"",$X9/$P9) | AA9: =IF($J9="","待填怪物等级",IF(OR($I9="",$Q9=""),"待填对照关卡",IF($P9="","已计算",IF(AND($Y9<>"",$Y9<$X9),"生存不成立",IF($Z9<0.5,"碾压",IF($Z9<0.8,"偏简单",IF($Z9<=1.2,"适中",IF($Z9<=1.5,"偏难","过难")))))))) -> 已计算 | AB9: =IF($J9="","待填",IF(AND(ISNUMBER($J9),$J9>=1,$J9<=500,MOD($J9,1)=0),"有效","超范围")) -> 有效 | AC9: =IF(OR($J9="",ROW()=5,$B9<>$B8,$J8=""),"",IF($J9<$J8,"下降","")) | AD9: 大秘境Lv37/S95开放、当前系统关闭；4环境共用｜修正版V4：对照S121，终局限时验证领先3关｜V4同步最新玩家曲线：Lv292→Lv279，保留原TTK/生存压力目标｜曲线同步20260811：Lv279→Lv241，保持原玩法定位与TTK/生存压力
A10: 当前关闭 | B10: 大秘境 | C10: 4环境共用 | D10: 第6层 | E10: 320006;320031;320056;320081 | F10: 普通怪 | G10: 128 | I10: =IF($H10="",$G10,$H10) -> 128 | J10: 227 | Q10: =IF($I10="","",IFERROR(INDEX(_玩家曲线!$H$2:$H$286,MATCH($I10,_玩家曲线!$A$2:$A$286,0)),"")) -> 1303053.1 | R10: =IF($I10="","",IFERROR(INDEX(_玩家曲线!$I$2:$I$286,MATCH($I10,_玩家曲线!$A$2:$A$286,0)),"")) -> 1868750.5 | S10: =IF(OR($J10="",$F10="不适用"),"",IFERROR(INDEX(_怪物模型!$D$2:$D$4501,MATCH(INT($J10)&"|"&$F10,_怪物模型!$A$2:$A$4501,0))*IF($K10="",1,$K10),"")) -> 218729 | T10: =IF(OR($J10="",$F10="不适用"),"",IFERROR(INDEX(_怪物模型!$E$2:$E$4501,MATCH(INT($J10)&"|"&$F10,_怪物模型!$A$2:$A$4501,0))*IF($L10="",1,$L10),"")) -> 30219 | U10: =IF(OR($J10="",$F10="不适用"),"",IFERROR(INDEX(_怪物模型!$F$2:$F$4501,MATCH(INT($J10)&"|"&$F10,_怪物模型!$A$2:$A$4501,0))*IF($M10="",1,$M10),"")) -> 20823 | V10: =IF($U10="","",MIN(0.75,$U10/($U10+24000))) -> 0.46456061 | W10: =IF($S10="","",$S10/(1-$V10)*IF($N10="",1,$N10)) -> 408503.75 | X10: =IF(OR($W10="",$Q10="",$Q10=0),"",$W10/$Q10) -> 0.3134974 | Y10: =IF(OR($R10="",$T10="",$T10=0),"",$R10/($T10*IF($O10="",1,$O10))) -> 61.840248 | Z10: =IF(OR($X10="",$P10="",$P10=0),"",$X10/$P10) | AA10: =IF($J10="","待填怪物等级",IF(OR($I10="",$Q10=""),"待填对照关卡",IF($P10="","已计算",IF(AND($Y10<>"",$Y10<$X10),"生存不成立",IF($Z10<0.5,"碾压",IF($Z10<0.8,"偏简单",IF($Z10<=1.2,"适中",IF($Z10<=1.5,"偏难","过难")))))))) -> 已计算 | AB10: =IF($J10="","待填",IF(AND(ISNUMBER($J10),$J10>=1,$J10<=500,MOD($J10,1)=0),"有效","超范围")) -> 有效 | AC10: =IF(OR($J10="",ROW()=5,$B10<>$B9,$J9=""),"",IF($J10<$J9,"下降","")) | AD10: 大秘境Lv37/S95开放、当前系统关闭；4环境共用｜修正版V4：对照S128，终局限时验证领先3关｜V4同步最新玩家曲线：Lv301→Lv288，保留原TTK/生存压力目标｜曲线同步20260811：Lv288→Lv249，保持原玩法定位与TTK/生存压力
A11: 当前关闭 | B11: 大秘境 | C11: 4环境共用 | D11: 第7层 | E11: 320007;320032;320057;320082 | F11: 普通怪 | G11: 135 | I11: =IF($H11="",$G11,$H11) -> 135 | J11: 234 | Q11: =IF($I11="","",IFERROR(INDEX(_玩家曲线!$H$2:$H$286,MATCH($I11,_玩家曲线!$A$2:$A$286,0)),"")) -> 1430766.1 | R11: =IF($I11="","",IFERROR(INDEX(_玩家曲线!$I$2:$I$286,MATCH($I11,_玩家曲线!$A$2:$A$286,0)),"")) -> 1998148.8 | S11: =IF(OR($J11="",$F11="不适用"),"",IFERROR(INDEX(_怪物模型!$D$2:$D$4501,MATCH(INT($J11)&"|"&$F11,_怪物模型!$A$2:$A$4501,0))*IF($K11="",1,$K11),"")) -> 236450 | T11: =IF(OR($J11="",$F11="不适用"),"",IFERROR(INDEX(_怪物模型!$E$2:$E$4501,MATCH(INT($J11)&"|"&$F11,_怪物模型!$A$2:$A$4501,0))*IF($L11="",1,$L11),"")) -> 32209 | U11: =IF(OR($J11="",$F11="不适用"),"",IFERROR(INDEX(_怪物模型!$F$2:$F$4501,MATCH(INT($J11)&"|"&$F11,_怪物模型!$A$2:$A$4501,0))*IF($M11="",1,$M11),"")) -> 21616 | V11: =IF($U11="","",MIN(0.75,$U11/($U11+24000))) -> 0.47386882 | W11: =IF($S11="","",$S11/(1-$V11)*IF($N11="",1,$N11)) -> 449412.63 | X11: =IF(OR($W11="",$Q11="",$Q11=0),"",$W11/$Q11) -> 0.3141063 | Y11: =IF(OR($R11="",$T11="",$T11=0),"",$R11/($T11*IF($O11="",1,$O11))) -> 62.036972 | Z11: =IF(OR($X11="",$P11="",$P11=0),"",$X11/$P11) | AA11: =IF($J11="","待填怪物等级",IF(OR($I11="",$Q11=""),"待填对照关卡",IF($P11="","已计算",IF(AND($Y11<>"",$Y11<$X11),"生存不成立",IF($Z11<0.5,"碾压",IF($Z11<0.8,"偏简单",IF($Z11<=1.2,"适中",IF($Z11<=1.5,"偏难","过难")))))))) -> 已计算 | AB11: =IF($J11="","待填",IF(AND(ISNUMBER($J11),$J11>=1,$J11<=500,MOD($J11,1)=0),"有效","超范围")) -> 有效 | AC11: =IF(OR($J11="",ROW()=5,$B11<>$B10,$J10=""),"",IF($J11<$J10,"下降","")) | AD11: 大秘境Lv37/S95开放、当前系统关闭；4环境共用｜修正版V4：对照S135，终局限时验证领先3关｜V4同步最新玩家曲线：Lv309→Lv296，保留原TTK/生存压力目标｜曲线同步20260811：Lv296→Lv256，保持原玩法定位与TTK/生存压力
A12: 当前关闭 | B12: 大秘境 | C12: 4环境共用 | D12: 第8层 | E12: 320008;320033;320058;320083 | F12: 普通怪 | G12: 142 | I12: =IF($H12="",$G12,$H12) -> 142 | J12: 240 | Q12: =IF($I12="","",IFERROR(INDEX(_玩家曲线!$H$2:$H$286,MATCH($I12,_玩家曲线!$A$2:$A$286,0)),"")) -> 1549901.7 | R12: =IF($I12="","",IFERROR(INDEX(_玩家曲线!$I$2:$I$286,MATCH($I12,_玩家曲线!$A$2:$A$286,0)),"")) -> 2115486.5 | S12: =IF(OR($J12="",$F12="不适用"),"",IFERROR(INDEX(_怪物模型!$D$2:$D$4501,MATCH(INT($J12)&"|"&$F12,_怪物模型!$A$2:$A$4501,0))*IF($K12="",1,$K12),"")) -> 252476 | T12: =IF(OR($J12="",$F12="不适用"),"",IFERROR(INDEX(_怪物模型!$E$2:$E$4501,MATCH(INT($J12)&"|"&$F12,_怪物模型!$A$2:$A$4501,0))*IF($L12="",1,$L12),"")) -> 33984 | U12: =IF(OR($J12="",$F12="不适用"),"",IFERROR(INDEX(_怪物模型!$F$2:$F$4501,MATCH(INT($J12)&"|"&$F12,_怪物模型!$A$2:$A$4501,0))*IF($M12="",1,$M12),"")) -> 22303 | V12: =IF($U12="","",MIN(0.75,$U12/($U12+24000))) -> 0.48167505 | W12: =IF($S12="","",$S12/(1-$V12)*IF($N12="",1,$N12)) -> 487099.84 | X12: =IF(OR($W12="",$Q12="",$Q12=0),"",$W12/$Q12) -> 0.3142779 | Y12: =IF(OR($R12="",$T12="",$T12=0),"",$R12/($T12*IF($O12="",1,$O12))) -> 62.249484 | Z12: =IF(OR($X12="",$P12="",$P12=0),"",$X12/$P12) | AA12: =IF($J12="","待填怪物等级",IF(OR($I12="",$Q12=""),"待填对照关卡",IF($P12="","已计算",IF(AND($Y12<>"",$Y12<$X12),"生存不成立",IF($Z12<0.5,"碾压",IF($Z12<0.8,"偏简单",IF($Z12<=1.2,"适中",IF($Z12<=1.5,"偏难","过难")))))))) -> 已计算 | AB12: =IF($J12="","待填",IF(AND(ISNUMBER($J12),$J12>=1,$J12<=500,MOD($J12,1)=0),"有效","超范围")) -> 有效 | AC12: =IF(OR($J12="",ROW()=5,$B12<>$B11,$J11=""),"",IF($J12<$J11,"下降","")) | AD12: 大秘境Lv37/S95开放、当前系统关闭；4环境共用｜修正版V4：对照S142，终局限时验证领先3关｜V4同步最新玩家曲线：Lv315→Lv303，保留原TTK/生存压力目标｜曲线同步20260811：Lv303→Lv263，保持原玩法定位与TTK/生存压力
