Workbook

Sheet 使用说明
A1: 爬塔 TeamHero 属性配置表
A2: 黄色单元格为可配置输入；其余区域由公式自动生成。
B4: 使用步骤
B6: 1. 在“难度节点”C列黄格调整关键楼层等级；“楼层配置”D列按相邻节点线性插值，100层当前280级。
B7: 2. 如需整体或局部微调，可修改“参数”职业系数、精英怪系数、玩法全局倍率，或楼层E～G三项倍率。
B8: 3. “TeamHero生成”按 TeamHero.CfgId → Hero.HeroClass 自动识别 Tank / DPS / Support，并生成 Hp、Attack、Armor。
B9: 4. “落表结果”按 TeamHero.Id 升序整理；将D～F列以“粘贴值”方式覆盖 TeamHero.xlsx 的 Hp、Attack、Armor。
B10: 5. TeamHero.Level仅作核对，不参与怪物模型等级查找；实际查找使用“楼层配置”的难度等级。
B13: 生成公式
B15: 精英基准 = 普通怪基准 × MonsterAttributeType(200101)：生命×4、攻击×1.2、防御×1。
B16: TeamHero.Hp = 精英生命 × 职业生命系数 × 楼层生命倍率 × 玩法全局生命倍率。
B17: TeamHero.Attack = 精英攻击 × 职业攻击系数 × 楼层攻击倍率 × 玩法全局攻击倍率。
B18: TeamHero.Armor = 精英防御 × 职业防御系数 × 楼层防御倍率 × 玩法全局防御倍率。
B21: 数据来源
... B26: 职业映射：D:\Vgame\Config\GameConfig\Datas\Hero\Hero.xlsx｜HeroClass；生成日期：2026-08-10

Sheet 参数
A1: 爬塔 TeamHero 生成参数
A2: 黄色参数可调；当前职业偏移沿用 TeamHero 现有口径。
A4: 职业 | B4: 生命系数 | C4: 攻击系数 | D4: 防御系数 | E4: 说明 | F4: 来源
A5: Tank | B5: 1.5 | C5: 1 | D5: 1.5 | E5: 高生命、高防御 | F5: 当前TeamHero职业偏移
A6: DPS | B6: 1 | C6: 1.2 | D6: 1 | E6: 高攻击 | F6: 当前TeamHero职业偏移
A7: Support | B7: 1.25 | C7: 1 | D7: 1.25 | E7: 中等生存 | F7: 当前TeamHero职业偏移
A9: 怪物类型 | B9: 生命系数 | C9: 攻击系数 | D9: 防御系数 | E9: AttributeTypeID | F9: 来源
A10: 精英怪 | B10: 4 | C10: 1.2 | D10: 1 | E10: 200101 | F10: D:\Vgame\Config\GameConfig\Datas\Monster\MonsterAttributeType.xlsx
A12: 玩法全局倍率 | B12: 生命 | C12: 攻击 | D12: 防御 | E12: 说明
A13: 爬塔 | B13: 1 | C13: 1 | D13: 1 | E13: 默认1；用于整条曲线统一微调

Sheet 楼层配置
A1: 爬塔楼层难度配置
A2: 等级改“难度节点”C列黄格；D列自动插值，E～G倍率仍可微调。
A4: 状态 | B4: 层数 | C4: TeamId | D4: 难度等级 | E4: 生命倍率 | F4: 攻击倍率 | G4: 防御倍率 | H4: Pack1 LevelId | I4: Pack2 LevelId | J4: Pack3 LevelId | K4: Pack4 LevelId | L4: 全部LevelId | M4: TeamHero数量 | N4: 等级检查 | O4: 等级趋势 | P4: 备注
A5: 当前配置 | B5: 1 | C5: 1 | D5: =ROUND(难度节点!$C$2+($B5-难度节点!$A$2)*(难度节点!$C$3-难度节点!$C$2)/(难度节点!$A$3-难度节点!$A$2),0) -> 15 | E5: 1.0411519 | F5: 0.87879946 | G5: 1 | H5: 300001 | L5: 300001 | M5: =COUNTIF(TeamHero生成!$J$5:$J$504,$C5) -> 5 | N5: =IF(AND(ISNUMBER($D5),$D5>=1,$D5<=500,MOD($D5,1)=0),"有效","无效") -> 有效 | P5: 统一标准模型；只列TowerEnemyFormation未停用的包体1 ID，包体2～4停用引用已清空
A6: 当前配置 | B6: 2 | C6: 2 | D6: =ROUND(难度节点!$C$2+($B6-难度节点!$A$2)*(难度节点!$C$3-难度节点!$C$2)/(难度节点!$A$3-难度节点!$A$2),0) -> 18 | E6: 1.0663889 | F6: 0.88169731 | G6: 1 | H6: 300002 | L6: 300002 | M6: =COUNTIF(TeamHero生成!$J$5:$J$504,$C6) -> 5 | N6: =IF(AND(ISNUMBER($D6),$D6>=1,$D6<=500,MOD($D6,1)=0),"有效","无效") -> 有效 | O6: =IF($D6<$D5,"下降","") | P6: 统一标准模型；只列TowerEnemyFormation未停用的包体1 ID，包体2～4停用引用已清空
A7: 当前配置 | B7: 3 | C7: 3 | D7: =ROUND(难度节点!$C$2+($B7-难度节点!$A$2)*(难度节点!$C$3-难度节点!$C$2)/(难度节点!$A$3-难度节点!$A$2),0) -> 22 | E7: 1.0598272 | F7: 0.86525003 | G7: 1 | H7: 300003 | L7: 300003 | M7: =COUNTIF(TeamHero生成!$J$5:$J$504,$C7) -> 5 | N7: =IF(AND(ISNUMBER($D7),$D7>=1,$D7<=500,MOD($D7,1)=0),"有效","无效") -> 有效 | O7: =IF($D7<$D6,"下降","") | P7: 统一标准模型；只列TowerEnemyFormation未停用的包体1 ID，包体2～4停用引用已清空
A8: 当前配置 | B8: 4 | C8: 4 | D8: =ROUND(难度节点!$C$2+($B8-难度节点!$A$2)*(难度节点!$C$3-难度节点!$C$2)/(难度节点!$A$3-难度节点!$A$2),0) -> 25 | E8: 1.09015 | F8: 0.86749593 | G8: 1 | H8: 300004 | L8: 300004 | M8: =COUNTIF(TeamHero生成!$J$5:$J$504,$C8) -> 5 | N8: =IF(AND(ISNUMBER($D8),$D8>=1,$D8<=500,MOD($D8,1)=0),"有效","无效") -> 有效 | O8: =IF($D8<$D7,"下降","") | P8: 统一标准模型；只列TowerEnemyFormation未停用的包体1 ID，包体2～4停用引用已清空
A9: 当前配置 | B9: 5 | C9: 5 | D9: =ROUND(难度节点!$C$2+($B9-难度节点!$A$2)*(难度节点!$C$3-难度节点!$C$2)/(难度节点!$A$3-难度节点!$A$2),0) -> 28 | E9: 1.0715188 | F9: 0.84741358 | G9: 1 | H9: 300005 | L9: 300005 | M9: =COUNTIF(TeamHero生成!$J$5:$J$504,$C9) -> 5 | N9: =IF(AND(ISNUMBER($D9),$D9>=1,$D9<=500,MOD($D9,1)=0),"有效","无效") -> 有效 | O9: =IF($D9<$D8,"下降","") | P9: 统一标准模型；只列TowerEnemyFormation未停用的包体1 ID，包体2～4停用引用已清空
A10: 当前配置 | B10: 6 | C10: 6 | D10: =ROUND(难度节点!$C$2+($B10-难度节点!$A$2)*(难度节点!$C$3-难度节点!$C$2)/(难度节点!$A$3-难度节点!$A$2),0) -> 32 | E10: 1.0928102 | F10: 0.8355873 | G10: 1 | H10: 300006 | L10: 300006 | M10: =COUNTIF(TeamHero生成!$J$5:$J$504,$C10) -> 5 | N10: =IF(AND(ISNUMBER($D10),$D10>=1,$D10<=500,MOD($D10,1)=0),"有效","无效") -> 有效 | O10: =IF($D10<$D9,"下降","") | P10: 统一标准模型；只列TowerEnemyFormation未停用的包体1 ID，包体2～4停用引用已清空
A11: 当前配置 | B11: 7 | C11: 7 | D11: =ROUND(难度节点!$C$2+($B11-难度节点!$A$2)*(难度节点!$C$3-难度节点!$C$2)/(难度节点!$A$3-难度节点!$A$2),0) -> 35 | E11: 1.103671 | F11: 0.82198923 | G11: 1 | H11: 300007 | L11: 300007 | M11: =COUNTIF(TeamHero生成!$J$5:$J$504,$C11) -> 5 | N11: =IF(AND(ISNUMBER($D11),$D11>=1,$D11<=500,MOD($D11,1)=0),"有效","无效") -> 有效 | O11: =IF($D11<$D10,"下降","") | P11: 统一标准模型；只列TowerEnemyFormation未停用的包体1 ID，包体2～4停用引用已清空
A12: 当前配置 | B12: 8 | C12: 8 | D12: =ROUND(难度节点!$C$2+($B12-难度节点!$A$2)*(难度节点!$C$3-难度节点!$C$2)/(难度节点!$A$3-难度节点!$A$2),0) -> 38 | E12: 1.0863731 | F12: 0.79367059 | G12: 1 | H12: 300008 | L12: 300008 | M12: =COUNTIF(TeamHero生成!$J$5:$J$504,$C12) -> 5 | N12: =IF(AND(ISNUMBER($D12),$D12>=1,$D12<=500,MOD($D12,1)=0),"有效","无效") -> 有效 | O12: =IF($D12<$D11,"下降","") | P12: 统一标准模型；只列TowerEnemyFormation未停用的包体1 ID，包体2～4停用引用已清空
A13: 当前配置 | B13: 9 | C13: 9 | D13: =ROUND(难度节点!$C$2+($B13-难度节点!$A$2)*(难度节点!$C$3-难度节点!$C$2)/(难度节点!$A$3-难度节点!$A$2),0) -> 42 | E13: 1.1075471 | F13: 0.78794838 | G13: 1 | H13: 300009 | L13: 300009 | M13: =COUNTIF(TeamHero生成!$J$5:$J$504,$C13) -> 5 | N13: =IF(AND(ISNUMBER($D13),$D13>=1,$D13<=500,MOD($D13,1)=0),"有效","无效") -> 有效 | O13: =IF($D13<$D12,"下降","") | P13: 统一标准模型；只列TowerEnemyFormation未停用的包体1 ID，包体2～4停用引用已清空
A14: 当前配置 | B14: 10 | C14: 10 | D14: =ROUND(难度节点!$C$2+($B14-难度节点!$A$2)*(难度节点!$C$3-难度节点!$C$2)/(难度节点!$A$3-难度节点!$A$2),0) -> 45 | E14: 1.1319268 | F14: 0.78501188 | G14: 1 | H14: 300011 | L14: 300011 | M14: =COUNTIF(TeamHero生成!$J$5:$J$504,$C14) -> 5 | N14: =IF(AND(ISNUMBER($D14),$D14>=1,$D14<=500,MOD($D14,1)=0),"有效","无效") -> 有效 | O14: =IF($D14<$D13,"下降","") | P14: 统一标准模型；只列TowerEnemyFormation未停用的包体1 ID，包体2～4停用引用已清空
A15: 当前配置 | B15: 11 | C15: 11 | D15: =ROUND(难度节点!$C$3+($B15-难度节点!$A$3)*(难度节点!$C$4-难度节点!$C$3)/(难度节点!$A$4-难度节点!$A$3),0) -> 49 | E15: 1.1302696 | F15: 0.77362222 | G15: 1 | H15: 300012 | L15: 300012 | M15: =COUNTIF(TeamHero生成!$J$5:$J$504,$C15) -> 5 | N15: =IF(AND(ISNUMBER($D15),$D15>=1,$D15<=500,MOD($D15,1)=0),"有效","无效") -> 有效 | O15: =IF($D15<$D14,"下降","") | P15: 统一标准模型；只列TowerEnemyFormation未停用的包体1 ID，包体2～4停用引用已清空
A16: 当前配置 | B16: 12 | C16: 12 | D16: =ROUND(难度节点!$C$3+($B16-难度节点!$A$3)*(难度节点!$C$4-难度节点!$C$3)/(难度节点!$A$4-难度节点!$A$3),0) -> 52 | E16: 1.1319637 | F16: 0.76171845 | G16: 1 | H16: 300013 | L16: 300013 | M16: =COUNTIF(TeamHero生成!$J$5:$J$504,$C16) -> 5 | N16: =IF(AND(ISNUMBER($D16),$D16>=1,$D16<=500,MOD($D16,1)=0),"有效","无效") -> 有效 | O16: =IF($D16<$D15,"下降","") | P16: 统一标准模型；只列TowerEnemyFormation未停用的包体1 ID，包体2～4停用引用已清空
A17: 当前配置 | B17: 13 | C17: 13 | D17: =ROUND(难度节点!$C$3+($B17-难度节点!$A$3)*(难度节点!$C$4-难度节点!$C$3)/(难度节点!$A$4-难度节点!$A$3),0) -> 56 | E17: 1.1237878 | F17: 0.751671 | G17: 1 | H17: 300014 | L17: 300014 | M17: =COUNTIF(TeamHero生成!$J$5:$J$504,$C17) -> 5 | N17: =IF(AND(ISNUMBER($D17),$D17>=1,$D17<=500,MOD($D17,1)=0),"有效","无效") -> 有效 | O17: =IF($D17<$D16,"下降","") | P17: 统一标准模型；只列TowerEnemyFormation未停用的包体1 ID，包体2～4停用引用已清空
A18: 当前配置 | B18: 14 | C18: 14 | D18: =ROUND(难度节点!$C$3+($B18-难度节点!$A$3)*(难度节点!$C$4-难度节点!$C$3)/(难度节点!$A$4-难度节点!$A$3),0) -> 59 | E18: 1.1201058 | F18: 0.73899075 | G18: 1 | H18: 300015 | L18: 300015 | M18: =COUNTIF(TeamHero生成!$J$5:$J$504,$C18) -> 5 | N18: =IF(AND(ISNUMBER($D18),$D18>=1,$D18<=500,MOD($D18,1)=0),"有效","无效") -> 有效 | O18: =IF($D18<$D17,"下降","") | P18: 统一标准模型；只列TowerEnemyFormation未停用的包体1 ID，包体2～4停用引用已清空
A19: 当前配置 | B19: 15 | C19: 15 | D19: =ROUND(难度节点!$C$3+($B19-难度节点!$A$3)*(难度节点!$C$4-难度节点!$C$3)/(难度节点!$A$4-难度节点!$A$3),0) -> 63 | E19: 1.1318191 | F19: 0.73724483 | G19: 1 | H19: 300016 | L19: 300016 | M19: =COUNTIF(TeamHero生成!$J$5:$J$504,$C19) -> 5 | N19: =IF(AND(ISNUMBER($D19),$D19>=1,$D19<=500,MOD($D19,1)=0),"有效","无效") -> 有效 | O19: =IF($D19<$D18,"下降","") | P19: 统一标准模型；只列TowerEnemyFormation未停用的包体1 ID，包体2～4停用引用已清空
A20: 当前配置 | B20: 16 | C20: 16 | D20: =ROUND(难度节点!$C$3+($B20-难度节点!$A$3)*(难度节点!$C$4-难度节点!$C$3)/(难度节点!$A$4-难度节点!$A$3),0) -> 66 | E20: 1.1458169 | F20: 0.73431413 | G20: 1 | H20: 300017 | L20: 300017 | M20: =COUNTIF(TeamHero生成!$J$5:$J$504,$C20) -> 5 | N20: =IF(AND(ISNUMBER($D20),$D20>=1,$D20<=500,MOD($D20,1)=0),"有效","无效") -> 有效 | O20: =IF($D20<$D19,"下降","") | P20: 统一标准模型；只列TowerEnemyFormation未停用的包体1 ID，包体2～4停用引用已清空
A21: 当前配置 | B21: 17 | C21: 17 | D21: =ROUND(难度节点!$C$3+($B21-难度节点!$A$3)*(难度节点!$C$4-难度节点!$C$3)/(难度节点!$A$4-难度节点!$A$3),0) -> 70 | E21: 1.1336283 | F21: 0.72302684 | G21: 1 | H21: 300018 | L21: 300018 | M21: =COUNTIF(TeamHero生成!$J$5:$J$504,$C21) -> 5 | N21: =IF(AND(ISNUMBER($D21),$D21>=1,$D21<=500,MOD($D21,1)=0),"有效","无效") -> 有效 | O21: =IF($D21<$D20,"下降","") | P21: 统一标准模型；只列TowerEnemyFormation未停用的包体1 ID，包体2～4停用引用已清空
A22: 当前配置 | B22: 18 | C22: 18 | D22: =ROUND(难度节点!$C$3+($B22-难度节点!$A$3)*(难度节点!$C$4-难度节点!$C$3)/(难度节点!$A$4-难度节点!$A$3),0) -> 73 | E22: 1.1503681 | F22: 0.72431241 | G22: 1 | H22: 300019 | L22: 300019 | M22: =COUNTIF(TeamHero生成!$J$5:$J$504,$C22) -> 5 | N22: =IF(AND(ISNUMBER($D22),$D22>=1,$D22<=500,MOD($D22,1)=0),"有效","无效") -> 有效 | O22: =IF($D22<$D21,"下降","") | P22: 统一标准模型；只列TowerEnemyFormation未停用的包体1 ID，包体2～4停用引用已清空
A23: 当前配置 | B23: 19 | C23: 19 | D23: =ROUND(难度节点!$C$3+($B23-难度节点!$A$3)*(难度节点!$C$4-难度节点!$C$3)/(难度节点!$A$4-难度节点!$A$3),0) -> 77 | E23: 1.1378215 | F23: 0.71120347 | G23: 1 | H23: 300020 | L23: 300020 | M23: =COUNTIF(TeamHero生成!$J$5:$J$504,$C23) -> 5 | N23: =IF(AND(ISNUMBER($D23),$D23>=1,$D23<=500,MOD($D23,1)=0),"有效","无效") -> 有效 | O23: =IF($D23<$D22,"下降","") | P23: 统一标准模型；只列TowerEnemyFormation未停用的包体1 ID，包体2～4停用引用已清空
A24: 当前配置 | B24: 20 | C24: 20 | D24: =ROUND(难度节点!$C$3+($B24-难度节点!$A$3)*(难度节点!$C$4-难度节点!$C$3)/(难度节点!$A$4-难度节点!$A$3),0) -> 80 | E24: 1.1401954 | F24: 0.70930654 | G24: 1 | H24: 300021 | L24: 300021 | M24: =COUNTIF(TeamHero生成!$J$5:$J$504,$C24) -> 5 | N24: =IF(AND(ISNUMBER($D24),$D24>=1,$D24<=500,MOD($D24,1)=0),"有效","无效") -> 有效 | O24: =IF($D24<$D23,"下降","") | P24: 统一标准模型；只列TowerEnemyFormation未停用的包体1 ID，包体2～4停用引用已清空
A25: 当前配置 | B25: 21 | C25: 21 | D25: =ROUND(难度节点!$C$4+($B25-难度节点!$A$4)*(难度节点!$C$5-难度节点!$C$4)/(难度节点!$A$5-难度节点!$A$4),0) -> 84 | E25: 1.1560373 | F25: 0.70629692 | G25: 1 | H25: 300022 | L25: 300022 | M25: =COUNTIF(TeamHero生成!$J$5:$J$504,$C25) -> 5 | N25: =IF(AND(ISNUMBER($D25),$D25>=1,$D25<=500,MOD($D25,1)=0),"有效","无效") -> 有效 | O25: =IF($D25<$D24,"下降","") | P25: 统一标准模型；只列TowerEnemyFormation未停用的包体1 ID，包体2～4停用引用已清空
A26: 当前配置 | B26: 22 | C26: 22 | D26: =ROUND(难度节点!$C$4+($B26-难度节点!$A$4)*(难度节点!$C$5-难度节点!$C$4)/(难度节点!$A$5-难度节点!$A$4),0) -> 88 | E26: 1.1643979 | F26: 0.70448637 | G26: 1 | H26: 300023 | L26: 300023 | M26: =COUNTIF(TeamHero生成!$J$5:$J$504,$C26) -> 5 | N26: =IF(AND(ISNUMBER($D26),$D26>=1,$D26<=500,MOD($D26,1)=0),"有效","无效") -> 有效 | O26: =IF($D26<$D25,"下降","") | P26: 统一标准模型；只列TowerEnemyFormation未停用的包体1 ID，包体2～4停用引用已清空
A27: 当前配置 | B27: 23 | C27: 23 | D27: =ROUND(难度节点!$C$4+($B27-难度节点!$A$4)*(难度节点!$C$5-难度节点!$C$4)/(难度节点!$A$5-难度节点!$A$4),0) -> 92 | E27: 1.1455862 | F27: 0.69327297 | G27: 1 | H27: 300024 | L27: 300024 | M27: =COUNTIF(TeamHero生成!$J$5:$J$504,$C27) -> 5 | N27: =IF(AND(ISNUMBER($D27),$D27>=1,$D27<=500,MOD($D27,1)=0),"有效","无效") -> 有效 | O27: =IF($D27<$D26,"下降","") | P27: 统一标准模型；只列TowerEnemyFormation未停用的包体1 ID，包体2～4停用引用已清空
A28: 当前配置 | B28: 24 | C28: 24 | D28: =ROUND(难度节点!$C$4+($B28-难度节点!$A$4)*(难度节点!$C$5-难度节点!$C$4)/(难度节点!$A$5-难度节点!$A$4),0) -> 96 | E28: 1.1627278 | F28: 0.69279146 | G28: 1 | H28: 300025 | L28: 300025 | M28: =COUNTIF(TeamHero生成!$J$5:$J$504,$C28) -> 5 | N28: =IF(AND(ISNUMBER($D28),$D28>=1,$D28<=500,MOD($D28,1)=0),"有效","无效") -> 有效 | O28: =IF($D28<$D27,"下降","") | P28: 统一标准模型；只列TowerEnemyFormation未停用的包体1 ID，包体2～4停用引用已清空
A29: 当前配置 | B29: 25 | C29: 25 | D29: =ROUND(难度节点!$C$4+($B29-难度节点!$A$4)*(难度节点!$C$5-难度节点!$C$4)/(难度节点!$A$5-难度节点!$A$4),0) -> 100 | E29: 1.1496943 | F29: 0.6842368 | G29: 1 | H29: 300026 | L29: 300026 | M29: =COUNTIF(TeamHero生成!$J$5:$J$504,$C29) -> 5 | N29: =IF(AND(ISNUMBER($D29),$D29>=1,$D29<=500,MOD($D29,1)=0),"有效","无效") -> 有效 | O29: =IF($D29<$D28,"下降","") | P29: 统一标准模型；只列TowerEnemyFormation未停用的包体1 ID，包体2～4停用引用已清空
A30: 当前配置 | B30: 26 | C30: 26 | D30: =ROUND(难度节点!$C$4+($B30-难度节点!$A$4)*(难度节点!$C$5-难度节点!$C$4)/(难度节点!$A$5-难度节点!$A$4),0) -> 104 | E30: 1.1672412 | F30: 0.68941774 | G30: 1 | H30: 300027 | L30: 300027 | M30: =COUNTIF(TeamHero生成!$J$5:$J$504,$C30) -> 5 | N30: =IF(AND(ISNUMBER($D30),$D30>=1,$D30<=500,MOD($D30,1)=0),"有效","无效") -> 有效 | O30: =IF($D30<$D29,"下降","") | P30: 统一标准模型；只列TowerEnemyFormation未停用的包体1 ID，包体2～4停用引用已清空
A31: 当前配置 | B31: 27 | C31: 27 | D31: =ROUND(难度节点!$C$4+($B31-难度节点!$A$4)*(难度节点!$C$5-难度节点!$C$4)/(难度节点!$A$5-难度节点!$A$4),0) -> 108 | E31: 1.1630315 | F31: 0.68146449 | G31: 1 | H31: 300028 | L31: 300028 | M31: =COUNTIF(TeamHero生成!$J$5:$J$504,$C31) -> 5 | N31: =IF(AND(ISNUMBER($D31),$D31>=1,$D31<=500,MOD($D31,1)=0),"有效","无效") -> 有效 | O31: =IF($D31<$D30,"下降","") | P31: 统一标准模型；只列TowerEnemyFormation未停用的包体1 ID，包体2～4停用引用已清空
A32: 当前配置 | B32: 28 | C32: 28 | D32: =ROUND(难度节点!$C$4+($B32-难度节点!$A$4)*(难度节点!$C$5-难度节点!$C$4)/(难度节点!$A$5-难度节点!$A$4),0) -> 112 | E32: 1.1664009 | F32: 0.68050186 | G32: 1 | H32: 300029 | L32: 300029 | M32: =COUNTIF(TeamHero生成!$J$5:$J$504,$C32) -> 5 | N32: =IF(AND(ISNUMBER($D32),$D32>=1,$D32<=500,MOD($D32,1)=0),"有效","无效") -> 有效 | O32: =IF($D32<$D31,"下降","") | P32: 统一标准模型；只列TowerEnemyFormation未停用的包体1 ID，包体2～4停用引用已清空
A33: 当前配置 | B33: 29 | C33: 29 | D33: =ROUND(难度节点!$C$4+($B33-难度节点!$A$4)*(难度节点!$C$5-难度节点!$C$4)/(难度节点!$A$5-难度节点!$A$4),0) -> 116 | E33: 1.1628408 | F33: 0.67944892 | G33: 1 | H33: 300030 | L33: 300030 | M33: =COUNTIF(TeamHero生成!$J$5:$J$504,$C33) -> 5 | N33: =IF(AND(ISNUMBER($D33),$D33>=1,$D33<=500,MOD($D33,1)=0),"有效","无效") -> 有效 | O33: =IF($D33<$D32,"下降","") | P33: 统一标准模型；只列TowerEnemyFormation未停用的包体1 ID，包体2～4停用引用已清空
A34: 当前配置 | B34: 30 | C34: 30 | D34: =ROUND(难度节点!$C$4+($B34-难度节点!$A$4)*(难度节点!$C$5-难度节点!$C$4)/(难度节点!$A$5-难度节点!$A$4),0) -> 120 | E34: 1.157902 | F34: 0.67548508 | G34: 1 | H34: 300031 | L34: 300031 | M34: =COUNTIF(TeamHero生成!$J$5:$J$504,$C34) -> 5 | N34: =IF(AND(ISNUMBER($D34),$D34>=1,$D34<=500,MOD($D34,1)=0),"有效","无效") -> 有效 | O34: =IF($D34<$D33,"下降","") | P34: 统一标准模型；只列TowerEnemyFormation未停用的包体1 ID，包体2～4停用引用已清空
A35: 当前配置 | B35: 31 | C35: 31 | D35: =ROUND(难度节点!$C$5+($B35-难度节点!$A$5)*(难度节点!$C$6-难度节点!$C$5)/(难度节点!$A$6-难度节点!$A$5),0) -> 124 | E35: 1.1696774 | F35: 0.6763702 | G35: 1 | H35: 300032 | L35: 300032 | M35: =COUNTIF(TeamHero生成!$J$5:$J$504,$C35) -> 5 | N35: =IF(AND(ISNUMBER($D35),$D35>=1,$D35<=500,MOD($D35,1)=0),"有效","无效") -> 有效 | O35: =IF($D35<$D34,"下降","") | P35: 统一标准模型；只列TowerEnemyFormation未停用的包体1 ID，包体2～4停用引用已清空
A36: 当前配置 | B36: 32 | C36: 32 | D36: =ROUND(难度节点!$C$5+($B36-难度节点!$A$5)*(难度节点!$C$6-难度节点!$C$5)/(难度节点!$A$6-难度节点!$A$5),0) -> 128 | E36: 1.173971 | F36: 0.675279 | G36: 1 | H36: 300033 | L36: 300033 | M36: =COUNTIF(TeamHero生成!$J$5:$J$504,$C36) -> 5 | N36: =IF(AND(ISNUMBER($D36),$D36>=1,$D36<=500,MOD($D36,1)=0),"有效","无效") -> 有效 | O36: =IF($D36<$D35,"下降","") | P36: 统一标准模型；只列TowerEnemyFormation未停用的包体1 ID，包体2～4停用引用已清空
A37: 当前配置 | B37: 33 | C37: 33 | D37: =ROUND(难度节点!$C$5+($B37-难度节点!$A$5)*(难度节点!$C$6-难度节点!$C$5)/(难度节点!$A$6-难度节点!$A$5),0) -> 132 | E37: 1.1699448 | F37: 0.6728636 | G37: 1 | H37: 300034 | L37: 300034 | M37: =COUNTIF(TeamHero生成!$J$5:$J$504,$C37) -> 5 | N37: =IF(AND(ISNUMBER($D37),$D37>=1,$D37<=500,MOD($D37,1)=0),"有效","无效") -> 有效 | O37: =IF($D37<$D36,"下降","") | P37: 统一标准模型；只列TowerEnemyFormation未停用的包体1 ID，包体2～4停用引用已清空
A38: 当前配置 | B38: 34 | C38: 34 | D38: =ROUND(难度节点!$C$5+($B38-难度节点!$A$5)*(难度节点!$C$6-难度节点!$C$5)/(难度节点!$A$6-难度节点!$A$5),0) -> 136 | E38: 1.176199 | F38: 0.673957 | G38: 1 | H38: 300035 | L38: 300035 | M38: =COUNTIF(TeamHero生成!$J$5:$J$504,$C38) -> 5 | N38: =IF(AND(ISNUMBER($D38),$D38>=1,$D38<=500,MOD($D38,1)=0),"有效","无效") -> 有效 | O38: =IF($D38<$D37,"下降","") | P38: 统一标准模型；只列TowerEnemyFormation未停用的包体1 ID，包体2～4停用引用已清空
A39: 当前配置 | B39: 35 | C39: 35 | D39: =ROUND(难度节点!$C$5+($B39-难度节点!$A$5)*(难度节点!$C$6-难度节点!$C$5)/(难度节点!$A$6-难度节点!$A$5),0) -> 140 | E39: 1.1630435 | F39: 0.66801095 | G39: 1 | H39: 300036 | L39: 300036 | M39: =COUNTIF(TeamHero生成!$J$5:$J$504,$C39) -> 5 | N39: =IF(AND(ISNUMBER($D39),$D39>=1,$D39<=500,MOD($D39,1)=0),"有效","无效") -> 有效 | O39: =IF($D39<$D38,"下降","") | P39: 统一标准模型；只列TowerEnemyFormation未停用的包体1 ID，包体2～4停用引用已清空
A40: 当前配置 | B40: 36 | C40: 36 | D40: =ROUND(难度节点!$C$5+($B40-难度节点!$A$5)*(难度节点!$C$6-难度节点!$C$5)/(难度节点!$A$6-难度节点!$A$5),0) -> 144 | E40: 1.1754256 | F40: 0.67135959 | G40: 1 | H40: 300037 | L40: 300037 | M40: =COUNTIF(TeamHero生成!$J$5:$J$504,$C40) -> 5 | N40: =IF(AND(ISNUMBER($D40),$D40>=1,$D40<=500,MOD($D40,1)=0),"有效","无效") -> 有效 | O40: =IF($D40<$D39,"下降","") | P40: 统一标准模型；只列TowerEnemyFormation未停用的包体1 ID，包体2～4停用引用已清空
A41: 当前配置 | B41: 37 | C41: 37 | D41: =ROUND(难度节点!$C$5+($B41-难度节点!$A$5)*(难度节点!$C$6-难度节点!$C$5)/(难度节点!$A$6-难度节点!$A$5),0) -> 148 | E41: 1.1723789 | F41: 0.66793176 | G41: 1 | H41: 300038 | L41: 300038 | M41: =COUNTIF(TeamHero生成!$J$5:$J$504,$C41) -> 5 | N41: =IF(AND(ISNUMBER($D41),$D41>=1,$D41<=500,MOD($D41,1)=0),"有效","无效") -> 有效 | O41: =IF($D41<$D40,"下降","") | P41: 统一标准模型；只列TowerEnemyFormation未停用的包体1 ID，包体2～4停用引用已清空
A42: 当前配置 | B42: 38 | C42: 38 | D42: =ROUND(难度节点!$C$5+($B42-难度节点!$A$5)*(难度节点!$C$6-难度节点!$C$5)/(难度节点!$A$6-难度节点!$A$5),0) -> 152 | E42: 1.1680523 | F42: 0.66906285 | G42: 1 | H42: 300039 | L42: 300039 | M42: =COUNTIF(TeamHero生成!$J$5:$J$504,$C42) -> 5 | N42: =IF(AND(ISNUMBER($D42),$D42>=1,$D42<=500,MOD($D42,1)=0),"有效","无效") -> 有效 | O42: =IF($D42<$D41,"下降","") | P42: 统一标准模型；只列TowerEnemyFormation未停用的包体1 ID，包体2～4停用引用已清空
A43: 当前配置 | B43: 39 | C43: 39 | D43: =ROUND(难度节点!$C$5+($B43-难度节点!$A$5)*(难度节点!$C$6-难度节点!$C$5)/(难度节点!$A$6-难度节点!$A$5),0) -> 156 | E43: 1.1758697 | F43: 0.6710143 | G43: 1 | H43: 300040 | L43: 300040 | M43: =COUNTIF(TeamHero生成!$J$5:$J$504,$C43) -> 5 | N43: =IF(AND(ISNUMBER($D43),$D43>=1,$D43<=500,MOD($D43,1)=0),"有效","无效") -> 有效 | O43: =IF($D43<$D42,"下降","") | P43: 统一标准模型；只列TowerEnemyFormation未停用的包体1 ID，包体2～4停用引用已清空
A44: 当前配置 | B44: 40 | C44: 40 | D44: =ROUND(难度节点!$C$5+($B44-难度节点!$A$5)*(难度节点!$C$6-难度节点!$C$5)/(难度节点!$A$6-难度节点!$A$5),0) -> 160 | E44: 1.1634785 | F44: 0.66670785 | G44: 1 | H44: 300041 | L44: 300041 | M44: =COUNTIF(TeamHero生成!$J$5:$J$504,$C44) -> 5 | N44: =IF(AND(ISNUMBER($D44),$D44>=1,$D44<=500,MOD($D44,1)=0),"有效","无效") -> 有效 | O44: =IF($D44<$D43,"下降","") | P44: 统一标准模型；只列TowerEnemyFormation未停用的包体1 ID，包体2～4停用引用已清空
A45: 当前配置 | B45: 41 | C45: 41 | D45: =ROUND(难度节点!$C$6+($B45-难度节点!$A$6)*(难度节点!$C$7-难度节点!$C$6)/(难度节点!$A$7-难度节点!$A$6),0) -> 164 | E45: 1.1668186 | F45: 0.66861016 | G45: 1 | H45: 300042 | L45: 300042 | M45: =COUNTIF(TeamHero生成!$J$5:$J$504,$C45) -> 5 | N45: =IF(AND(ISNUMBER($D45),$D45>=1,$D45<=500,MOD($D45,1)=0),"有效","无效") -> 有效 | O45: =IF($D45<$D44,"下降","") | P45: 统一标准模型；只列TowerEnemyFormation未停用的包体1 ID，包体2～4停用引用已清空
A46: 当前配置 | B46: 42 | C46: 42 | D46: =ROUND(难度节点!$C$6+($B46-难度节点!$A$6)*(难度节点!$C$7-难度节点!$C$6)/(难度节点!$A$7-难度节点!$A$6),0) -> 167 | E46: 1.1626296 | F46: 0.66848521 | G46: 1 | H46: 300043 | L46: 300043 | M46: =COUNTIF(TeamHero生成!$J$5:$J$504,$C46) -> 5 | N46: =IF(AND(ISNUMBER($D46),$D46>=1,$D46<=500,MOD($D46,1)=0),"有效","无效") -> 有效 | O46: =IF($D46<$D45,"下降","") | P46: 统一标准模型；只列TowerEnemyFormation未停用的包体1 ID，包体2～4停用引用已清空
A47: 当前配置 | B47: 43 | C47: 43 | D47: =ROUND(难度节点!$C$6+($B47-难度节点!$A$6)*(难度节点!$C$7-难度节点!$C$6)/(难度节点!$A$7-难度节点!$A$6),0) -> 171 | E47: 1.1570199 | F47: 0.66607717 | G47: 1 | H47: 300044 | L47: 300044 | M47: =COUNTIF(TeamHero生成!$J$5:$J$504,$C47) -> 5 | N47: =IF(AND(ISNUMBER($D47),$D47>=1,$D47<=500,MOD($D47,1)=0),"有效","无效") -> 有效 | O47: =IF($D47<$D46,"下降","") | P47: 统一标准模型；只列TowerEnemyFormation未停用的包体1 ID，包体2～4停用引用已清空
A48: 当前配置 | B48: 44 | C48: 44 | D48: =ROUND(难度节点!$C$6+($B48-难度节点!$A$6)*(难度节点!$C$7-难度节点!$C$6)/(难度节点!$A$7-难度节点!$A$6),0) -> 174 | E48: 1.1668787 | F48: 0.67038171 | G48: 1 | H48: 300045 | L48: 300045 | M48: =COUNTIF(TeamHero生成!$J$5:$J$504,$C48) -> 5 | N48: =IF(AND(ISNUMBER($D48),$D48>=1,$D48<=500,MOD($D48,1)=0),"有效","无效") -> 有效 | O48: =IF($D48<$D47,"下降","") | P48: 统一标准模型；只列TowerEnemyFormation未停用的包体1 ID，包体2～4停用引用已清空
A49: 当前配置 | B49: 45 | C49: 45 | D49: =ROUND(难度节点!$C$6+($B49-难度节点!$A$6)*(难度节点!$C$7-难度节点!$C$6)/(难度节点!$A$7-难度节点!$A$6),0) -> 178 | E49: 1.1573574 | F49: 0.66968831 | G49: 1 | H49: 300046 | L49: 300046 | M49: =COUNTIF(TeamHero生成!$J$5:$J$504,$C49) -> 5 | N49: =IF(AND(ISNUMBER($D49),$D49>=1,$D49<=500,MOD($D49,1)=0),"有效","无效") -> 有效 | O49: =IF($D49<$D48,"下降","") | P49: 统一标准模型；只列TowerEnemyFormation未停用的包体1 ID，包体2～4停用引用已清空
A50: 当前配置 | B50: 46 | C50: 46 | D50: =ROUND(难度节点!$C$6+($B50-难度节点!$A$6)*(难度节点!$C$7-难度节点!$C$6)/(难度节点!$A$7-难度节点!$A$6),0) -> 182 | E50: 1.1590226 | F50: 0.67042866 | G50: 1 | H50: 300047 | L50: 300047 | M50: =COUNTIF(TeamHero生成!$J$5:$J$504,$C50) -> 5 | N50: =IF(AND(ISNUMBER($D50),$D50>=1,$D50<=500,MOD($D50,1)=0),"有效","无效") -> 有效 | O50: =IF($D50<$D49,"下降","") | P50: 统一标准模型；只列TowerEnemyFormation未停用的包体1 ID，包体2～4停用引用已清空
A51: 当前配置 | B51: 47 | C51: 47 | D51: =ROUND(难度节点!$C$6+($B51-难度节点!$A$6)*(难度节点!$C$7-难度节点!$C$6)/(难度节点!$A$7-难度节点!$A$6),0) -> 185 | E51: 1.157233 | F51: 0.67281148 | G51: 1 | H51: 300048 | L51: 300048 | M51: =COUNTIF(TeamHero生成!$J$5:$J$504,$C51) -> 5 | N51: =IF(AND(ISNUMBER($D51),$D51>=1,$D51<=500,MOD($D51,1)=0),"有效","无效") -> 有效 | O51: =IF($D51<$D50,"下降","") | P51: 统一标准模型；只列TowerEnemyFormation未停用的包体1 ID，包体2～4停用引用已清空
A52: 当前配置 | B52: 48 | C52: 48 | D52: =ROUND(难度节点!$C$6+($B52-难度节点!$A$6)*(难度节点!$C$7-难度节点!$C$6)/(难度节点!$A$7-难度节点!$A$6),0) -> 189 | E52: 1.156286 | F52: 0.67248708 | G52: 1 | H52: 300049 | L52: 300049 | M52: =COUNTIF(TeamHero生成!$J$5:$J$504,$C52) -> 5 | N52: =IF(AND(ISNUMBER($D52),$D52>=1,$D52<=500,MOD($D52,1)=0),"有效","无效") -> 有效 | O52: =IF($D52<$D51,"下降","") | P52: 统一标准模型；只列TowerEnemyFormation未停用的包体1 ID，包体2～4停用引用已清空
A53: 当前配置 | B53: 49 | C53: 49 | D53: =ROUND(难度节点!$C$6+($B53-难度节点!$A$6)*(难度节点!$C$7-难度节点!$C$6)/(难度节点!$A$7-难度节点!$A$6),0) -> 192 | E53: 1.155828 | F53: 0.67180547 | G53: 1 | H53: 300050 | L53: 300050 | M53: =COUNTIF(TeamHero生成!$J$5:$J$504,$C53) -> 5 | N53: =IF(AND(ISNUMBER($D53),$D53>=1,$D53<=500,MOD($D53,1)=0),"有效","无效") -> 有效 | O53: =IF($D53<$D52,"下降","") | P53: 统一标准模型；只列TowerEnemyFormation未停用的包体1 ID，包体2～4停用引用已清空
A54: 当前配置 | B54: 50 | C54: 50 | D54: =ROUND(难度节点!$C$6+($B54-难度节点!$A$6)*(难度节点!$C$7-难度节点!$C$6)/(难度节点!$A$7-难度节点!$A$6),0) -> 196 | E54: 1.1648606 | F54: 0.67786204 | G54: 1 | H54: 300051 | L54: 300051 | M54: =COUNTIF(TeamHero生成!$J$5:$J$504,$C54) -> 5 | N54: =IF(AND(ISNUMBER($D54),$D54>=1,$D54<=500,MOD($D54,1)=0),"有效","无效") -> 有效 | O54: =IF($D54<$D53,"下降","") | P54: 统一标准模型；只列TowerEnemyFormation未停用的包体1 ID，包体2～4停用引用已清空
A55: 当前配置 | B55: 51 | C55: 51 | D55: =ROUND(难度节点!$C$7+($B55-难度节点!$A$7)*(难度节点!$C$8-难度节点!$C$7)/(难度节点!$A$8-难度节点!$A$7),0) -> 198 | E55: 1.162217 | F55: 0.67942216 | G55: 1 | H55: 300052 | L55: 300052 | M55: =COUNTIF(TeamHero生成!$J$5:$J$504,$C55) -> 5 | N55: =IF(AND(ISNUMBER($D55),$D55>=1,$D55<=500,MOD($D55,1)=0),"有效","无效") -> 有效 | O55: =IF($D55<$D54,"下降","") | P55: 统一标准模型；只列TowerEnemyFormation未停用的包体1 ID，包体2～4停用引用已清空
A56: 当前配置 | B56: 52 | C56: 52 | D56: =ROUND(难度节点!$C$7+($B56-难度节点!$A$7)*(难度节点!$C$8-难度节点!$C$7)/(难度节点!$A$8-难度节点!$A$7),0) -> 201 | E56: 1.1551499 | F56: 0.67803289 | G56: 1 | H56: 300053 | L56: 300053 | M56: =COUNTIF(TeamHero生成!$J$5:$J$504,$C56) -> 5 | N56: =IF(AND(ISNUMBER($D56),$D56>=1,$D56<=500,MOD($D56,1)=0),"有效","无效") -> 有效 | O56: =IF($D56<$D55,"下降","") | P56: 统一标准模型；只列TowerEnemyFormation未停用的包体1 ID，包体2～4停用引用已清空
A57: 当前配置 | B57: 53 | C57: 53 | D57: =ROUND(难度节点!$C$7+($B57-难度节点!$A$7)*(难度节点!$C$8-难度节点!$C$7)/(难度节点!$A$8-难度节点!$A$7),0) -> 203 | E57: 1.1573621 | F57: 0.68026908 | G57: 1 | H57: 300054 | L57: 300054 | M57: =COUNTIF(TeamHero生成!$J$5:$J$504,$C57) -> 5 | N57: =IF(AND(ISNUMBER($D57),$D57>=1,$D57<=500,MOD($D57,1)=0),"有效","无效") -> 有效 | O57: =IF($D57<$D56,"下降","") | P57: 统一标准模型；只列TowerEnemyFormation未停用的包体1 ID，包体2～4停用引用已清空
A58: 当前配置 | B58: 54 | C58: 54 | D58: =ROUND(难度节点!$C$7+($B58-难度节点!$A$7)*(难度节点!$C$8-难度节点!$C$7)/(难度节点!$A$8-难度节点!$A$7),0) -> 205 | E58: 1.1573616 | F58: 0.68113089 | G58: 1 | H58: 300055 | L58: 300055 | M58: =COUNTIF(TeamHero生成!$J$5:$J$504,$C58) -> 5 | N58: =IF(AND(ISNUMBER($D58),$D58>=1,$D58<=500,MOD($D58,1)=0),"有效","无效") -> 有效 | O58: =IF($D58<$D57,"下降","") | P58: 统一标准模型；只列TowerEnemyFormation未停用的包体1 ID，包体2～4停用引用已清空
A59: 当前配置 | B59: 55 | C59: 55 | D59: =ROUND(难度节点!$C$7+($B59-难度节点!$A$7)*(难度节点!$C$8-难度节点!$C$7)/(难度节点!$A$8-难度节点!$A$7),0) -> 208 | E59: 1.1637564 | F59: 0.68416926 | G59: 1 | H59: 300056 | L59: 300056 | M59: =COUNTIF(TeamHero生成!$J$5:$J$504,$C59) -> 5 | N59: =IF(AND(ISNUMBER($D59),$D59>=1,$D59<=500,MOD($D59,1)=0),"有效","无效") -> 有效 | O59: =IF($D59<$D58,"下降","") | P59: 统一标准模型；只列TowerEnemyFormation未停用的包体1 ID，包体2～4停用引用已清空
A60: 当前配置 | B60: 56 | C60: 56 | D60: =ROUND(难度节点!$C$7+($B60-难度节点!$A$7)*(难度节点!$C$8-难度节点!$C$7)/(难度节点!$A$8-难度节点!$A$7),0) -> 210 | E60: 1.1521399 | F60: 0.68234785 | G60: 1 | H60: 300057 | L60: 300057 | M60: =COUNTIF(TeamHero生成!$J$5:$J$504,$C60) -> 5 | N60: =IF(AND(ISNUMBER($D60),$D60>=1,$D60<=500,MOD($D60,1)=0),"有效","无效") -> 有效 | O60: =IF($D60<$D59,"下降","") | P60: 统一标准模型；只列TowerEnemyFormation未停用的包体1 ID，包体2～4停用引用已清空
A61: 当前配置 | B61: 57 | C61: 57 | D61: =ROUND(难度节点!$C$7+($B61-难度节点!$A$7)*(难度节点!$C$8-难度节点!$C$7)/(难度节点!$A$8-难度节点!$A$7),0) -> 212 | E61: 1.1534011 | F61: 0.68453505 | G61: 1 | H61: 300058 | L61: 300058 | M61: =COUNTIF(TeamHero生成!$J$5:$J$504,$C61) -> 5 | N61: =IF(AND(ISNUMBER($D61),$D61>=1,$D61<=500,MOD($D61,1)=0),"有效","无效") -> 有效 | O61: =IF($D61<$D60,"下降","") | P61: 统一标准模型；只列TowerEnemyFormation未停用的包体1 ID，包体2～4停用引用已清空
A62: 当前配置 | B62: 58 | C62: 58 | D62: =ROUND(难度节点!$C$7+($B62-难度节点!$A$7)*(难度节点!$C$8-难度节点!$C$7)/(难度节点!$A$8-难度节点!$A$7),0) -> 214 | E62: 1.1624116 | F62: 0.68931236 | G62: 1 | H62: 300059 | L62: 300059 | M62: =COUNTIF(TeamHero生成!$J$5:$J$504,$C62) -> 5 | N62: =IF(AND(ISNUMBER($D62),$D62>=1,$D62<=500,MOD($D62,1)=0),"有效","无效") -> 有效 | O62: =IF($D62<$D61,"下降","") | P62: 统一标准模型；只列TowerEnemyFormation未停用的包体1 ID，包体2～4停用引用已清空
A63: 当前配置 | B63: 59 | C63: 59 | D63: =ROUND(难度节点!$C$7+($B63-难度节点!$A$7)*(难度节点!$C$8-难度节点!$C$7)/(难度节点!$A$8-难度节点!$A$7),0) -> 217 | E63: 1.153905 | F63: 0.68713125 | G63: 1 | H63: 300060 | L63: 300060 | M63: =COUNTIF(TeamHero生成!$J$5:$J$504,$C63) -> 5 | N63: =IF(AND(ISNUMBER($D63),$D63>=1,$D63<=500,MOD($D63,1)=0),"有效","无效") -> 有效 | O63: =IF($D63<$D62,"下降","") | P63: 统一标准模型；只列TowerEnemyFormation未停用的包体1 ID，包体2～4停用引用已清空
A64: 当前配置 | B64: 60 | C64: 60 | D64: =ROUND(难度节点!$C$7+($B64-难度节点!$A$7)*(难度节点!$C$8-难度节点!$C$7)/(难度节点!$A$8-难度节点!$A$7),0) -> 219 | E64: 1.1586728 | F64: 0.68969452 | G64: 1 | H64: 300061 | L64: 300061 | M64: =COUNTIF(TeamHero生成!$J$5:$J$504,$C64) -> 5 | N64: =IF(AND(ISNUMBER($D64),$D64>=1,$D64<=500,MOD($D64,1)=0),"有效","无效") -> 有效 | O64: =IF($D64<$D63,"下降","") | P64: 统一标准模型；只列TowerEnemyFormation未停用的包体1 ID，包体2～4停用引用已清空
A65: 当前配置 | B65: 61 | C65: 61 | D65: =ROUND(难度节点!$C$8+($B65-难度节点!$A$8)*(难度节点!$C$9-难度节点!$C$8)/(难度节点!$A$9-难度节点!$A$8),0) -> 221 | E65: 1.1609327 | F65: 0.69262856 | G65: 1 | H65: 300062 | L65: 300062 | M65: =COUNTIF(TeamHero生成!$J$5:$J$504,$C65) -> 5 | N65: =IF(AND(ISNUMBER($D65),$D65>=1,$D65<=500,MOD($D65,1)=0),"有效","无效") -> 有效 | O65: =IF($D65<$D64,"下降","") | P65: 统一标准模型；只列TowerEnemyFormation未停用的包体1 ID，包体2～4停用引用已清空
A66: 当前配置 | B66: 62 | C66: 62 | D66: =ROUND(难度节点!$C$8+($B66-难度节点!$A$8)*(难度节点!$C$9-难度节点!$C$8)/(难度节点!$A$9-难度节点!$A$8),0) -> 223 | E66: 1.1534773 | F66: 0.69156368 | G66: 1 | H66: 300063 | L66: 300063 | M66: =COUNTIF(TeamHero生成!$J$5:$J$504,$C66) -> 5 | N66: =IF(AND(ISNUMBER($D66),$D66>=1,$D66<=500,MOD($D66,1)=0),"有效","无效") -> 有效 | O66: =IF($D66<$D65,"下降","") | P66: 统一标准模型；只列TowerEnemyFormation未停用的包体1 ID，包体2～4停用引用已清空
A67: 当前配置 | B67: 63 | C67: 63 | D67: =ROUND(难度节点!$C$8+($B67-难度节点!$A$8)*(难度节点!$C$9-难度节点!$C$8)/(难度节点!$A$9-难度节点!$A$8),0) -> 225 | E67: 1.1490046 | F67: 0.69103278 | G67: 1 | H67: 300064 | L67: 300064 | M67: =COUNTIF(TeamHero生成!$J$5:$J$504,$C67) -> 5 | N67: =IF(AND(ISNUMBER($D67),$D67>=1,$D67<=500,MOD($D67,1)=0),"有效","无效") -> 有效 | O67: =IF($D67<$D66,"下降","") | P67: 统一标准模型；只列TowerEnemyFormation未停用的包体1 ID，包体2～4停用引用已清空
A68: 当前配置 | B68: 64 | C68: 64 | D68: =ROUND(难度节点!$C$8+($B68-难度节点!$A$8)*(难度节点!$C$9-难度节点!$C$8)/(难度节点!$A$9-难度节点!$A$8),0) -> 227 | E68: 1.1554874 | F68: 0.69537818 | G68: 1 | H68: 300065 | L68: 300065 | M68: =COUNTIF(TeamHero生成!$J$5:$J$504,$C68) -> 5 | N68: =IF(AND(ISNUMBER($D68),$D68>=1,$D68<=500,MOD($D68,1)=0),"有效","无效") -> 有效 | O68: =IF($D68<$D67,"下降","") | P68: 统一标准模型；只列TowerEnemyFormation未停用的包体1 ID，包体2～4停用引用已清空
A69: 当前配置 | B69: 65 | C69: 65 | D69: =ROUND(难度节点!$C$8+($B69-难度节点!$A$8)*(难度节点!$C$9-难度节点!$C$8)/(难度节点!$A$9-难度节点!$A$8),0) -> 229 | E69: 1.1486545 | F69: 0.69285452 | G69: 1 | H69: 300066 | L69: 300066 | M69: =COUNTIF(TeamHero生成!$J$5:$J$504,$C69) -> 5 | N69: =IF(AND(ISNUMBER($D69),$D69>=1,$D69<=500,MOD($D69,1)=0),"有效","无效") -> 有效 | O69: =IF($D69<$D68,"下降","") | P69: 统一标准模型；只列TowerEnemyFormation未停用的包体1 ID，包体2～4停用引用已清空
A70: 当前配置 | B70: 66 | C70: 66 | D70: =ROUND(难度节点!$C$8+($B70-难度节点!$A$8)*(难度节点!$C$9-难度节点!$C$8)/(难度节点!$A$9-难度节点!$A$8),0) -> 230 | E70: 1.1559565 | F70: 0.69784326 | G70: 1 | H70: 300067 | L70: 300067 | M70: =COUNTIF(TeamHero生成!$J$5:$J$504,$C70) -> 5 | N70: =IF(AND(ISNUMBER($D70),$D70>=1,$D70<=500,MOD($D70,1)=0),"有效","无效") -> 有效 | O70: =IF($D70<$D69,"下降","") | P70: 统一标准模型；只列TowerEnemyFormation未停用的包体1 ID，包体2～4停用引用已清空
A71: 当前配置 | B71: 67 | C71: 67 | D71: =ROUND(难度节点!$C$8+($B71-难度节点!$A$8)*(难度节点!$C$9-难度节点!$C$8)/(难度节点!$A$9-难度节点!$A$8),0) -> 232 | E71: 1.149495 | F71: 0.69706434 | G71: 1 | H71: 300068 | L71: 300068 | M71: =COUNTIF(TeamHero生成!$J$5:$J$504,$C71) -> 5 | N71: =IF(AND(ISNUMBER($D71),$D71>=1,$D71<=500,MOD($D71,1)=0),"有效","无效") -> 有效 | O71: =IF($D71<$D70,"下降","") | P71: 统一标准模型；只列TowerEnemyFormation未停用的包体1 ID，包体2～4停用引用已清空
A72: 当前配置 | B72: 68 | C72: 68 | D72: =ROUND(难度节点!$C$8+($B72-难度节点!$A$8)*(难度节点!$C$9-难度节点!$C$8)/(难度节点!$A$9-难度节点!$A$8),0) -> 234 | E72: 1.147878 | F72: 0.69747138 | G72: 1 | H72: 300069 | L72: 300069 | M72: =COUNTIF(TeamHero生成!$J$5:$J$504,$C72) -> 5 | N72: =IF(AND(ISNUMBER($D72),$D72>=1,$D72<=500,MOD($D72,1)=0),"有效","无效") -> 有效 | O72: =IF($D72<$D71,"下降","") | P72: 统一标准模型；只列TowerEnemyFormation未停用的包体1 ID，包体2～4停用引用已清空
A73: 当前配置 | B73: 69 | C73: 69 | D73: =ROUND(难度节点!$C$8+($B73-难度节点!$A$8)*(难度节点!$C$9-难度节点!$C$8)/(难度节点!$A$9-难度节点!$A$8),0) -> 236 | E73: 1.1426698 | F73: 0.69719312 | G73: 1 | H73: 300070 | L73: 300070 | M73: =COUNTIF(TeamHero生成!$J$5:$J$504,$C73) -> 5 | N73: =IF(AND(ISNUMBER($D73),$D73>=1,$D73<=500,MOD($D73,1)=0),"有效","无效") -> 有效 | O73: =IF($D73<$D72,"下降","") | P73: 统一标准模型；只列TowerEnemyFormation未停用的包体1 ID，包体2～4停用引用已清空
A74: 当前配置 | B74: 70 | C74: 70 | D74: =ROUND(难度节点!$C$8+($B74-难度节点!$A$8)*(难度节点!$C$9-难度节点!$C$8)/(难度节点!$A$9-难度节点!$A$8),0) -> 238 | E74: 1.1462474 | F74: 0.69949282 | G74: 1 | H74: 300071 | L74: 300071 | M74: =COUNTIF(TeamHero生成!$J$5:$J$504,$C74) -> 5 | N74: =IF(AND(ISNUMBER($D74),$D74>=1,$D74<=500,MOD($D74,1)=0),"有效","无效") -> 有效 | O74: =IF($D74<$D73,"下降","") | P74: 统一标准模型；只列TowerEnemyFormation未停用的包体1 ID，包体2～4停用引用已清空
A75: 当前配置 | B75: 71 | C75: 71 | D75: =ROUND(难度节点!$C$9+($B75-难度节点!$A$9)*(难度节点!$C$10-难度节点!$C$9)/(难度节点!$A$10-难度节点!$A$9),0) -> 240 | E75: 1.1432473 | F75: 0.70012829 | G75: 1 | H75: 300072 | L75: 300072 | M75: =COUNTIF(TeamHero生成!$J$5:$J$504,$C75) -> 5 | N75: =IF(AND(ISNUMBER($D75),$D75>=1,$D75<=500,MOD($D75,1)=0),"有效","无效") -> 有效 | O75: =IF($D75<$D74,"下降","") | P75: 统一标准模型；只列TowerEnemyFormation未停用的包体1 ID，包体2～4停用引用已清空
A76: 当前配置 | B76: 72 | C76: 72 | D76: =ROUND(难度节点!$C$9+($B76-难度节点!$A$9)*(难度节点!$C$10-难度节点!$C$9)/(难度节点!$A$10-难度节点!$A$9),0) -> 241 | E76: 1.1399375 | F76: 0.70030946 | G76: 1 | H76: 300073 | L76: 300073 | M76: =COUNTIF(TeamHero生成!$J$5:$J$504,$C76) -> 5 | N76: =IF(AND(ISNUMBER($D76),$D76>=1,$D76<=500,MOD($D76,1)=0),"有效","无效") -> 有效 | O76: =IF($D76<$D75,"下降","") | P76: 统一标准模型；只列TowerEnemyFormation未停用的包体1 ID，包体2～4停用引用已清空
A77: 当前配置 | B77: 73 | C77: 73 | D77: =ROUND(难度节点!$C$9+($B77-难度节点!$A$9)*(难度节点!$C$10-难度节点!$C$9)/(难度节点!$A$10-难度节点!$A$9),0) -> 243 | E77: 1.1496454 | F77: 0.70529393 | G77: 1 | H77: 300074 | L77: 300074 | M77: =COUNTIF(TeamHero生成!$J$5:$J$504,$C77) -> 5 | N77: =IF(AND(ISNUMBER($D77),$D77>=1,$D77<=500,MOD($D77,1)=0),"有效","无效") -> 有效 | O77: =IF($D77<$D76,"下降","") | P77: 统一标准模型；只列TowerEnemyFormation未停用的包体1 ID，包体2～4停用引用已清空
A78: 当前配置 | B78: 74 | C78: 74 | D78: =ROUND(难度节点!$C$9+($B78-难度节点!$A$9)*(难度节点!$C$10-难度节点!$C$9)/(难度节点!$A$10-难度节点!$A$9),0) -> 245 | E78: 1.1476413 | F78: 0.70603837 | G78: 1 | H78: 300075 | L78: 300075 | M78: =COUNTIF(TeamHero生成!$J$5:$J$504,$C78) -> 5 | N78: =IF(AND(ISNUMBER($D78),$D78>=1,$D78<=500,MOD($D78,1)=0),"有效","无效") -> 有效 | O78: =IF($D78<$D77,"下降","") | P78: 统一标准模型；只列TowerEnemyFormation未停用的包体1 ID，包体2～4停用引用已清空
A79: 当前配置 | B79: 75 | C79: 75 | D79: =ROUND(难度节点!$C$9+($B79-难度节点!$A$9)*(难度节点!$C$10-难度节点!$C$9)/(难度节点!$A$10-难度节点!$A$9),0) -> 247 | E79: 1.1409762 | F79: 0.70414489 | G79: 1 | H79: 300076 | L79: 300076 | M79: =COUNTIF(TeamHero生成!$J$5:$J$504,$C79) -> 5 | N79: =IF(AND(ISNUMBER($D79),$D79>=1,$D79<=500,MOD($D79,1)=0),"有效","无效") -> 有效 | O79: =IF($D79<$D78,"下降","") | P79: 统一标准模型；只列TowerEnemyFormation未停用的包体1 ID，包体2～4停用引用已清空
A80: 当前配置 | B80: 76 | C80: 76 | D80: =ROUND(难度节点!$C$9+($B80-难度节点!$A$9)*(难度节点!$C$10-难度节点!$C$9)/(难度节点!$A$10-难度节点!$A$9),0) -> 248 | E80: 1.1509556 | F80: 0.70945896 | G80: 1 | H80: 300077 | L80: 300077 | M80: =COUNTIF(TeamHero生成!$J$5:$J$504,$C80) -> 5 | N80: =IF(AND(ISNUMBER($D80),$D80>=1,$D80<=500,MOD($D80,1)=0),"有效","无效") -> 有效 | O80: =IF($D80<$D79,"下降","") | P80: 统一标准模型；只列TowerEnemyFormation未停用的包体1 ID，包体2～4停用引用已清空
A81: 当前配置 | B81: 77 | C81: 77 | D81: =ROUND(难度节点!$C$9+($B81-难度节点!$A$9)*(难度节点!$C$10-难度节点!$C$9)/(难度节点!$A$10-难度节点!$A$9),0) -> 250 | E81: 1.1459856 | F81: 0.70910621 | G81: 1 | H81: 300078 | L81: 300078 | M81: =COUNTIF(TeamHero生成!$J$5:$J$504,$C81) -> 5 | N81: =IF(AND(ISNUMBER($D81),$D81>=1,$D81<=500,MOD($D81,1)=0),"有效","无效") -> 有效 | O81: =IF($D81<$D80,"下降","") | P81: 统一标准模型；只列TowerEnemyFormation未停用的包体1 ID，包体2～4停用引用已清空
A82: 当前配置 | B82: 78 | C82: 78 | D82: =ROUND(难度节点!$C$9+($B82-难度节点!$A$9)*(难度节点!$C$10-难度节点!$C$9)/(难度节点!$A$10-难度节点!$A$9),0) -> 252 | E82: 1.1437217 | F82: 0.70965958 | G82: 1 | H82: 300079 | L82: 300079 | M82: =COUNTIF(TeamHero生成!$J$5:$J$504,$C82) -> 5 | N82: =IF(AND(ISNUMBER($D82),$D82>=1,$D82<=500,MOD($D82,1)=0),"有效","无效") -> 有效 | O82: =IF($D82<$D81,"下降","") | P82: 统一标准模型；只列TowerEnemyFormation未停用的包体1 ID，包体2～4停用引用已清空
A83: 当前配置 | B83: 79 | C83: 79 | D83: =ROUND(难度节点!$C$9+($B83-难度节点!$A$9)*(难度节点!$C$10-难度节点!$C$9)/(难度节点!$A$10-难度节点!$A$9),0) -> 253 | E83: 1.1419597 | F83: 0.71041126 | G83: 1 | H83: 300080 | L83: 300080 | M83: =COUNTIF(TeamHero生成!$J$5:$J$504,$C83) -> 5 | N83: =IF(AND(ISNUMBER($D83),$D83>=1,$D83<=500,MOD($D83,1)=0),"有效","无效") -> 有效 | O83: =IF($D83<$D82,"下降","") | P83: 统一标准模型；只列TowerEnemyFormation未停用的包体1 ID，包体2～4停用引用已清空
A84: 当前配置 | B84: 80 | C84: 80 | D84: =ROUND(难度节点!$C$9+($B84-难度节点!$A$9)*(难度节点!$C$10-难度节点!$C$9)/(难度节点!$A$10-难度节点!$A$9),0) -> 255 | E84: 1.1393759 | F84: 0.7103324 | G84: 1 | H84: 300081 | L84: 300081 | M84: =COUNTIF(TeamHero生成!$J$5:$J$504,$C84) -> 5 | N84: =IF(AND(ISNUMBER($D84),$D84>=1,$D84<=500,MOD($D84,1)=0),"有效","无效") -> 有效 | O84: =IF($D84<$D83,"下降","") | P84: 统一标准模型；只列TowerEnemyFormation未停用的包体1 ID，包体2～4停用引用已清空
A85: 当前配置 | B85: 81 | C85: 81 | D85: =ROUND(难度节点!$C$10+($B85-难度节点!$A$10)*(难度节点!$C$11-难度节点!$C$10)/(难度节点!$A$11-难度节点!$A$10),0) -> 256 | E85: 1.135169 | F85: 0.71068884 | G85: 1 | H85: 300082 | L85: 300082 | M85: =COUNTIF(TeamHero生成!$J$5:$J$504,$C85) -> 5 | N85: =IF(AND(ISNUMBER($D85),$D85>=1,$D85<=500,MOD($D85,1)=0),"有效","无效") -> 有效 | O85: =IF($D85<$D84,"下降","") | P85: 统一标准模型；只列TowerEnemyFormation未停用的包体1 ID，包体2～4停用引用已清空
A86: 当前配置 | B86: 82 | C86: 82 | D86: =ROUND(难度节点!$C$10+($B86-难度节点!$A$10)*(难度节点!$C$11-难度节点!$C$10)/(难度节点!$A$11-难度节点!$A$10),0) -> 258 | E86: 1.1423769 | F86: 0.71426104 | G86: 1 | H86: 300083 | L86: 300083 | M86: =COUNTIF(TeamHero生成!$J$5:$J$504,$C86) -> 5 | N86: =IF(AND(ISNUMBER($D86),$D86>=1,$D86<=500,MOD($D86,1)=0),"有效","无效") -> 有效 | O86: =IF($D86<$D85,"下降","") | P86: 统一标准模型；只列TowerEnemyFormation未停用的包体1 ID，包体2～4停用引用已清空
A87: 当前配置 | B87: 83 | C87: 83 | D87: =ROUND(难度节点!$C$10+($B87-难度节点!$A$10)*(难度节点!$C$11-难度节点!$C$10)/(难度节点!$A$11-难度节点!$A$10),0) -> 259 | E87: 1.1404556 | F87: 0.71487508 | G87: 1 | H87: 300084 | L87: 300084 | M87: =COUNTIF(TeamHero生成!$J$5:$J$504,$C87) -> 5 | N87: =IF(AND(ISNUMBER($D87),$D87>=1,$D87<=500,MOD($D87,1)=0),"有效","无效") -> 有效 | O87: =IF($D87<$D86,"下降","") | P87: 统一标准模型；只列TowerEnemyFormation未停用的包体1 ID，包体2～4停用引用已清空
A88: 当前配置 | B88: 84 | C88: 84 | D88: =ROUND(难度节点!$C$10+($B88-难度节点!$A$10)*(难度节点!$C$11-难度节点!$C$10)/(难度节点!$A$11-难度节点!$A$10),0) -> 260 | E88: 1.1389344 | F88: 0.71565321 | G88: 1 | H88: 300085 | L88: 300085 | M88: =COUNTIF(TeamHero生成!$J$5:$J$504,$C88) -> 5 | N88: =IF(AND(ISNUMBER($D88),$D88>=1,$D88<=500,MOD($D88,1)=0),"有效","无效") -> 有效 | O88: =IF($D88<$D87,"下降","") | P88: 统一标准模型；只列TowerEnemyFormation未停用的包体1 ID，包体2～4停用引用已清空
A89: 当前配置 | B89: 85 | C89: 85 | D89: =ROUND(难度节点!$C$10+($B89-难度节点!$A$10)*(难度节点!$C$11-难度节点!$C$10)/(难度节点!$A$11-难度节点!$A$10),0) -> 262 | E89: 1.1382039 | F89: 0.71647285 | G89: 1 | H89: 300086 | L89: 300086 | M89: =COUNTIF(TeamHero生成!$J$5:$J$504,$C89) -> 5 | N89: =IF(AND(ISNUMBER($D89),$D89>=1,$D89<=500,MOD($D89,1)=0),"有效","无效") -> 有效 | O89: =IF($D89<$D88,"下降","") | P89: 统一标准模型；只列TowerEnemyFormation未停用的包体1 ID，包体2～4停用引用已清空
A90: 当前配置 | B90: 86 | C90: 86 | D90: =ROUND(难度节点!$C$10+($B90-难度节点!$A$10)*(难度节点!$C$11-难度节点!$C$10)/(难度节点!$A$11-难度节点!$A$10),0) -> 263 | E90: 1.135399 | F90: 0.71695099 | G90: 1 | H90: 300087 | L90: 300087 | M90: =COUNTIF(TeamHero生成!$J$5:$J$504,$C90) -> 5 | N90: =IF(AND(ISNUMBER($D90),$D90>=1,$D90<=500,MOD($D90,1)=0),"有效","无效") -> 有效 | O90: =IF($D90<$D89,"下降","") | P90: 统一标准模型；只列TowerEnemyFormation未停用的包体1 ID，包体2～4停用引用已清空
A91: 当前配置 | B91: 87 | C91: 87 | D91: =ROUND(难度节点!$C$10+($B91-难度节点!$A$10)*(难度节点!$C$11-难度节点!$C$10)/(难度节点!$A$11-难度节点!$A$10),0) -> 264 | E91: 1.1336009 | F91: 0.71757778 | G91: 1 | H91: 300088 | L91: 300088 | M91: =COUNTIF(TeamHero生成!$J$5:$J$504,$C91) -> 5 | N91: =IF(AND(ISNUMBER($D91),$D91>=1,$D91<=500,MOD($D91,1)=0),"有效","无效") -> 有效 | O91: =IF($D91<$D90,"下降","") | P91: 统一标准模型；只列TowerEnemyFormation未停用的包体1 ID，包体2～4停用引用已清空
A92: 当前配置 | B92: 88 | C92: 88 | D92: =ROUND(难度节点!$C$10+($B92-难度节点!$A$10)*(难度节点!$C$11-难度节点!$C$10)/(难度节点!$A$11-难度节点!$A$10),0) -> 265 | E92: 1.1321351 | F92: 0.71829746 | G92: 1 | H92: 300089 | L92: 300089 | M92: =COUNTIF(TeamHero生成!$J$5:$J$504,$C92) -> 5 | N92: =IF(AND(ISNUMBER($D92),$D92>=1,$D92<=500,MOD($D92,1)=0),"有效","无效") -> 有效 | O92: =IF($D92<$D91,"下降","") | P92: 统一标准模型；只列TowerEnemyFormation未停用的包体1 ID，包体2～4停用引用已清空
A93: 当前配置 | B93: 89 | C93: 89 | D93: =ROUND(难度节点!$C$10+($B93-难度节点!$A$10)*(难度节点!$C$11-难度节点!$C$10)/(难度节点!$A$11-难度节点!$A$10),0) -> 267 | E93: 1.130942 | F93: 0.71917641 | G93: 1 | H93: 300090 | L93: 300090 | M93: =COUNTIF(TeamHero生成!$J$5:$J$504,$C93) -> 5 | N93: =IF(AND(ISNUMBER($D93),$D93>=1,$D93<=500,MOD($D93,1)=0),"有效","无效") -> 有效 | O93: =IF($D93<$D92,"下降","") | P93: 统一标准模型；只列TowerEnemyFormation未停用的包体1 ID，包体2～4停用引用已清空
A94: 当前配置 | B94: 90 | C94: 90 | D94: =ROUND(难度节点!$C$10+($B94-难度节点!$A$10)*(难度节点!$C$11-难度节点!$C$10)/(难度节点!$A$11-难度节点!$A$10),0) -> 268 | E94: 1.1421363 | F94: 0.72465474 | G94: 1 | H94: 300091 | L94: 300091 | M94: =COUNTIF(TeamHero生成!$J$5:$J$504,$C94) -> 5 | N94: =IF(AND(ISNUMBER($D94),$D94>=1,$D94<=500,MOD($D94,1)=0),"有效","无效") -> 有效 | O94: =IF($D94<$D93,"下降","") | P94: 统一标准模型；只列TowerEnemyFormation未停用的包体1 ID，包体2～4停用引用已清空
A95: 当前配置 | B95: 91 | C95: 91 | D95: =ROUND(难度节点!$C$11+($B95-难度节点!$A$11)*(难度节点!$C$12-难度节点!$C$11)/(难度节点!$A$12-难度节点!$A$11),0) -> 269 | E95: 1.1400192 | F95: 0.72528766 | G95: 1 | H95: 300092 | L95: 300092 | M95: =COUNTIF(TeamHero生成!$J$5:$J$504,$C95) -> 5 | N95: =IF(AND(ISNUMBER($D95),$D95>=1,$D95<=500,MOD($D95,1)=0),"有效","无效") -> 有效 | O95: =IF($D95<$D94,"下降","") | P95: 统一标准模型；只列TowerEnemyFormation未停用的包体1 ID，包体2～4停用引用已清空
A96: 当前配置 | B96: 92 | C96: 92 | D96: =ROUND(难度节点!$C$11+($B96-难度节点!$A$11)*(难度节点!$C$12-难度节点!$C$11)/(难度节点!$A$12-难度节点!$A$11),0) -> 270 | E96: 1.1356732 | F96: 0.7243792 | G96: 1 | H96: 300093 | L96: 300093 | M96: =COUNTIF(TeamHero生成!$J$5:$J$504,$C96) -> 5 | N96: =IF(AND(ISNUMBER($D96),$D96>=1,$D96<=500,MOD($D96,1)=0),"有效","无效") -> 有效 | O96: =IF($D96<$D95,"下降","") | P96: 统一标准模型；只列TowerEnemyFormation未停用的包体1 ID，包体2～4停用引用已清空
A97: 当前配置 | B97: 93 | C97: 93 | D97: =ROUND(难度节点!$C$11+($B97-难度节点!$A$11)*(难度节点!$C$12-难度节点!$C$11)/(难度节点!$A$12-难度节点!$A$11),0) -> 272 | E97: 1.1327994 | F97: 0.72478113 | G97: 1 | H97: 300094 | L97: 300094 | M97: =COUNTIF(TeamHero生成!$J$5:$J$504,$C97) -> 5 | N97: =IF(AND(ISNUMBER($D97),$D97>=1,$D97<=500,MOD($D97,1)=0),"有效","无效") -> 有效 | O97: =IF($D97<$D96,"下降","") | P97: 统一标准模型；只列TowerEnemyFormation未停用的包体1 ID，包体2～4停用引用已清空
A98: 当前配置 | B98: 94 | C98: 94 | D98: =ROUND(难度节点!$C$11+($B98-难度节点!$A$11)*(难度节点!$C$12-难度节点!$C$11)/(难度节点!$A$12-难度节点!$A$11),0) -> 273 | E98: 1.1318223 | F98: 0.72569669 | G98: 1 | H98: 300095 | L98: 300095 | M98: =COUNTIF(TeamHero生成!$J$5:$J$504,$C98) -> 5 | N98: =IF(AND(ISNUMBER($D98),$D98>=1,$D98<=500,MOD($D98,1)=0),"有效","无效") -> 有效 | O98: =IF($D98<$D97,"下降","") | P98: 统一标准模型；只列TowerEnemyFormation未停用的包体1 ID，包体2～4停用引用已清空
A99: 当前配置 | B99: 95 | C99: 95 | D99: =ROUND(难度节点!$C$11+($B99-难度节点!$A$11)*(难度节点!$C$12-难度节点!$C$11)/(难度节点!$A$12-难度节点!$A$11),0) -> 274 | E99: 1.1310802 | F99: 0.72667931 | G99: 1 | H99: 300096 | L99: 300096 | M99: =COUNTIF(TeamHero生成!$J$5:$J$504,$C99) -> 5 | N99: =IF(AND(ISNUMBER($D99),$D99>=1,$D99<=500,MOD($D99,1)=0),"有效","无效") -> 有效 | O99: =IF($D99<$D98,"下降","") | P99: 统一标准模型；只列TowerEnemyFormation未停用的包体1 ID，包体2～4停用引用已清空
A100: 当前配置 | B100: 96 | C100: 96 | D100: =ROUND(难度节点!$C$11+($B100-难度节点!$A$11)*(难度节点!$C$12-难度节点!$C$11)/(难度节点!$A$12-难度节点!$A$11),0) -> 275 | E100: 1.1299212 | F100: 0.72746963 | G100: 1 | H100: 300097 | L100: 300097 | M100: =COUNTIF(TeamHero生成!$J$5:$J$504,$C100) -> 5 | N100: =IF(AND(ISNUMBER($D100),$D100>=1,$D100<=500,MOD($D100,1)=0),"有效","无效") -> 有效 | O100: =IF($D100<$D99,"下降","") | P100: 统一标准模型；只列TowerEnemyFormation未停用的包体1 ID，包体2～4停用引用已清空
A101: 当前配置 | B101: 97 | C101: 97 | D101: =ROUND(难度节点!$C$11+($B101-难度节点!$A$11)*(难度节点!$C$12-难度节点!$C$11)/(难度节点!$A$12-难度节点!$A$11),0) -> 276 | E101: 1.1288381 | F101: 0.72829331 | G101: 1 | H101: 300098 | L101: 300098 | M101: =COUNTIF(TeamHero生成!$J$5:$J$504,$C101) -> 5 | N101: =IF(AND(ISNUMBER($D101),$D101>=1,$D101<=500,MOD($D101,1)=0),"有效","无效") -> 有效 | O101: =IF($D101<$D100,"下降","") | P101: 统一标准模型；只列TowerEnemyFormation未停用的包体1 ID，包体2～4停用引用已清空
...

Sheet _怪物基线
A1: 等级 | B1: 普通怪生命 | C1: 普通怪攻击 | D1: 普通怪防御 | E1: 来源
A2: 1 | B2: 99 | C2: 44 | D2: 74 | E2: 战斗公式.xlsx/怪物标准模型 AS/AQ/AO；2026-08-27
A3: 2 | B3: 205 | C3: 89 | D3: 148 | E3: 战斗公式.xlsx/怪物标准模型 AS/AQ/AO；2026-08-27
A4: 3 | B4: 316 | C4: 134 | D4: 222 | E4: 战斗公式.xlsx/怪物标准模型 AS/AQ/AO；2026-08-27
A5: 4 | B5: 432 | C5: 180 | D5: 297 | E5: 战斗公式.xlsx/怪物标准模型 AS/AQ/AO；2026-08-27
A6: 5 | B6: 554 | C6: 225 | D6: 372 | E6: 战斗公式.xlsx/怪物标准模型 AS/AQ/AO；2026-08-27
A7: 6 | B7: 682 | C7: 271 | D7: 447 | E7: 战斗公式.xlsx/怪物标准模型 AS/AQ/AO；2026-08-27
A8: 7 | B8: 815 | C8: 318 | D8: 522 | E8: 战斗公式.xlsx/怪物标准模型 AS/AQ/AO；2026-08-27
A9: 8 | B9: 953 | C9: 365 | D9: 598 | E9: 战斗公式.xlsx/怪物标准模型 AS/AQ/AO；2026-08-27
A10: 9 | B10: 1097 | C10: 413 | D10: 674 | E10: 战斗公式.xlsx/怪物标准模型 AS/AQ/AO；2026-08-27
A11: 10 | B11: 1246 | C11: 461 | D11: 750 | E11: 战斗公式.xlsx/怪物标准模型 AS/AQ/AO；2026-08-27
A12: 11 | B12: 1400 | C12: 508 | D12: 826 | E12: 战斗公式.xlsx/怪物标准模型 AS/AQ/AO；2026-08-27
A13: 12 | B13: 1560 | C13: 557 | D13: 902 | E13: 战斗公式.xlsx/怪物标准模型 AS/AQ/AO；2026-08-27
... A501: 500 | B501: 2304753 | C501: 148975 | D501: 65340 | E501: 战斗公式.xlsx/怪物标准模型 AS/AQ/AO；2026-08-27

Sheet _角色基线
A1: HeroId | B1: 角色名 | C1: HeroClass | D1: 来源
A2: 1000 | B2: 测试 | C2: DPS | D2: Hero.xlsx
A3: 1001 | B3: 星海 | C3: DPS | D3: Hero.xlsx
A4: 1002 | B4: 大暑 | C4: Tank | D4: Hero.xlsx
A5: 1003 | B5: 塔拉夏 | C5: Tank | D5: Hero.xlsx
A6: 1004 | B6: 阿芭 | C6: Tank | D6: Hero.xlsx
A7: 1005 | B7: 陈单单 | C7: DPS | D7: Hero.xlsx
A8: 1006 | B8: 莉莉娅 | C8: DPS | D8: Hero.xlsx
A9: 1007 | B9: 萨萨莉安 | C9: Support | D9: Hero.xlsx
A10: 1008 | B10: 薇 | C10: DPS | D10: Hero.xlsx
A11: 1009 | B11: 约瑟夫 | C11: Support | D11: Hero.xlsx
A12: 1011 | B12: 陈双双 | C12: Support | D12: Hero.xlsx
A13: 1012 | B13: 艾德琳 | C13: Support | D13: Hero.xlsx
... A33: 1040 | B33: 小寒 | C33: Support | D33: Hero.xlsx

Sheet TeamHero生成
A1: 爬塔 TeamHero 属性生成
A2: D～F为最终生成值；公式基于楼层难度等级、精英怪基准和HeroClass职业偏移。
A4: TeamHero.Id | B4: CfgId | C4: Level | D4: Hp（生成） | E4: Attack（生成） | F4: Armor（生成） | G4: 当前Hp | H4: 当前Attack | I4: 当前Armor | J4: TeamId | K4: 层数 | L4: 难度等级 | M4: 角色名 | N4: HeroClass | O4: 普通怪生命 | P4: 普通怪攻击 | Q4: 普通怪防御 | R4: 精英生命系数 | S4: 精英攻击系数 | T4: 精英防御系数 | U4: 精英怪生命 | V4: 精英怪攻击 | W4: 精英怪防御 | X4: 职业生命系数 | Y4: 职业攻击系数 | Z4: 职业防御系数 | AA4: 楼层生命倍率 | AB4: 楼层攻击倍率 | AC4: 楼层防御倍率 | AD4: Hp变化 | AE4: Attack变化 | AF4: Armor变化 | AG4: 校验 | AH4: 有效生命（75%减伤上限）
A5: 1 | B5: 1002 | C5: 10 | D5: =IFERROR(ROUND($U5*$X5*$AA5*参数!$B$13,0),"") -> 12925 | E5: =IFERROR(ROUND($V5*$Y5*$AB5*参数!$C$13,0),"") -> 743 | F5: =IFERROR(ROUND($W5*$Z5*$AC5*参数!$D$13,0),"") -> 1700 | G5: 17474 | H5: 847 | I5: 1394 | J5: 1 | K5: 1 | L5: =IFERROR(INDEX(楼层配置!$D$5:$D$104,MATCH($K5,楼层配置!$B$5:$B$104,0)),"") -> 15 | M5: =IFERROR(INDEX(_角色基线!$B$2:$B$100,MATCH($B5,_角色基线!$A$2:$A$100,0)),"") -> 大暑 | N5: =IFERROR(INDEX(_角色基线!$C$2:$C$100,MATCH($B5,_角色基线!$A$2:$A$100,0)),"") -> Tank | O5: =IFERROR(INDEX(_怪物基线!$B$2:$B$501,MATCH(INT($L5),_怪物基线!$A$2:$A$501,0)),"") -> 2069 | P5: =IFERROR(INDEX(_怪物基线!$C$2:$C$501,MATCH(INT($L5),_怪物基线!$A$2:$A$501,0)),"") -> 705 | Q5: =IFERROR(INDEX(_怪物基线!$D$2:$D$501,MATCH(INT($L5),_怪物基线!$A$2:$A$501,0)),"") -> 1133 | R5: =参数!$B$10 -> 4 | S5: =参数!$C$10 -> 1.2 | T5: =参数!$D$10 -> 1 | U5: =IF($O5="","",$O5*$R5) -> 8276 | V5: =IF($P5="","",$P5*$S5) -> 846 | W5: =IF($Q5="","",$Q5*$T5) -> 1133 | X5: =IFERROR(INDEX(参数!$B$5:$B$7,MATCH($N5,参数!$A$5:$A$7,0)),"") -> 1.5 | Y5: =IFERROR(INDEX(参数!$C$5:$C$7,MATCH($N5,参数!$A$5:$A$7,0)),"") -> 1 | Z5: =IFERROR(INDEX(参数!$D$5:$D$7,MATCH($N5,参数!$A$5:$A$7,0)),"") -> 1.5 | AA5: =IFERROR(INDEX(楼层配置!$E$5:$E$104,MATCH($K5,楼层配置!$B$5:$B$104,0)),1) -> 1.0411519 | AB5: =IFERROR(INDEX(楼层配置!$F$5:$F$104,MATCH($K5,楼层配置!$B$5:$B$104,0)),1) -> 0.87879946 | AC5: =IFERROR(INDEX(楼层配置!$G$5:$G$104,MATCH($K5,楼层配置!$B$5:$B$104,0)),1) -> 1 | AD5: =IFERROR($D5/$G5-1,"") -> -0.26032963 | AE5: =IFERROR($E5/$H5-1,"") -> -0.1227863 | AF5: =IFERROR($F5/$I5-1,"") -> 0.2195122 | AG5: =IF(AND($A5>=1,$L5>=1,$L5<=500,OR($N5="Tank",$N5="DPS",$N5="Support"),ISNUMBER($D5),ISNUMBER($E5),ISNUMBER($F5)),"有效","异常") -> 有效 | AH5: =D5/(1-MIN(0.75,F5/(24000+F5))) -> 13840.521
A6: 2 | B6: 1001 | C6: 10 | D6: =IFERROR(ROUND($U6*$X6*$AA6*参数!$B$13,0),"") -> 8617 | E6: =IFERROR(ROUND($V6*$Y6*$AB6*参数!$C$13,0),"") -> 892 | F6: =IFERROR(ROUND($W6*$Z6*$AC6*参数!$D$13,0),"") -> 1133 | G6: 11649 | H6: 1016 | I6: 929 | J6: 1 | K6: 1 | L6: =IFERROR(INDEX(楼层配置!$D$5:$D$104,MATCH($K6,楼层配置!$B$5:$B$104,0)),"") -> 15 | M6: =IFERROR(INDEX(_角色基线!$B$2:$B$100,MATCH($B6,_角色基线!$A$2:$A$100,0)),"") -> 星海 | N6: =IFERROR(INDEX(_角色基线!$C$2:$C$100,MATCH($B6,_角色基线!$A$2:$A$100,0)),"") -> DPS | O6: =IFERROR(INDEX(_怪物基线!$B$2:$B$501,MATCH(INT($L6),_怪物基线!$A$2:$A$501,0)),"") -> 2069 | P6: =IFERROR(INDEX(_怪物基线!$C$2:$C$501,MATCH(INT($L6),_怪物基线!$A$2:$A$501,0)),"") -> 705 | Q6: =IFERROR(INDEX(_怪物基线!$D$2:$D$501,MATCH(INT($L6),_怪物基线!$A$2:$A$501,0)),"") -> 1133 | R6: =参数!$B$10 -> 4 | S6: =参数!$C$10 -> 1.2 | T6: =参数!$D$10 -> 1 | U6: =IF($O6="","",$O6*$R6) -> 8276 | V6: =IF($P6="","",$P6*$S6) -> 846 | W6: =IF($Q6="","",$Q6*$T6) -> 1133 | X6: =IFERROR(INDEX(参数!$B$5:$B$7,MATCH($N6,参数!$A$5:$A$7,0)),"") -> 1 | Y6: =IFERROR(INDEX(参数!$C$5:$C$7,MATCH($N6,参数!$A$5:$A$7,0)),"") -> 1.2 | Z6: =IFERROR(INDEX(参数!$D$5:$D$7,MATCH($N6,参数!$A$5:$A$7,0)),"") -> 1 | AA6: =IFERROR(INDEX(楼层配置!$E$5:$E$104,MATCH($K6,楼层配置!$B$5:$B$104,0)),1) -> 1.0411519 | AB6: =IFERROR(INDEX(楼层配置!$F$5:$F$104,MATCH($K6,楼层配置!$B$5:$B$104,0)),1) -> 0.87879946 | AC6: =IFERROR(INDEX(楼层配置!$G$5:$G$104,MATCH($K6,楼层配置!$B$5:$B$104,0)),1) -> 1 | AD6: =IFERROR($D6/$G6-1,"") -> -0.26027985 | AE6: =IFERROR($E6/$H6-1,"") -> -0.12204724 | AF6: =IFERROR($F6/$I6-1,"") -> 0.21959096 | AG6: =IF(AND($A6>=1,$L6>=1,$L6<=500,OR($N6="Tank",$N6="DPS",$N6="Support"),ISNUMBER($D6),ISNUMBER($E6),ISNUMBER($F6)),"有效","异常") -> 有效 | AH6: =D6/(1-MIN(0.75,F6/(24000+F6))) -> 9023.7942
A7: 3 | B7: 1001 | C7: 10 | D7: =IFERROR(ROUND($U7*$X7*$AA7*参数!$B$13,0),"") -> 8617 | E7: =IFERROR(ROUND($V7*$Y7*$AB7*参数!$C$13,0),"") -> 892 | F7: =IFERROR(ROUND($W7*$Z7*$AC7*参数!$D$13,0),"") -> 1133 | G7: 11649 | H7: 1016 | I7: 929 | J7: 1 | K7: 1 | L7: =IFERROR(INDEX(楼层配置!$D$5:$D$104,MATCH($K7,楼层配置!$B$5:$B$104,0)),"") -> 15 | M7: =IFERROR(INDEX(_角色基线!$B$2:$B$100,MATCH($B7,_角色基线!$A$2:$A$100,0)),"") -> 星海 | N7: =IFERROR(INDEX(_角色基线!$C$2:$C$100,MATCH($B7,_角色基线!$A$2:$A$100,0)),"") -> DPS | O7: =IFERROR(INDEX(_怪物基线!$B$2:$B$501,MATCH(INT($L7),_怪物基线!$A$2:$A$501,0)),"") -> 2069 | P7: =IFERROR(INDEX(_怪物基线!$C$2:$C$501,MATCH(INT($L7),_怪物基线!$A$2:$A$501,0)),"") -> 705 | Q7: =IFERROR(INDEX(_怪物基线!$D$2:$D$501,MATCH(INT($L7),_怪物基线!$A$2:$A$501,0)),"") -> 1133 | R7: =参数!$B$10 -> 4 | S7: =参数!$C$10 -> 1.2 | T7: =参数!$D$10 -> 1 | U7: =IF($O7="","",$O7*$R7) -> 8276 | V7: =IF($P7="","",$P7*$S7) -> 846 | W7: =IF($Q7="","",$Q7*$T7) -> 1133 | X7: =IFERROR(INDEX(参数!$B$5:$B$7,MATCH($N7,参数!$A$5:$A$7,0)),"") -> 1 | Y7: =IFERROR(INDEX(参数!$C$5:$C$7,MATCH($N7,参数!$A$5:$A$7,0)),"") -> 1.2 | Z7: =IFERROR(INDEX(参数!$D$5:$D$7,MATCH($N7,参数!$A$5:$A$7,0)),"") -> 1 | AA7: =IFERROR(INDEX(楼层配置!$E$5:$E$104,MATCH($K7,楼层配置!$B$5:$B$104,0)),1) -> 1.0411519 | AB7: =IFERROR(INDEX(楼层配置!$F$5:$F$104,MATCH($K7,楼层配置!$B$5:$B$104,0)),1) -> 0.87879946 | AC7: =IFERROR(INDEX(楼层配置!$G$5:$G$104,MATCH($K7,楼层配置!$B$5:$B$104,0)),1) -> 1 | AD7: =IFERROR($D7/$G7-1,"") -> -0.26027985 | AE7: =IFERROR($E7/$H7-1,"") -> -0.12204724 | AF7: =IFERROR($F7/$I7-1,"") -> 0.21959096 | AG7: =IF(AND($A7>=1,$L7>=1,$L7<=500,OR($N7="Tank",$N7="DPS",$N7="Support"),ISNUMBER($D7),ISNUMBER($E7),ISNUMBER($F7)),"有效","异常") -> 有效 | AH7: =D7/(1-MIN(0.75,F7/(24000+F7))) -> 9023.7942
A8: 4 | B8: 1001 | C8: 10 | D8: =IFERROR(ROUND($U8*$X8*$AA8*参数!$B$13,0),"") -> 8617 | E8: =IFERROR(ROUND($V8*$Y8*$AB8*参数!$C$13,0),"") -> 892 | F8: =IFERROR(ROUND($W8*$Z8*$AC8*参数!$D$13,0),"") -> 1133 | G8: 11649 | H8: 1016 | I8: 929 | J8: 1 | K8: 1 | L8: =IFERROR(INDEX(楼层配置!$D$5:$D$104,MATCH($K8,楼层配置!$B$5:$B$104,0)),"") -> 15 | M8: =IFERROR(INDEX(_角色基线!$B$2:$B$100,MATCH($B8,_角色基线!$A$2:$A$100,0)),"") -> 星海 | N8: =IFERROR(INDEX(_角色基线!$C$2:$C$100,MATCH($B8,_角色基线!$A$2:$A$100,0)),"") -> DPS | O8: =IFERROR(INDEX(_怪物基线!$B$2:$B$501,MATCH(INT($L8),_怪物基线!$A$2:$A$501,0)),"") -> 2069 | P8: =IFERROR(INDEX(_怪物基线!$C$2:$C$501,MATCH(INT($L8),_怪物基线!$A$2:$A$501,0)),"") -> 705 | Q8: =IFERROR(INDEX(_怪物基线!$D$2:$D$501,MATCH(INT($L8),_怪物基线!$A$2:$A$501,0)),"") -> 1133 | R8: =参数!$B$10 -> 4 | S8: =参数!$C$10 -> 1.2 | T8: =参数!$D$10 -> 1 | U8: =IF($O8="","",$O8*$R8) -> 8276 | V8: =IF($P8="","",$P8*$S8) -> 846 | W8: =IF($Q8="","",$Q8*$T8) -> 1133 | X8: =IFERROR(INDEX(参数!$B$5:$B$7,MATCH($N8,参数!$A$5:$A$7,0)),"") -> 1 | Y8: =IFERROR(INDEX(参数!$C$5:$C$7,MATCH($N8,参数!$A$5:$A$7,0)),"") -> 1.2 | Z8: =IFERROR(INDEX(参数!$D$5:$D$7,MATCH($N8,参数!$A$5:$A$7,0)),"") -> 1 | AA8: =IFERROR(INDEX(楼层配置!$E$5:$E$104,MATCH($K8,楼层配置!$B$5:$B$104,0)),1) -> 1.0411519 | AB8: =IFERROR(INDEX(楼层配置!$F$5:$F$104,MATCH($K8,楼层配置!$B$5:$B$104,0)),1) -> 0.87879946 | AC8: =IFERROR(INDEX(楼层配置!$G$5:$G$104,MATCH($K8,楼层配置!$B$5:$B$104,0)),1) -> 1 | AD8: =IFERROR($D8/$G8-1,"") -> -0.26027985 | AE8: =IFERROR($E8/$H8-1,"") -> -0.12204724 | AF8: =IFERROR($F8/$I8-1,"") -> 0.21959096 | AG8: =IF(AND($A8>=1,$L8>=1,$L8<=500,OR($N8="Tank",$N8="DPS",$N8="Support"),ISNUMBER($D8),ISNUMBER($E8),ISNUMBER($F8)),"有效","异常") -> 有效 | AH8: =D8/(1-MIN(0.75,F8/(24000+F8))) -> 9023.7942
A9: 5 | B9: 1040 | C9: 10 | D9: =IFERROR(ROUND($U9*$X9*$AA9*参数!$B$13,0),"") -> 10771 | E9: =IFERROR(ROUND($V9*$Y9*$AB9*参数!$C$13,0),"") -> 743 | F9: =IFERROR(ROUND($W9*$Z9*$AC9*参数!$D$13,0),"") -> 1416 | G9: 14562 | H9: 847 | I9: 1162 | J9: 1 | K9: 1 | L9: =IFERROR(INDEX(楼层配置!$D$5:$D$104,MATCH($K9,楼层配置!$B$5:$B$104,0)),"") -> 15 | M9: =IFERROR(INDEX(_角色基线!$B$2:$B$100,MATCH($B9,_角色基线!$A$2:$A$100,0)),"") -> 小寒 | N9: =IFERROR(INDEX(_角色基线!$C$2:$C$100,MATCH($B9,_角色基线!$A$2:$A$100,0)),"") -> Support | O9: =IFERROR(INDEX(_怪物基线!$B$2:$B$501,MATCH(INT($L9),_怪物基线!$A$2:$A$501,0)),"") -> 2069 | P9: =IFERROR(INDEX(_怪物基线!$C$2:$C$501,MATCH(INT($L9),_怪物基线!$A$2:$A$501,0)),"") -> 705 | Q9: =IFERROR(INDEX(_怪物基线!$D$2:$D$501,MATCH(INT($L9),_怪物基线!$A$2:$A$501,0)),"") -> 1133 | R9: =参数!$B$10 -> 4 | S9: =参数!$C$10 -> 1.2 | T9: =参数!$D$10 -> 1 | U9: =IF($O9="","",$O9*$R9) -> 8276 | V9: =IF($P9="","",$P9*$S9) -> 846 | W9: =IF($Q9="","",$Q9*$T9) -> 1133 | X9: =IFERROR(INDEX(参数!$B$5:$B$7,MATCH($N9,参数!$A$5:$A$7,0)),"") -> 1.25 | Y9: =IFERROR(INDEX(参数!$C$5:$C$7,MATCH($N9,参数!$A$5:$A$7,0)),"") -> 1 | Z9: =IFERROR(INDEX(参数!$D$5:$D$7,MATCH($N9,参数!$A$5:$A$7,0)),"") -> 1.25 | AA9: =IFERROR(INDEX(楼层配置!$E$5:$E$104,MATCH($K9,楼层配置!$B$5:$B$104,0)),1) -> 1.0411519 | AB9: =IFERROR(INDEX(楼层配置!$F$5:$F$104,MATCH($K9,楼层配置!$B$5:$B$104,0)),1) -> 0.87879946 | AC9: =IFERROR(INDEX(楼层配置!$G$5:$G$104,MATCH($K9,楼层配置!$B$5:$B$104,0)),1) -> 1 | AD9: =IFERROR($D9/$G9-1,"") -> -0.26033512 | AE9: =IFERROR($E9/$H9-1,"") -> -0.1227863 | AF9: =IFERROR($F9/$I9-1,"") -> 0.21858864 | AG9: =IF(AND($A9>=1,$L9>=1,$L9<=500,OR($N9="Tank",$N9="DPS",$N9="Support"),ISNUMBER($D9),ISNUMBER($E9),ISNUMBER($F9)),"有效","异常") -> 有效 | AH9: =D9/(1-MIN(0.75,F9/(24000+F9))) -> 11406.489
A10: 6 | B10: 1038 | C10: 11 | D10: =IFERROR(ROUND($U10*$X10*$AA10*参数!$B$13,0),"") -> 16789 | E10: =IFERROR(ROUND($V10*$Y10*$AB10*参数!$C$13,0),"") -> 907 | F10: =IFERROR(ROUND($W10*$Z10*$AC10*参数!$D$13,0),"") -> 2049 | G10: 22442 | H10: 1028 | I10: 1686 | J10: 2 | K10: 2 | L10: =IFERROR(INDEX(楼层配置!$D$5:$D$104,MATCH($K10,楼层配置!$B$5:$B$104,0)),"") -> 18 | M10: =IFERROR(INDEX(_角色基线!$B$2:$B$100,MATCH($B10,_角色基线!$A$2:$A$100,0)),"") -> 商队战斗员 | N10: =IFERROR(INDEX(_角色基线!$C$2:$C$100,MATCH($B10,_角色基线!$A$2:$A$100,0)),"") -> Tank | O10: =IFERROR(INDEX(_怪物基线!$B$2:$B$501,MATCH(INT($L10),_怪物基线!$A$2:$A$501,0)),"") -> 2624 | P10: =IFERROR(INDEX(_怪物基线!$C$2:$C$501,MATCH(INT($L10),_怪物基线!$A$2:$A$501,0)),"") -> 857 | Q10: =IFERROR(INDEX(_怪物基线!$D$2:$D$501,MATCH(INT($L10),_怪物基线!$A$2:$A$501,0)),"") -> 1366 | R10: =参数!$B$10 -> 4 | S10: =参数!$C$10 -> 1.2 | T10: =参数!$D$10 -> 1 | U10: =IF($O10="","",$O10*$R10) -> 10496 | V10: =IF($P10="","",$P10*$S10) -> 1028.4 | W10: =IF($Q10="","",$Q10*$T10) -> 1366 | X10: =IFERROR(INDEX(参数!$B$5:$B$7,MATCH($N10,参数!$A$5:$A$7,0)),"") -> 1.5 | Y10: =IFERROR(INDEX(参数!$C$5:$C$7,MATCH($N10,参数!$A$5:$A$7,0)),"") -> 1 | Z10: =IFERROR(INDEX(参数!$D$5:$D$7,MATCH($N10,参数!$A$5:$A$7,0)),"") -> 1.5 | AA10: =IFERROR(INDEX(楼层配置!$E$5:$E$104,MATCH($K10,楼层配置!$B$5:$B$104,0)),1) -> 1.0663889 | AB10: =IFERROR(INDEX(楼层配置!$F$5:$F$104,MATCH($K10,楼层配置!$B$5:$B$104,0)),1) -> 0.88169731 | AC10: =IFERROR(INDEX(楼层配置!$G$5:$G$104,MATCH($K10,楼层配置!$B$5:$B$104,0)),1) -> 1 | AD10: =IFERROR($D10/$G10-1,"") -> -0.25189377 | AE10: =IFERROR($E10/$H10-1,"") -> -0.11770428 | AF10: =IFERROR($F10/$I10-1,"") -> 0.21530249 | AG10: =IF(AND($A10>=1,$L10>=1,$L10<=500,OR($N10="Tank",$N10="DPS",$N10="Support"),ISNUMBER($D10),ISNUMBER($E10),ISNUMBER($F10)),"有效","异常") -> 有效 | AH10: =D10/(1-MIN(0.75,F10/(24000+F10))) -> 18222.361
A11: 7 | B11: 1035 | C11: 11 | D11: =IFERROR(ROUND($U11*$X11*$AA11*参数!$B$13,0),"") -> 11193 | E11: =IFERROR(ROUND($V11*$Y11*$AB11*参数!$C$13,0),"") -> 1088 | F11: =IFERROR(ROUND($W11*$Z11*$AC11*参数!$D$13,0),"") -> 1366 | G11: 14961 | H11: 1233 | I11: 1124 | J11: 2 | K11: 2 | L11: =IFERROR(INDEX(楼层配置!$D$5:$D$104,MATCH($K11,楼层配置!$B$5:$B$104,0)),"") -> 18 | M11: =IFERROR(INDEX(_角色基线!$B$2:$B$100,MATCH($B11,_角色基线!$A$2:$A$100,0)),"") -> 碎冰者 | N11: =IFERROR(INDEX(_角色基线!$C$2:$C$100,MATCH($B11,_角色基线!$A$2:$A$100,0)),"") -> DPS | O11: =IFERROR(INDEX(_怪物基线!$B$2:$B$501,MATCH(INT($L11),_怪物基线!$A$2:$A$501,0)),"") -> 2624 | P11: =IFERROR(INDEX(_怪物基线!$C$2:$C$501,MATCH(INT($L11),_怪物基线!$A$2:$A$501,0)),"") -> 857 | Q11: =IFERROR(INDEX(_怪物基线!$D$2:$D$501,MATCH(INT($L11),_怪物基线!$A$2:$A$501,0)),"") -> 1366 | R11: =参数!$B$10 -> 4 | S11: =参数!$C$10 -> 1.2 | T11: =参数!$D$10 -> 1 | U11: =IF($O11="","",$O11*$R11) -> 10496 | V11: =IF($P11="","",$P11*$S11) -> 1028.4 | W11: =IF($Q11="","",$Q11*$T11) -> 1366 | X11: =IFERROR(INDEX(参数!$B$5:$B$7,MATCH($N11,参数!$A$5:$A$7,0)),"") -> 1 | Y11: =IFERROR(INDEX(参数!$C$5:$C$7,MATCH($N11,参数!$A$5:$A$7,0)),"") -> 1.2 | Z11: =IFERROR(INDEX(参数!$D$5:$D$7,MATCH($N11,参数!$A$5:$A$7,0)),"") -> 1 | AA11: =IFERROR(INDEX(楼层配置!$E$5:$E$104,MATCH($K11,楼层配置!$B$5:$B$104,0)),1) -> 1.0663889 | AB11: =IFERROR(INDEX(楼层配置!$F$5:$F$104,MATCH($K11,楼层配置!$B$5:$B$104,0)),1) -> 0.88169731 | AC11: =IFERROR(INDEX(楼层配置!$G$5:$G$104,MATCH($K11,楼层配置!$B$5:$B$104,0)),1) -> 1 | AD11: =IFERROR($D11/$G11-1,"") -> -0.25185482 | AE11: =IFERROR($E11/$H11-1,"") -> -0.11759935 | AF11: =IFERROR($F11/$I11-1,"") -> 0.21530249 | AG11: =IF(AND($A11>=1,$L11>=1,$L11<=500,OR($N11="Tank",$N11="DPS",$N11="Support"),ISNUMBER($D11),ISNUMBER($E11),ISNUMBER($F11)),"有效","异常") -> 有效 | AH11: =D11/(1-MIN(0.75,F11/(24000+F11))) -> 11830.068
A12: 8 | B12: 1035 | C12: 11 | D12: =IFERROR(ROUND($U12*$X12*$AA12*参数!$B$13,0),"") -> 11193 | E12: =IFERROR(ROUND($V12*$Y12*$AB12*参数!$C$13,0),"") -> 1088 | F12: =IFERROR(ROUND($W12*$Z12*$AC12*参数!$D$13,0),"") -> 1366 | G12: 14961 | H12: 1233 | I12: 1124 | J12: 2 | K12: 2 | L12: =IFERROR(INDEX(楼层配置!$D$5:$D$104,MATCH($K12,楼层配置!$B$5:$B$104,0)),"") -> 18 | M12: =IFERROR(INDEX(_角色基线!$B$2:$B$100,MATCH($B12,_角色基线!$A$2:$A$100,0)),"") -> 碎冰者 | N12: =IFERROR(INDEX(_角色基线!$C$2:$C$100,MATCH($B12,_角色基线!$A$2:$A$100,0)),"") -> DPS | O12: =IFERROR(INDEX(_怪物基线!$B$2:$B$501,MATCH(INT($L12),_怪物基线!$A$2:$A$501,0)),"") -> 2624 | P12: =IFERROR(INDEX(_怪物基线!$C$2:$C$501,MATCH(INT($L12),_怪物基线!$A$2:$A$501,0)),"") -> 857 | Q12: =IFERROR(INDEX(_怪物基线!$D$2:$D$501,MATCH(INT($L12),_怪物基线!$A$2:$A$501,0)),"") -> 1366 | R12: =参数!$B$10 -> 4 | S12: =参数!$C$10 -> 1.2 | T12: =参数!$D$10 -> 1 | U12: =IF($O12="","",$O12*$R12) -> 10496 | V12: =IF($P12="","",$P12*$S12) -> 1028.4 | W12: =IF($Q12="","",$Q12*$T12) -> 1366 | X12: =IFERROR(INDEX(参数!$B$5:$B$7,MATCH($N12,参数!$A$5:$A$7,0)),"") -> 1 | Y12: =IFERROR(INDEX(参数!$C$5:$C$7,MATCH($N12,参数!$A$5:$A$7,0)),"") -> 1.2 | Z12: =IFERROR(INDEX(参数!$D$5:$D$7,MATCH($N12,参数!$A$5:$A$7,0)),"") -> 1 | AA12: =IFERROR(INDEX(楼层配置!$E$5:$E$104,MATCH($K12,楼层配置!$B$5:$B$104,0)),1) -> 1.0663889 | AB12: =IFERROR(INDEX(楼层配置!$F$5:$F$104,MATCH($K12,楼层配置!$B$5:$B$104,0)),1) -> 0.88169731 | AC12: =IFERROR(INDEX(楼层配置!$G$5:$G$104,MATCH($K12,楼层配置!$B$5:$B$104,0)),1) -> 1 | AD12: =IFERROR($D12/$G12-1,"") -> -0.25185482 | AE12: =IFERROR($E12/$H12-1,"") -> -0.11759935 | AF12: =IFERROR($F12/$I12-1,"") -> 0.21530249 | AG12: =IF(AND($A12>=1,$L12>=1,$L12<=500,OR($N12="Tank",$N12="DPS",$N12="Support"),ISNUMBER($D12),ISNUMBER($E12),ISNUMBER($F12)),"有效","异常") -> 有效 | AH12: =D12/(1-MIN(0.75,F12/(24000+F12))) -> 11830.068
A13: 9 | B13: 1035 | C13: 11 | D13: =IFERROR(ROUND($U13*$X13*$AA13*参数!$B$13,0),"") -> 11193 | E13: =IFERROR(ROUND($V13*$Y13*$AB13*参数!$C$13,0),"") -> 1088 | F13: =IFERROR(ROUND($W13*$Z13*$AC13*参数!$D$13,0),"") -> 1366 | G13: 14961 | H13: 1233 | I13: 1124 | J13: 2 | K13: 2 | L13: =IFERROR(INDEX(楼层配置!$D$5:$D$104,MATCH($K13,楼层配置!$B$5:$B$104,0)),"") -> 18 | M13: =IFERROR(INDEX(_角色基线!$B$2:$B$100,MATCH($B13,_角色基线!$A$2:$A$100,0)),"") -> 碎冰者 | N13: =IFERROR(INDEX(_角色基线!$C$2:$C$100,MATCH($B13,_角色基线!$A$2:$A$100,0)),"") -> DPS | O13: =IFERROR(INDEX(_怪物基线!$B$2:$B$501,MATCH(INT($L13),_怪物基线!$A$2:$A$501,0)),"") -> 2624 | P13: =IFERROR(INDEX(_怪物基线!$C$2:$C$501,MATCH(INT($L13),_怪物基线!$A$2:$A$501,0)),"") -> 857 | Q13: =IFERROR(INDEX(_怪物基线!$D$2:$D$501,MATCH(INT($L13),_怪物基线!$A$2:$A$501,0)),"") -> 1366 | R13: =参数!$B$10 -> 4 | S13: =参数!$C$10 -> 1.2 | T13: =参数!$D$10 -> 1 | U13: =IF($O13="","",$O13*$R13) -> 10496 | V13: =IF($P13="","",$P13*$S13) -> 1028.4 | W13: =IF($Q13="","",$Q13*$T13) -> 1366 | X13: =IFERROR(INDEX(参数!$B$5:$B$7,MATCH($N13,参数!$A$5:$A$7,0)),"") -> 1 | Y13: =IFERROR(INDEX(参数!$C$5:$C$7,MATCH($N13,参数!$A$5:$A$7,0)),"") -> 1.2 | Z13: =IFERROR(INDEX(参数!$D$5:$D$7,MATCH($N13,参数!$A$5:$A$7,0)),"") -> 1 | AA13: =IFERROR(INDEX(楼层配置!$E$5:$E$104,MATCH($K13,楼层配置!$B$5:$B$104,0)),1) -> 1.0663889 | AB13: =IFERROR(INDEX(楼层配置!$F$5:$F$104,MATCH($K13,楼层配置!$B$5:$B$104,0)),1) -> 0.88169731 | AC13: =IFERROR(INDEX(楼层配置!$G$5:$G$104,MATCH($K13,楼层配置!$B$5:$B$104,0)),1) -> 1 | AD13: =IFERROR($D13/$G13-1,"") -> -0.25185482 | AE13: =IFERROR($E13/$H13-1,"") -> -0.11759935 | AF13: =IFERROR($F13/$I13-1,"") -> 0.21530249 | AG13: =IF(AND($A13>=1,$L13>=1,$L13<=500,OR($N13="Tank",$N13="DPS",$N13="Support"),ISNUMBER($D13),ISNUMBER($E13),ISNUMBER($F13)),"有效","异常") -> 有效 | AH13: =D13/(1-MIN(0.75,F13/(24000+F13))) -> 11830.068
A14: 10 | B14: 1036 | C14: 11 | D14: =IFERROR(ROUND($U14*$X14*$AA14*参数!$B$13,0),"") -> 11193 | E14: =IFERROR(ROUND($V14*$Y14*$AB14*参数!$C$13,0),"") -> 1088 | F14: =IFERROR(ROUND($W14*$Z14*$AC14*参数!$D$13,0),"") -> 1366 | G14: 14961 | H14: 1233 | I14: 1124 | J14: 2 | K14: 2 | L14: =IFERROR(INDEX(楼层配置!$D$5:$D$104,MATCH($K14,楼层配置!$B$5:$B$104,0)),"") -> 18 | M14: =IFERROR(INDEX(_角色基线!$B$2:$B$100,MATCH($B14,_角色基线!$A$2:$A$100,0)),"") -> 霜狼法师 | N14: =IFERROR(INDEX(_角色基线!$C$2:$C$100,MATCH($B14,_角色基线!$A$2:$A$100,0)),"") -> DPS | O14: =IFERROR(INDEX(_怪物基线!$B$2:$B$501,MATCH(INT($L14),_怪物基线!$A$2:$A$501,0)),"") -> 2624 | P14: =IFERROR(INDEX(_怪物基线!$C$2:$C$501,MATCH(INT($L14),_怪物基线!$A$2:$A$501,0)),"") -> 857 | Q14: =IFERROR(INDEX(_怪物基线!$D$2:$D$501,MATCH(INT($L14),_怪物基线!$A$2:$A$501,0)),"") -> 1366 | R14: =参数!$B$10 -> 4 | S14: =参数!$C$10 -> 1.2 | T14: =参数!$D$10 -> 1 | U14: =IF($O14="","",$O14*$R14) -> 10496 | V14: =IF($P14="","",$P14*$S14) -> 1028.4 | W14: =IF($Q14="","",$Q14*$T14) -> 1366 | X14: =IFERROR(INDEX(参数!$B$5:$B$7,MATCH($N14,参数!$A$5:$A$7,0)),"") -> 1 | Y14: =IFERROR(INDEX(参数!$C$5:$C$7,MATCH($N14,参数!$A$5:$A$7,0)),"") -> 1.2 | Z14: =IFERROR(INDEX(参数!$D$5:$D$7,MATCH($N14,参数!$A$5:$A$7,0)),"") -> 1 | AA14: =IFERROR(INDEX(楼层配置!$E$5:$E$104,MATCH($K14,楼层配置!$B$5:$B$104,0)),1) -> 1.0663889 | AB14: =IFERROR(INDEX(楼层配置!$F$5:$F$104,MATCH($K14,楼层配置!$B$5:$B$104,0)),1) -> 0.88169731 | AC14: =IFERROR(INDEX(楼层配置!$G$5:$G$104,MATCH($K14,楼层配置!$B$5:$B$104,0)),1) -> 1 | AD14: =IFERROR($D14/$G14-1,"") -> -0.25185482 | AE14: =IFERROR($E14/$H14-1,"") -> -0.11759935 | AF14: =IFERROR($F14/$I14-1,"") -> 0.21530249 | AG14: =IF(AND($A14>=1,$L14>=1,$L14<=500,OR($N14="Tank",$N14="DPS",$N14="Support"),ISNUMBER($D14),ISNUMBER($E14),ISNUMBER($F14)),"有效","异常") -> 有效 | AH14: =D14/(1-MIN(0.75,F14/(24000+F14))) -> 11830.068
A15: 11 | B15: 1002 | C15: 11 | D15: =IFERROR(ROUND($U15*$X15*$AA15*参数!$B$13,0),"") -> 21843 | E15: =IFERROR(ROUND($V15*$Y15*$AB15*参数!$C$13,0),"") -> 1105 | F15: =IFERROR(ROUND($W15*$Z15*$AC15*参数!$D$13,0),"") -> 2519 | G15: 27900 | H15: 1213 | I15: 1982 | J15: 3 | K15: 3 | L15: =IFERROR(INDEX(楼层配置!$D$5:$D$104,MATCH($K15,楼层配置!$B$5:$B$104,0)),"") -> 22 | M15: =IFERROR(INDEX(_角色基线!$B$2:$B$100,MATCH($B15,_角色基线!$A$2:$A$100,0)),"") -> 大暑 | N15: =IFERROR(INDEX(_角色基线!$C$2:$C$100,MATCH($B15,_角色基线!$A$2:$A$100,0)),"") -> Tank | O15: =IFERROR(INDEX(_怪物基线!$B$2:$B$501,MATCH(INT($L15),_怪物基线!$A$2:$A$501,0)),"") -> 3435 | P15: =IFERROR(INDEX(_怪物基线!$C$2:$C$501,MATCH(INT($L15),_怪物基线!$A$2:$A$501,0)),"") -> 1064 | Q15: =IFERROR(INDEX(_怪物基线!$D$2:$D$501,MATCH(INT($L15),_怪物基线!$A$2:$A$501,0)),"") -> 1679 | R15: =参数!$B$10 -> 4 | S15: =参数!$C$10 -> 1.2 | T15: =参数!$D$10 -> 1 | U15: =IF($O15="","",$O15*$R15) -> 13740 | V15: =IF($P15="","",$P15*$S15) -> 1276.8 | W15: =IF($Q15="","",$Q15*$T15) -> 1679 | X15: =IFERROR(INDEX(参数!$B$5:$B$7,MATCH($N15,参数!$A$5:$A$7,0)),"") -> 1.5 | Y15: =IFERROR(INDEX(参数!$C$5:$C$7,MATCH($N15,参数!$A$5:$A$7,0)),"") -> 1 | Z15: =IFERROR(INDEX(参数!$D$5:$D$7,MATCH($N15,参数!$A$5:$A$7,0)),"") -> 1.5 | AA15: =IFERROR(INDEX(楼层配置!$E$5:$E$104,MATCH($K15,楼层配置!$B$5:$B$104,0)),1) -> 1.0598272 | AB15: =IFERROR(INDEX(楼层配置!$F$5:$F$104,MATCH($K15,楼层配置!$B$5:$B$104,0)),1) -> 0.86525003 | AC15: =IFERROR(INDEX(楼层配置!$G$5:$G$104,MATCH($K15,楼层配置!$B$5:$B$104,0)),1) -> 1 | AD15: =IFERROR($D15/$G15-1,"") -> -0.21709677 | AE15: =IFERROR($E15/$H15-1,"") -> -0.089035449 | AF15: =IFERROR($F15/$I15-1,"") -> 0.27093845 | AG15: =IF(AND($A15>=1,$L15>=1,$L15<=500,OR($N15="Tank",$N15="DPS",$N15="Support"),ISNUMBER($D15),ISNUMBER($E15),ISNUMBER($F15)),"有效","异常") -> 有效 | AH15: =D15/(1-MIN(0.75,F15/(24000+F15))) -> 24135.605
A16: 12 | B16: 1002 | C16: 11 | D16: =IFERROR(ROUND($U16*$X16*$AA16*参数!$B$13,0),"") -> 21843 | E16: =IFERROR(ROUND($V16*$Y16*$AB16*参数!$C$13,0),"") -> 1105 | F16: =IFERROR(ROUND($W16*$Z16*$AC16*参数!$D$13,0),"") -> 2519 | G16: 27900 | H16: 1213 | I16: 1982 | J16: 3 | K16: 3 | L16: =IFERROR(INDEX(楼层配置!$D$5:$D$104,MATCH($K16,楼层配置!$B$5:$B$104,0)),"") -> 22 | M16: =IFERROR(INDEX(_角色基线!$B$2:$B$100,MATCH($B16,_角色基线!$A$2:$A$100,0)),"") -> 大暑 | N16: =IFERROR(INDEX(_角色基线!$C$2:$C$100,MATCH($B16,_角色基线!$A$2:$A$100,0)),"") -> Tank | O16: =IFERROR(INDEX(_怪物基线!$B$2:$B$501,MATCH(INT($L16),_怪物基线!$A$2:$A$501,0)),"") -> 3435 | P16: =IFERROR(INDEX(_怪物基线!$C$2:$C$501,MATCH(INT($L16),_怪物基线!$A$2:$A$501,0)),"") -> 1064 | Q16: =IFERROR(INDEX(_怪物基线!$D$2:$D$501,MATCH(INT($L16),_怪物基线!$A$2:$A$501,0)),"") -> 1679 | R16: =参数!$B$10 -> 4 | S16: =参数!$C$10 -> 1.2 | T16: =参数!$D$10 -> 1 | U16: =IF($O16="","",$O16*$R16) -> 13740 | V16: =IF($P16="","",$P16*$S16) -> 1276.8 | W16: =IF($Q16="","",$Q16*$T16) -> 1679 | X16: =IFERROR(INDEX(参数!$B$5:$B$7,MATCH($N16,参数!$A$5:$A$7,0)),"") -> 1.5 | Y16: =IFERROR(INDEX(参数!$C$5:$C$7,MATCH($N16,参数!$A$5:$A$7,0)),"") -> 1 | Z16: =IFERROR(INDEX(参数!$D$5:$D$7,MATCH($N16,参数!$A$5:$A$7,0)),"") -> 1.5 | AA16: =IFERROR(INDEX(楼层配置!$E$5:$E$104,MATCH($K16,楼层配置!$B$5:$B$104,0)),1) -> 1.0598272 | AB16: =IFERROR(INDEX(楼层配置!$F$5:$F$104,MATCH($K16,楼层配置!$B$5:$B$104,0)),1) -> 0.86525003 | AC16: =IFERROR(INDEX(楼层配置!$G$5:$G$104,MATCH($K16,楼层配置!$B$5:$B$104,0)),1) -> 1 | AD16: =IFERROR($D16/$G16-1,"") -> -0.21709677 | AE16: =IFERROR($E16/$H16-1,"") -> -0.089035449 | AF16: =IFERROR($F16/$I16-1,"") -> 0.27093845 | AG16: =IF(AND($A16>=1,$L16>=1,$L16<=500,OR($N16="Tank",$N16="DPS",$N16="Support"),ISNUMBER($D16),ISNUMBER($E16),ISNUMBER($F16)),"有效","异常") -> 有效 | AH16: =D16/(1-MIN(0.75,F16/(24000+F16))) -> 24135.605
... A504: 500 | B504: 1029 | C504: 60 | D504: =IFERROR(ROUND($U504*$X504*$AA504*参数!$B$13,0),"") -> 2237855 | E504: =IFERROR(ROUND($V504*$Y504*$AB504*参数!$C$13,0),"") -> 32431 | F504: =IFERROR(ROUND($W504*$Z504*$AC504*参数!$D$13,0),"") -> 36983 | G504: 5950560 | H504: 61451 | I504: 43505 | J504: 100 | K504: 100 | L504: =IFERROR(INDEX(楼层配置!$D$5:$D$104,MATCH($K504,楼层配置!$B$5:$B$104,0)),"") -> 280 | M504: =IFERROR(INDEX(_角色基线!$B$2:$B$100,MATCH($B504,_角色基线!$A$2:$A$100,0)),"") -> 凯兰 | N504: =IFERROR(INDEX(_角色基线!$C$2:$C$100,MATCH($B504,_角色基线!$A$2:$A$100,0)),"") -> Support | O504: =IFERROR(INDEX(_怪物基线!$B$2:$B$501,MATCH(INT($L504),_怪物基线!$A$2:$A$501,0)),"") -> 397235 | P504: =IFERROR(INDEX(_怪物基线!$C$2:$C$501,MATCH(INT($L504),_怪物基线!$A$2:$A$501,0)),"") -> 36960 | Q504: =IFERROR(INDEX(_怪物基线!$D$2:$D$501,MATCH(INT($L504),_怪物基线!$A$2:$A$501,0)),"") -> 29586 | R504: =参数!$B$10 -> 4 | S504: =参数!$C$10 -> 1.2 | T504: =参数!$D$10 -> 1 | U504: =IF($O504="","",$O504*$R504) -> 1588940 | V504: =IF($P504="","",$P504*$S504) -> 44352 | W504: =IF($Q504="","",$Q504*$T504) -> 29586 | X504: =IFERROR(INDEX(参数!$B$5:$B$7,MATCH($N504,参数!$A$5:$A$7,0)),"") -> 1.25 | Y504: =IFERROR(INDEX(参数!$C$5:$C$7,MATCH($N504,参数!$A$5:$A$7,0)),"") -> 1 | Z504: =IFERROR(INDEX(参数!$D$5:$D$7,MATCH($N504,参数!$A$5:$A$7,0)),"") -> 1.25 | AA504: =IFERROR(INDEX(楼层配置!$E$5:$E$104,MATCH($K504,楼层配置!$B$5:$B$104,0)),1) -> 1.1267159 | AB504: =IFERROR(INDEX(楼层配置!$F$5:$F$104,MATCH($K504,楼层配置!$B$5:$B$104,0)),1) -> 0.73122951 | AC504: =IFERROR(INDEX(楼层配置!$G$5:$G$104,MATCH($K504,楼层配置!$B$5:$B$104,0)),1) -> 1 | AD504: =IFERROR($D504/$G504-1,"") -> -0.62392531 | AE504: =IFERROR($E504/$H504-1,"") -> -0.47224618 | AF504: =IFERROR($F504/$I504-1,"") -> -0.1499138 | AG504: =IF(AND($A504>=1,$L504>=1,$L504<=500,OR($N504="Tank",$N504="DPS",$N504="Support"),ISNUMBER($D504),ISNUMBER($E504),ISNUMBER($F504)),"有效","异常") -> 有效 | AH504: =D504/(1-MIN(0.75,F504/(24000+F504))) -> 5686296.3
A505: 501 | B505: 1003 | C505: 60 | D505: =IFERROR(ROUND($U505*$X505*$AA505*参数!$B$13,0),"") -> 2709589 | E505: =IFERROR(ROUND($V505*$Y505*$AB505*参数!$C$13,0),"") -> 32607 | F505: =IFERROR(ROUND($W505*$Z505*$AC505*参数!$D$13,0),"") -> 44586 | J505: 101 | K505: 101 | L505: =IFERROR(INDEX(楼层配置!$D$5:$D$204,MATCH($K505,楼层配置!$B$5:$B$204,0)),"") -> 281 | M505: =IFERROR(INDEX(_角色基线!$B$2:$B$100,MATCH($B505,_角色基线!$A$2:$A$100,0)),"") -> 塔拉夏 | N505: =IFERROR(INDEX(_角色基线!$C$2:$C$100,MATCH($B505,_角色基线!$A$2:$A$100,0)),"") -> Tank | O505: =IFERROR(INDEX(_怪物基线!$B$2:$B$501,MATCH(INT($L505),_怪物基线!$A$2:$A$501,0)),"") -> 401128 | P505: =IFERROR(INDEX(_怪物基线!$C$2:$C$501,MATCH(INT($L505),_怪物基线!$A$2:$A$501,0)),"") -> 37231 | Q505: =IFERROR(INDEX(_怪物基线!$D$2:$D$501,MATCH(INT($L505),_怪物基线!$A$2:$A$501,0)),"") -> 29724 | R505: =参数!$B$10 -> 4 | S505: =参数!$C$10 -> 1.2 | T505: =参数!$D$10 -> 1 | U505: =IF($O505="","",$O505*$R505) -> 1604512 | V505: =IF($P505="","",$P505*$S505) -> 44677.2 | W505: =IF($Q505="","",$Q505*$T505) -> 29724 | X505: =IFERROR(INDEX(参数!$B$5:$B$7,MATCH($N505,参数!$A$5:$A$7,0)),"") -> 1.5 | Y505: =IFERROR(INDEX(参数!$C$5:$C$7,MATCH($N505,参数!$A$5:$A$7,0)),"") -> 1 | Z505: =IFERROR(INDEX(参数!$D$5:$D$7,MATCH($N505,参数!$A$5:$A$7,0)),"") -> 1.5 | AA505: =IFERROR(INDEX(楼层配置!$E$5:$E$204,MATCH($K505,楼层配置!$B$5:$B$204,0)),1) -> 1.1258207 | AB505: =IFERROR(INDEX(楼层配置!$F$5:$F$204,MATCH($K505,楼层配置!$B$5:$B$204,0)),1) -> 0.72983489 | AC505: =IFERROR(INDEX(楼层配置!$G$5:$G$204,MATCH($K505,楼层配置!$B$5:$B$204,0)),1) -> 1 | AD505: =IFERROR($D505/$G505-1,"") | AE505: =IFERROR($E505/$H505-1,"") | AF505: =IFERROR($F505/$I505-1,"") | AG505: =IF(AND($A505>=1,$L505>=1,$L505<=500,OR($N505="Tank",$N505="DPS",$N505="Support"),ISNUMBER($D505),ISNUMBER($E505),ISNUMBER($F505)),"有效","异常") -> 有效 | AH505: =D505/(1-MIN(0.75,F505/(24000+F505))) -> 7743328
A506: 502 | B506: 1005 | C506: 60 | D506: =IFERROR(ROUND($U506*$X506*$AA506*参数!$B$13,0),"") -> 1806393 | E506: =IFERROR(ROUND($V506*$Y506*$AB506*参数!$C$13,0),"") -> 39128 | F506: =IFERROR(ROUND($W506*$Z506*$AC506*参数!$D$13,0),"") -> 29724 | J506: 101 | K506: 101 | L506: =IFERROR(INDEX(楼层配置!$D$5:$D$204,MATCH($K506,楼层配置!$B$5:$B$204,0)),"") -> 281 | M506: =IFERROR(INDEX(_角色基线!$B$2:$B$100,MATCH($B506,_角色基线!$A$2:$A$100,0)),"") -> 陈单单 | N506: =IFERROR(INDEX(_角色基线!$C$2:$C$100,MATCH($B506,_角色基线!$A$2:$A$100,0)),"") -> DPS | O506: =IFERROR(INDEX(_怪物基线!$B$2:$B$501,MATCH(INT($L506),_怪物基线!$A$2:$A$501,0)),"") -> 401128 | P506: =IFERROR(INDEX(_怪物基线!$C$2:$C$501,MATCH(INT($L506),_怪物基线!$A$2:$A$501,0)),"") -> 37231 | Q506: =IFERROR(INDEX(_怪物基线!$D$2:$D$501,MATCH(INT($L506),_怪物基线!$A$2:$A$501,0)),"") -> 29724 | R506: =参数!$B$10 -> 4 | S506: =参数!$C$10 -> 1.2 | T506: =参数!$D$10 -> 1 | U506: =IF($O506="","",$O506*$R506) -> 1604512 | V506: =IF($P506="","",$P506*$S506) -> 44677.2 | W506: =IF($Q506="","",$Q506*$T506) -> 29724 | X506: =IFERROR(INDEX(参数!$B$5:$B$7,MATCH($N506,参数!$A$5:$A$7,0)),"") -> 1 | Y506: =IFERROR(INDEX(参数!$C$5:$C$7,MATCH($N506,参数!$A$5:$A$7,0)),"") -> 1.2 | Z506: =IFERROR(INDEX(参数!$D$5:$D$7,MATCH($N506,参数!$A$5:$A$7,0)),"") -> 1 | AA506: =IFERROR(INDEX(楼层配置!$E$5:$E$204,MATCH($K506,楼层配置!$B$5:$B$204,0)),1) -> 1.1258207 | AB506: =IFERROR(INDEX(楼层配置!$F$5:$F$204,MATCH($K506,楼层配置!$B$5:$B$204,0)),1) -> 0.72983489 | AC506: =IFERROR(INDEX(楼层配置!$G$5:$G$204,MATCH($K506,楼层配置!$B$5:$B$204,0)),1) -> 1 | AD506: =IFERROR($D506/$G506-1,"") | AE506: =IFERROR($E506/$H506-1,"") | AF506: =IFERROR($F506/$I506-1,"") | AG506: =IF(AND($A506>=1,$L506>=1,$L506<=500,OR($N506="Tank",$N506="DPS",$N506="Support"),ISNUMBER($D506),ISNUMBER($E506),ISNUMBER($F506)),"有效","异常") -> 有效 | AH506: =D506/(1-MIN(0.75,F506/(24000+F506))) -> 4043610.7
A507: 503 | B507: 1005 | C507: 60 | D507: =IFERROR(ROUND($U507*$X507*$AA507*参数!$B$13,0),"") -> 1806393 | E507: =IFERROR(ROUND($V507*$Y507*$AB507*参数!$C$13,0),"") -> 39128 | F507: =IFERROR(ROUND($W507*$Z507*$AC507*参数!$D$13,0),"") -> 29724 | J507: 101 | K507: 101 | L507: =IFERROR(INDEX(楼层配置!$D$5:$D$204,MATCH($K507,楼层配置!$B$5:$B$204,0)),"") -> 281 | M507: =IFERROR(INDEX(_角色基线!$B$2:$B$100,MATCH($B507,_角色基线!$A$2:$A$100,0)),"") -> 陈单单 | N507: =IFERROR(INDEX(_角色基线!$C$2:$C$100,MATCH($B507,_角色基线!$A$2:$A$100,0)),"") -> DPS | O507: =IFERROR(INDEX(_怪物基线!$B$2:$B$501,MATCH(INT($L507),_怪物基线!$A$2:$A$501,0)),"") -> 401128 | P507: =IFERROR(INDEX(_怪物基线!$C$2:$C$501,MATCH(INT($L507),_怪物基线!$A$2:$A$501,0)),"") -> 37231 | Q507: =IFERROR(INDEX(_怪物基线!$D$2:$D$501,MATCH(INT($L507),_怪物基线!$A$2:$A$501,0)),"") -> 29724 | R507: =参数!$B$10 -> 4 | S507: =参数!$C$10 -> 1.2 | T507: =参数!$D$10 -> 1 | U507: =IF($O507="","",$O507*$R507) -> 1604512 | V507: =IF($P507="","",$P507*$S507) -> 44677.2 | W507: =IF($Q507="","",$Q507*$T507) -> 29724 | X507: =IFERROR(INDEX(参数!$B$5:$B$7,MATCH($N507,参数!$A$5:$A$7,0)),"") -> 1 | Y507: =IFERROR(INDEX(参数!$C$5:$C$7,MATCH($N507,参数!$A$5:$A$7,0)),"") -> 1.2 | Z507: =IFERROR(INDEX(参数!$D$5:$D$7,MATCH($N507,参数!$A$5:$A$7,0)),"") -> 1 | AA507: =IFERROR(INDEX(楼层配置!$E$5:$E$204,MATCH($K507,楼层配置!$B$5:$B$204,0)),1) -> 1.1258207 | AB507: =IFERROR(INDEX(楼层配置!$F$5:$F$204,MATCH($K507,楼层配置!$B$5:$B$204,0)),1) -> 0.72983489 | AC507: =IFERROR(INDEX(楼层配置!$G$5:$G$204,MATCH($K507,楼层配置!$B$5:$B$204,0)),1) -> 1 | AD507: =IFERROR($D507/$G507-1,"") | AE507: =IFERROR($E507/$H507-1,"") | AF507: =IFERROR($F507/$I507-1,"") | AG507: =IF(AND($A507>=1,$L507>=1,$L507<=500,OR($N507="Tank",$N507="DPS",$N507="Support"),ISNUMBER($D507),ISNUMBER($E507),ISNUMBER($F507)),"有效","异常") -> 有效 | AH507: =D507/(1-MIN(0.75,F507/(24000+F507))) -> 4043610.7
A508: 504 | B508: 1005 | C508: 60 | D508: =IFERROR(ROUND($U508*$X508*$AA508*参数!$B$13,0),"") -> 1806393 | E508: =IFERROR(ROUND($V508*$Y508*$AB508*参数!$C$13,0),"") -> 39128 | F508: =IFERROR(ROUND($W508*$Z508*$AC508*参数!$D$13,0),"") -> 29724 | J508: 101 | K508: 101 | L508: =IFERROR(INDEX(楼层配置!$D$5:$D$204,MATCH($K508,楼层配置!$B$5:$B$204,0)),"") -> 281 | M508: =IFERROR(INDEX(_角色基线!$B$2:$B$100,MATCH($B508,_角色基线!$A$2:$A$100,0)),"") -> 陈单单 | N508: =IFERROR(INDEX(_角色基线!$C$2:$C$100,MATCH($B508,_角色基线!$A$2:$A$100,0)),"") -> DPS | O508: =IFERROR(INDEX(_怪物基线!$B$2:$B$501,MATCH(INT($L508),_怪物基线!$A$2:$A$501,0)),"") -> 401128 | P508: =IFERROR(INDEX(_怪物基线!$C$2:$C$501,MATCH(INT($L508),_怪物基线!$A$2:$A$501,0)),"") -> 37231 | Q508: =IFERROR(INDEX(_怪物基线!$D$2:$D$501,MATCH(INT($L508),_怪物基线!$A$2:$A$501,0)),"") -> 29724 | R508: =参数!$B$10 -> 4 | S508: =参数!$C$10 -> 1.2 | T508: =参数!$D$10 -> 1 | U508: =IF($O508="","",$O508*$R508) -> 1604512 | V508: =IF($P508="","",$P508*$S508) -> 44677.2 | W508: =IF($Q508="","",$Q508*$T508) -> 29724 | X508: =IFERROR(INDEX(参数!$B$5:$B$7,MATCH($N508,参数!$A$5:$A$7,0)),"") -> 1 | Y508: =IFERROR(INDEX(参数!$C$5:$C$7,MATCH($N508,参数!$A$5:$A$7,0)),"") -> 1.2 | Z508: =IFERROR(INDEX(参数!$D$5:$D$7,MATCH($N508,参数!$A$5:$A$7,0)),"") -> 1 | AA508: =IFERROR(INDEX(楼层配置!$E$5:$E$204,MATCH($K508,楼层配置!$B$5:$B$204,0)),1) -> 1.1258207 | AB508: =IFERROR(INDEX(楼层配置!$F$5:$F$204,MATCH($K508,楼层配置!$B$5:$B$204,0)),1) -> 0.72983489 | AC508: =IFERROR(INDEX(楼层配置!$G$5:$G$204,MATCH($K508,楼层配置!$B$5:$B$204,0)),1) -> 1 | AD508: =IFERROR($D508/$G508-1,"") | AE508: =IFERROR($E508/$H508-1,"") | AF508: =IFERROR($F508/$I508-1,"") | AG508: =IF(AND($A508>=1,$L508>=1,$L508<=500,OR($N508="Tank",$N508="DPS",$N508="Support"),ISNUMBER($D508),ISNUMBER($E508),ISNUMBER($F508)),"有效","异常") -> 有效 | AH508: =D508/(1-MIN(0.75,F508/(24000+F508))) -> 4043610.7
A509: 505 | B509: 1029 | C509: 60 | D509: =IFERROR(ROUND($U509*$X509*$AA509*参数!$B$13,0),"") -> 2257991 | E509: =IFERROR(ROUND($V509*$Y509*$AB509*参数!$C$13,0),"") -> 32607 | F509: =IFERROR(ROUND($W509*$Z509*$AC509*参数!$D$13,0),"") -> 37155 | J509: 101 | K509: 101 | L509: =IFERROR(INDEX(楼层配置!$D$5:$D$204,MATCH($K509,楼层配置!$B$5:$B$204,0)),"") -> 281 | M509: =IFERROR(INDEX(_角色基线!$B$2:$B$100,MATCH($B509,_角色基线!$A$2:$A$100,0)),"") -> 凯兰 | N509: =IFERROR(INDEX(_角色基线!$C$2:$C$100,MATCH($B509,_角色基线!$A$2:$A$100,0)),"") -> Support | O509: =IFERROR(INDEX(_怪物基线!$B$2:$B$501,MATCH(INT($L509),_怪物基线!$A$2:$A$501,0)),"") -> 401128 | P509: =IFERROR(INDEX(_怪物基线!$C$2:$C$501,MATCH(INT($L509),_怪物基线!$A$2:$A$501,0)),"") -> 37231 | Q509: =IFERROR(INDEX(_怪物基线!$D$2:$D$501,MATCH(INT($L509),_怪物基线!$A$2:$A$501,0)),"") -> 29724 | R509: =参数!$B$10 -> 4 | S509: =参数!$C$10 -> 1.2 | T509: =参数!$D$10 -> 1 | U509: =IF($O509="","",$O509*$R509) -> 1604512 | V509: =IF($P509="","",$P509*$S509) -> 44677.2 | W509: =IF($Q509="","",$Q509*$T509) -> 29724 | X509: =IFERROR(INDEX(参数!$B$5:$B$7,MATCH($N509,参数!$A$5:$A$7,0)),"") -> 1.25 | Y509: =IFERROR(INDEX(参数!$C$5:$C$7,MATCH($N509,参数!$A$5:$A$7,0)),"") -> 1 | Z509: =IFERROR(INDEX(参数!$D$5:$D$7,MATCH($N509,参数!$A$5:$A$7,0)),"") -> 1.25 | AA509: =IFERROR(INDEX(楼层配置!$E$5:$E$204,MATCH($K509,楼层配置!$B$5:$B$204,0)),1) -> 1.1258207 | AB509: =IFERROR(INDEX(楼层配置!$F$5:$F$204,MATCH($K509,楼层配置!$B$5:$B$204,0)),1) -> 0.72983489 | AC509: =IFERROR(INDEX(楼层配置!$G$5:$G$204,MATCH($K509,楼层配置!$B$5:$B$204,0)),1) -> 1 | AD509: =IFERROR($D509/$G509-1,"") | AE509: =IFERROR($E509/$H509-1,"") | AF509: =IFERROR($F509/$I509-1,"") | AG509: =IF(AND($A509>=1,$L509>=1,$L509<=500,OR($N509="Tank",$N509="DPS",$N509="Support"),ISNUMBER($D509),ISNUMBER($E509),ISNUMBER($F509)),"有效","异常") -> 有效 | AH509: =D509/(1-MIN(0.75,F509/(24000+F509))) -> 5753643.3
A510: 506 | B510: 1003 | C510: 60 | D510: =IFERROR(ROUND($U510*$X510*$AA510*参数!$B$13,0),"") -> 2736075 | E510: =IFERROR(ROUND($V510*$Y510*$AB510*参数!$C$13,0),"") -> 32846 | F510: =IFERROR(ROUND($W510*$Z510*$AC510*参数!$D$13,0),"") -> 44792 | J510: 102 | K510: 102 | L510: =IFERROR(INDEX(楼层配置!$D$5:$D$204,MATCH($K510,楼层配置!$B$5:$B$204,0)),"") -> 282 | M510: =IFERROR(INDEX(_角色基线!$B$2:$B$100,MATCH($B510,_角色基线!$A$2:$A$100,0)),"") -> 塔拉夏 | N510: =IFERROR(INDEX(_角色基线!$C$2:$C$100,MATCH($B510,_角色基线!$A$2:$A$100,0)),"") -> Tank | O510: =IFERROR(INDEX(_怪物基线!$B$2:$B$501,MATCH(INT($L510),_怪物基线!$A$2:$A$501,0)),"") -> 405049 | P510: =IFERROR(INDEX(_怪物基线!$C$2:$C$501,MATCH(INT($L510),_怪物基线!$A$2:$A$501,0)),"") -> 37504 | Q510: =IFERROR(INDEX(_怪物基线!$D$2:$D$501,MATCH(INT($L510),_怪物基线!$A$2:$A$501,0)),"") -> 29861 | R510: =参数!$B$10 -> 4 | S510: =参数!$C$10 -> 1.2 | T510: =参数!$D$10 -> 1 | U510: =IF($O510="","",$O510*$R510) -> 1620196 | V510: =IF($P510="","",$P510*$S510) -> 45004.8 | W510: =IF($Q510="","",$Q510*$T510) -> 29861 | X510: =IFERROR(INDEX(参数!$B$5:$B$7,MATCH($N510,参数!$A$5:$A$7,0)),"") -> 1.5 | Y510: =IFERROR(INDEX(参数!$C$5:$C$7,MATCH($N510,参数!$A$5:$A$7,0)),"") -> 1 | Z510: =IFERROR(INDEX(参数!$D$5:$D$7,MATCH($N510,参数!$A$5:$A$7,0)),"") -> 1.5 | AA510: =IFERROR(INDEX(楼层配置!$E$5:$E$204,MATCH($K510,楼层配置!$B$5:$B$204,0)),1) -> 1.1258207 | AB510: =IFERROR(INDEX(楼层配置!$F$5:$F$204,MATCH($K510,楼层配置!$B$5:$B$204,0)),1) -> 0.72983489 | AC510: =IFERROR(INDEX(楼层配置!$G$5:$G$204,MATCH($K510,楼层配置!$B$5:$B$204,0)),1) -> 1 | AD510: =IFERROR($D510/$G510-1,"") | AE510: =IFERROR($E510/$H510-1,"") | AF510: =IFERROR($F510/$I510-1,"") | AG510: =IF(AND($A510>=1,$L510>=1,$L510<=500,OR($N510="Tank",$N510="DPS",$N510="Support"),ISNUMBER($D510),ISNUMBER($E510),ISNUMBER($F510)),"有效","异常") -> 有效 | AH510: =D510/(1-MIN(0.75,F510/(24000+F510))) -> 7842503
A511: 507 | B511: 1005 | C511: 60 | D511: =IFERROR(ROUND($U511*$X511*$AA511*参数!$B$13,0),"") -> 1824050 | E511: =IFERROR(ROUND($V511*$Y511*$AB511*参数!$C$13,0),"") -> 39415 | F511: =IFERROR(ROUND($W511*$Z511*$AC511*参数!$D$13,0),"") -> 29861 | J511: 102 | K511: 102 | L511: =IFERROR(INDEX(楼层配置!$D$5:$D$204,MATCH($K511,楼层配置!$B$5:$B$204,0)),"") -> 282 | M511: =IFERROR(INDEX(_角色基线!$B$2:$B$100,MATCH($B511,_角色基线!$A$2:$A$100,0)),"") -> 陈单单 | N511: =IFERROR(INDEX(_角色基线!$C$2:$C$100,MATCH($B511,_角色基线!$A$2:$A$100,0)),"") -> DPS | O511: =IFERROR(INDEX(_怪物基线!$B$2:$B$501,MATCH(INT($L511),_怪物基线!$A$2:$A$501,0)),"") -> 405049 | P511: =IFERROR(INDEX(_怪物基线!$C$2:$C$501,MATCH(INT($L511),_怪物基线!$A$2:$A$501,0)),"") -> 37504 | Q511: =IFERROR(INDEX(_怪物基线!$D$2:$D$501,MATCH(INT($L511),_怪物基线!$A$2:$A$501,0)),"") -> 29861 | R511: =参数!$B$10 -> 4 | S511: =参数!$C$10 -> 1.2 | T511: =参数!$D$10 -> 1 | U511: =IF($O511="","",$O511*$R511) -> 1620196 | V511: =IF($P511="","",$P511*$S511) -> 45004.8 | W511: =IF($Q511="","",$Q511*$T511) -> 29861 | X511: =IFERROR(INDEX(参数!$B$5:$B$7,MATCH($N511,参数!$A$5:$A$7,0)),"") -> 1 | Y511: =IFERROR(INDEX(参数!$C$5:$C$7,MATCH($N511,参数!$A$5:$A$7,0)),"") -> 1.2 | Z511: =IFERROR(INDEX(参数!$D$5:$D$7,MATCH($N511,参数!$A$5:$A$7,0)),"") -> 1 | AA511: =IFERROR(INDEX(楼层配置!$E$5:$E$204,MATCH($K511,楼层配置!$B$5:$B$204,0)),1) -> 1.1258207 | AB511: =IFERROR(INDEX(楼层配置!$F$5:$F$204,MATCH($K511,楼层配置!$B$5:$B$204,0)),1) -> 0.72983489 | AC511: =IFERROR(INDEX(楼层配置!$G$5:$G$204,MATCH($K511,楼层配置!$B$5:$B$204,0)),1) -> 1 | AD511: =IFERROR($D511/$G511-1,"") | AE511: =IFERROR($E511/$H511-1,"") | AF511: =IFERROR($F511/$I511-1,"") | AG511: =IF(AND($A511>=1,$L511>=1,$L511<=500,OR($N511="Tank",$N511="DPS",$N511="Support"),ISNUMBER($D511),ISNUMBER($E511),ISNUMBER($F511)),"有效","异常") -> 有效 | AH511: =D511/(1-MIN(0.75,F511/(24000+F511))) -> 4093548.2
A512: 508 | B512: 1005 | C512: 60 | D512: =IFERROR(ROUND($U512*$X512*$AA512*参数!$B$13,0),"") -> 1824050 | E512: =IFERROR(ROUND($V512*$Y512*$AB512*参数!$C$13,0),"") -> 39415 | F512: =IFERROR(ROUND($W512*$Z512*$AC512*参数!$D$13,0),"") -> 29861 | J512: 102 | K512: 102 | L512: =IFERROR(INDEX(楼层配置!$D$5:$D$204,MATCH($K512,楼层配置!$B$5:$B$204,0)),"") -> 282 | M512: =IFERROR(INDEX(_角色基线!$B$2:$B$100,MATCH($B512,_角色基线!$A$2:$A$100,0)),"") -> 陈单单 | N512: =IFERROR(INDEX(_角色基线!$C$2:$C$100,MATCH($B512,_角色基线!$A$2:$A$100,0)),"") -> DPS | O512: =IFERROR(INDEX(_怪物基线!$B$2:$B$501,MATCH(INT($L512),_怪物基线!$A$2:$A$501,0)),"") -> 405049 | P512: =IFERROR(INDEX(_怪物基线!$C$2:$C$501,MATCH(INT($L512),_怪物基线!$A$2:$A$501,0)),"") -> 37504 | Q512: =IFERROR(INDEX(_怪物基线!$D$2:$D$501,MATCH(INT($L512),_怪物基线!$A$2:$A$501,0)),"") -> 29861 | R512: =参数!$B$10 -> 4 | S512: =参数!$C$10 -> 1.2 | T512: =参数!$D$10 -> 1 | U512: =IF($O512="","",$O512*$R512) -> 1620196 | V512: =IF($P512="","",$P512*$S512) -> 45004.8 | W512: =IF($Q512="","",$Q512*$T512) -> 29861 | X512: =IFERROR(INDEX(参数!$B$5:$B$7,MATCH($N512,参数!$A$5:$A$7,0)),"") -> 1 | Y512: =IFERROR(INDEX(参数!$C$5:$C$7,MATCH($N512,参数!$A$5:$A$7,0)),"") -> 1.2 | Z512: =IFERROR(INDEX(参数!$D$5:$D$7,MATCH($N512,参数!$A$5:$A$7,0)),"") -> 1 | AA512: =IFERROR(INDEX(楼层配置!$E$5:$E$204,MATCH($K512,楼层配置!$B$5:$B$204,0)),1) -> 1.1258207 | AB512: =IFERROR(INDEX(楼层配置!$F$5:$F$204,MATCH($K512,楼层配置!$B$5:$B$204,0)),1) -> 0.72983489 | AC512: =IFERROR(INDEX(楼层配置!$G$5:$G$204,MATCH($K512,楼层配置!$B$5:$B$204,0)),1) -> 1 | AD512: =IFERROR($D512/$G512-1,"") | AE512: =IFERROR($E512/$H512-1,"") | AF512: =IFERROR($F512/$I512-1,"") | AG512: =IF(AND($A512>=1,$L512>=1,$L512<=500,OR($N512="Tank",$N512="DPS",$N512="Support"),ISNUMBER($D512),ISNUMBER($E512),ISNUMBER($F512)),"有效","异常") -> 有效 | AH512: =D512/(1-MIN(0.75,F512/(24000+F512))) -> 4093548.2
A513: 509 | B513: 1005 | C513: 60 | D513: =IFERROR(ROUND($U513*$X513*$AA513*参数!$B$13,0),"") -> 1824050 | E513: =IFERROR(ROUND($V513*$Y513*$AB513*参数!$C$13,0),"") -> 39415 | F513: =IFERROR(ROUND($W513*$Z513*$AC513*参数!$D$13,0),"") -> 29861 | J513: 102 | K513: 102 | L513: =IFERROR(INDEX(楼层配置!$D$5:$D$204,MATCH($K513,楼层配置!$B$5:$B$204,0)),"") -> 282 | M513: =IFERROR(INDEX(_角色基线!$B$2:$B$100,MATCH($B513,_角色基线!$A$2:$A$100,0)),"") -> 陈单单 | N513: =IFERROR(INDEX(_角色基线!$C$2:$C$100,MATCH($B513,_角色基线!$A$2:$A$100,0)),"") -> DPS | O513: =IFERROR(INDEX(_怪物基线!$B$2:$B$501,MATCH(INT($L513),_怪物基线!$A$2:$A$501,0)),"") -> 405049 | P513: =IFERROR(INDEX(_怪物基线!$C$2:$C$501,MATCH(INT($L513),_怪物基线!$A$2:$A$501,0)),"") -> 37504 | Q513: =IFERROR(INDEX(_怪物基线!$D$2:$D$501,MATCH(INT($L513),_怪物基线!$A$2:$A$501,0)),"") -> 29861 | R513: =参数!$B$10 -> 4 | S513: =参数!$C$10 -> 1.2 | T513: =参数!$D$10 -> 1 | U513: =IF($O513="","",$O513*$R513) -> 1620196 | V513: =IF($P513="","",$P513*$S513) -> 45004.8 | W513: =IF($Q513="","",$Q513*$T513) -> 29861 | X513: =IFERROR(INDEX(参数!$B$5:$B$7,MATCH($N513,参数!$A$5:$A$7,0)),"") -> 1 | Y513: =IFERROR(INDEX(参数!$C$5:$C$7,MATCH($N513,参数!$A$5:$A$7,0)),"") -> 1.2 | Z513: =IFERROR(INDEX(参数!$D$5:$D$7,MATCH($N513,参数!$A$5:$A$7,0)),"") -> 1 | AA513: =IFERROR(INDEX(楼层配置!$E$5:$E$204,MATCH($K513,楼层配置!$B$5:$B$204,0)),1) -> 1.1258207 | AB513: =IFERROR(INDEX(楼层配置!$F$5:$F$204,MATCH($K513,楼层配置!$B$5:$B$204,0)),1) -> 0.72983489 | AC513: =IFERROR(INDEX(楼层配置!$G$5:$G$204,MATCH($K513,楼层配置!$B$5:$B$204,0)),1) -> 1 | AD513: =IFERROR($D513/$G513-1,"") | AE513: =IFERROR($E513/$H513-1,"") | AF513: =IFERROR($F513/$I513-1,"") | AG513: =IF(AND($A513>=1,$L513>=1,$L513<=500,OR($N513="Tank",$N513="DPS",$N513="Support"),ISNUMBER($D513),ISNUMBER($E513),ISNUMBER($F513)),"有效","异常") -> 有效 | AH513: =D513/(1-MIN(0.75,F513/(24000+F513))) -> 4093548.2
A514: 510 | B514: 1029 | C514: 60 | D514: =IFERROR(ROUND($U514*$X514*$AA514*参数!$B$13,0),"") -> 2280063 | E514: =IFERROR(ROUND($V514*$Y514*$AB514*参数!$C$13,0),"") -> 32846 | F514: =IFERROR(ROUND($W514*$Z514*$AC514*参数!$D$13,0),"") -> 37326 | J514: 102 | K514: 102 | L514: =IFERROR(INDEX(楼层配置!$D$5:$D$204,MATCH($K514,楼层配置!$B$5:$B$204,0)),"") -> 282 | M514: =IFERROR(INDEX(_角色基线!$B$2:$B$100,MATCH($B514,_角色基线!$A$2:$A$100,0)),"") -> 凯兰 | N514: =IFERROR(INDEX(_角色基线!$C$2:$C$100,MATCH($B514,_角色基线!$A$2:$A$100,0)),"") -> Support | O514: =IFERROR(INDEX(_怪物基线!$B$2:$B$501,MATCH(INT($L514),_怪物基线!$A$2:$A$501,0)),"") -> 405049 | P514: =IFERROR(INDEX(_怪物基线!$C$2:$C$501,MATCH(INT($L514),_怪物基线!$A$2:$A$501,0)),"") -> 37504 | Q514: =IFERROR(INDEX(_怪物基线!$D$2:$D$501,MATCH(INT($L514),_怪物基线!$A$2:$A$501,0)),"") -> 29861 | R514: =参数!$B$10 -> 4 | S514: =参数!$C$10 -> 1.2 | T514: =参数!$D$10 -> 1 | U514: =IF($O514="","",$O514*$R514) -> 1620196 | V514: =IF($P514="","",$P514*$S514) -> 45004.8 | W514: =IF($Q514="","",$Q514*$T514) -> 29861 | X514: =IFERROR(INDEX(参数!$B$5:$B$7,MATCH($N514,参数!$A$5:$A$7,0)),"") -> 1.25 | Y514: =IFERROR(INDEX(参数!$C$5:$C$7,MATCH($N514,参数!$A$5:$A$7,0)),"") -> 1 | Z514: =IFERROR(INDEX(参数!$D$5:$D$7,MATCH($N514,参数!$A$5:$A$7,0)),"") -> 1.25 | AA514: =IFERROR(INDEX(楼层配置!$E$5:$E$204,MATCH($K514,楼层配置!$B$5:$B$204,0)),1) -> 1.1258207 | AB514: =IFERROR(INDEX(楼层配置!$F$5:$F$204,MATCH($K514,楼层配置!$B$5:$B$204,0)),1) -> 0.72983489 | AC514: =IFERROR(INDEX(楼层配置!$G$5:$G$204,MATCH($K514,楼层配置!$B$5:$B$204,0)),1) -> 1 | AD514: =IFERROR($D514/$G514-1,"") | AE514: =IFERROR($E514/$H514-1,"") | AF514: =IFERROR($F514/$I514-1,"") | AG514: =IF(AND($A514>=1,$L514>=1,$L514<=500,OR($N514="Tank",$N514="DPS",$N514="Support"),ISNUMBER($D514),ISNUMBER($E514),ISNUMBER($F514)),"有效","异常") -> 有效 | AH514: =D514/(1-MIN(0.75,F514/(24000+F514))) -> 5826131
A515: 511 | B515: 1003 | C515: 60 | D515: =IFERROR(ROUND($U515*$X515*$AA515*参数!$B$13,0),"") -> 2789642 | E515: =IFERROR(ROUND($V515*$Y515*$AB515*参数!$C$13,0),"") -> 33328 | F515: =IFERROR(ROUND($W515*$Z515*$AC515*参数!$D$13,0),"") -> 45207 | J515: 103 | K515: 103 | L515: =IFERROR(INDEX(楼层配置!$D$5:$D$204,MATCH($K515,楼层配置!$B$5:$B$204,0)),"") -> 284 | M515: =IFERROR(INDEX(_角色基线!$B$2:$B$100,MATCH($B515,_角色基线!$A$2:$A$100,0)),"") -> 塔拉夏 | N515: =IFERROR(INDEX(_角色基线!$C$2:$C$100,MATCH($B515,_角色基线!$A$2:$A$100,0)),"") -> Tank | O515: =IFERROR(INDEX(_怪物基线!$B$2:$B$501,MATCH(INT($L515),_怪物基线!$A$2:$A$501,0)),"") -> 412979 | P515: =IFERROR(INDEX(_怪物基线!$C$2:$C$501,MATCH(INT($L515),_怪物基线!$A$2:$A$501,0)),"") -> 38054 | Q515: =IFERROR(INDEX(_怪物基线!$D$2:$D$501,MATCH(INT($L515),_怪物基线!$A$2:$A$501,0)),"") -> 30138 | R515: =参数!$B$10 -> 4 | S515: =参数!$C$10 -> 1.2 | T515: =参数!$D$10 -> 1 | U515: =IF($O515="","",$O515*$R515) -> 1651916 | V515: =IF($P515="","",$P515*$S515) -> 45664.8 | W515: =IF($Q515="","",$Q515*$T515) -> 30138 | X515: =IFERROR(INDEX(参数!$B$5:$B$7,MATCH($N515,参数!$A$5:$A$7,0)),"") -> 1.5 | Y515: =IFERROR(INDEX(参数!$C$5:$C$7,MATCH($N515,参数!$A$5:$A$7,0)),"") -> 1 | Z515: =IFERROR(INDEX(参数!$D$5:$D$7,MATCH($N515,参数!$A$5:$A$7,0)),"") -> 1.5 | AA515: =IFERROR(INDEX(楼层配置!$E$5:$E$204,MATCH($K515,楼层配置!$B$5:$B$204,0)),1) -> 1.1258207 | AB515: =IFERROR(INDEX(楼层配置!$F$5:$F$204,MATCH($K515,楼层配置!$B$5:$B$204,0)),1) -> 0.72983489 | AC515: =IFERROR(INDEX(楼层配置!$G$5:$G$204,MATCH($K515,楼层配置!$B$5:$B$204,0)),1) -> 1 | AD515: =IFERROR($D515/$G515-1,"") | AE515: =IFERROR($E515/$H515-1,"") | AF515: =IFERROR($F515/$I515-1,"") | AG515: =IF(AND($A515>=1,$L515>=1,$L515<=500,OR($N515="Tank",$N515="DPS",$N515="Support"),ISNUMBER($D515),ISNUMBER($E515),ISNUMBER($F515)),"有效","异常") -> 有效 | AH515: =D515/(1-MIN(0.75,F515/(24000+F515))) -> 8044281.4
A516: 512 | B516: 1005 | C516: 60 | D516: =IFERROR(ROUND($U516*$X516*$AA516*参数!$B$13,0),"") -> 1859761 | E516: =IFERROR(ROUND($V516*$Y516*$AB516*参数!$C$13,0),"") -> 39993 | F516: =IFERROR(ROUND($W516*$Z516*$AC516*参数!$D$13,0),"") -> 30138 | J516: 103 | K516: 103 | L516: =IFERROR(INDEX(楼层配置!$D$5:$D$204,MATCH($K516,楼层配置!$B$5:$B$204,0)),"") -> 284 | M516: =IFERROR(INDEX(_角色基线!$B$2:$B$100,MATCH($B516,_角色基线!$A$2:$A$100,0)),"") -> 陈单单 | N516: =IFERROR(INDEX(_角色基线!$C$2:$C$100,MATCH($B516,_角色基线!$A$2:$A$100,0)),"") -> DPS | O516: =IFERROR(INDEX(_怪物基线!$B$2:$B$501,MATCH(INT($L516),_怪物基线!$A$2:$A$501,0)),"") -> 412979 | P516: =IFERROR(INDEX(_怪物基线!$C$2:$C$501,MATCH(INT($L516),_怪物基线!$A$2:$A$501,0)),"") -> 38054 | Q516: =IFERROR(INDEX(_怪物基线!$D$2:$D$501,MATCH(INT($L516),_怪物基线!$A$2:$A$501,0)),"") -> 30138 | R516: =参数!$B$10 -> 4 | S516: =参数!$C$10 -> 1.2 | T516: =参数!$D$10 -> 1 | U516: =IF($O516="","",$O516*$R516) -> 1651916 | V516: =IF($P516="","",$P516*$S516) -> 45664.8 | W516: =IF($Q516="","",$Q516*$T516) -> 30138 | X516: =IFERROR(INDEX(参数!$B$5:$B$7,MATCH($N516,参数!$A$5:$A$7,0)),"") -> 1 | Y516: =IFERROR(INDEX(参数!$C$5:$C$7,MATCH($N516,参数!$A$5:$A$7,0)),"") -> 1.2 | Z516: =IFERROR(INDEX(参数!$D$5:$D$7,MATCH($N516,参数!$A$5:$A$7,0)),"") -> 1 | AA516: =IFERROR(INDEX(楼层配置!$E$5:$E$204,MATCH($K516,楼层配置!$B$5:$B$204,0)),1) -> 1.1258207 | AB516: =IFERROR(INDEX(楼层配置!$F$5:$F$204,MATCH($K516,楼层配置!$B$5:$B$204,0)),1) -> 0.72983489 | AC516: =IFERROR(INDEX(楼层配置!$G$5:$G$204,MATCH($K516,楼层配置!$B$5:$B$204,0)),1) -> 1 | AD516: =IFERROR($D516/$G516-1,"") | AE516: =IFERROR($E516/$H516-1,"") | AF516: =IFERROR($F516/$I516-1,"") | AG516: =IF(AND($A516>=1,$L516>=1,$L516<=500,OR($N516="Tank",$N516="DPS",$N516="Support"),ISNUMBER($D516),ISNUMBER($E516),ISNUMBER($F516)),"有效","异常") -> 有效 | AH516: =D516/(1-MIN(0.75,F516/(24000+F516))) -> 4195155.9
... A1004: 1000 | B1004: 1029 | C1004: 60 | D1004: =IFERROR(ROUND($U1004*$X1004*$AA1004*参数!$B$13,0),"") -> 12984010 | E1004: =IFERROR(ROUND($V1004*$Y1004*$AB1004*参数!$C$13,0),"") -> 130722 | F1004: =IFERROR(ROUND($W1004*$Z1004*$AC1004*参数!$D$13,0),"") -> 81675 | J1004: 200 | K1004: 200 | L1004: =IFERROR(INDEX(楼层配置!$D$5:$D$204,MATCH($K1004,楼层配置!$B$5:$B$204,0)),"") -> 500 | M1004: =IFERROR(INDEX(_角色基线!$B$2:$B$100,MATCH($B1004,_角色基线!$A$2:$A$100,0)),"") -> 凯兰 | N1004: =IFERROR(INDEX(_角色基线!$C$2:$C$100,MATCH($B1004,_角色基线!$A$2:$A$100,0)),"") -> Support | O1004: =IFERROR(INDEX(_怪物基线!$B$2:$B$501,MATCH(INT($L1004),_怪物基线!$A$2:$A$501,0)),"") -> 2304753 | P1004: =IFERROR(INDEX(_怪物基线!$C$2:$C$501,MATCH(INT($L1004),_怪物基线!$A$2:$A$501,0)),"") -> 148975 | Q1004: =IFERROR(INDEX(_怪物基线!$D$2:$D$501,MATCH(INT($L1004),_怪物基线!$A$2:$A$501,0)),"") -> 65340 | R1004: =参数!$B$10 -> 4 | S1004: =参数!$C$10 -> 1.2 | T1004: =参数!$D$10 -> 1 | U1004: =IF($O1004="","",$O1004*$R1004) -> 9219012 | V1004: =IF($P1004="","",$P1004*$S1004) -> 178770 | W1004: =IF($Q1004="","",$Q1004*$T1004) -> 65340 | X1004: =IFERROR(INDEX(参数!$B$5:$B$7,MATCH($N1004,参数!$A$5:$A$7,0)),"") -> 1.25 | Y1004: =IFERROR(INDEX(参数!$C$5:$C$7,MATCH($N1004,参数!$A$5:$A$7,0)),"") -> 1 | Z1004: =IFERROR(INDEX(参数!$D$5:$D$7,MATCH($N1004,参数!$A$5:$A$7,0)),"") -> 1.25 | AA1004: =IFERROR(INDEX(楼层配置!$E$5:$E$204,MATCH($K1004,楼层配置!$B$5:$B$204,0)),1) -> 1.1267159 | AB1004: =IFERROR(INDEX(楼层配置!$F$5:$F$204,MATCH($K1004,楼层配置!$B$5:$B$204,0)),1) -> 0.73122951 | AC1004: =IFERROR(INDEX(楼层配置!$G$5:$G$204,MATCH($K1004,楼层配置!$B$5:$B$204,0)),1) -> 1 | AD1004: =IFERROR($D1004/$G1004-1,"") | AE1004: =IFERROR($E1004/$H1004-1,"") | AF1004: =IFERROR($F1004/$I1004-1,"") | AG1004: =IF(AND($A1004>=1,$L1004>=1,$L1004<=500,OR($N1004="Tank",$N1004="DPS",$N1004="Support"),ISNUMBER($D1004),ISNUMBER($E1004),ISNUMBER($F1004)),"有效","异常") -> 有效 | AH1004: =D1004/(1-MIN(0.75,F1004/(24000+F1004))) -> 51936040

Sheet 落表结果
A1: TeamHero 落表结果
A2: 按TeamHero.Id升序；复制D～F列并以“值”覆盖源表Hp、Attack、Armor。
A4: TeamHero.Id | B4: CfgId（核对） | C4: Level（核对） | D4: Hp | E4: Attack | F4: Armor | G4: 校验 | H4: 当前Hp | I4: 当前Attack | J4: 当前Armor
A5: =TeamHero生成!A5 -> 1 | B5: =TeamHero生成!B5 -> 1002 | C5: =TeamHero生成!C5 -> 10 | D5: =TeamHero生成!D5 -> 12925 | E5: =TeamHero生成!E5 -> 743 | F5: =TeamHero生成!F5 -> 1700 | G5: =TeamHero生成!AG5 -> 有效 | H5: =TeamHero生成!G5 -> 17474 | I5: =TeamHero生成!H5 -> 847 | J5: =TeamHero生成!I5 -> 1394
A6: =TeamHero生成!A6 -> 2 | B6: =TeamHero生成!B6 -> 1001 | C6: =TeamHero生成!C6 -> 10 | D6: =TeamHero生成!D6 -> 8617 | E6: =TeamHero生成!E6 -> 892 | F6: =TeamHero生成!F6 -> 1133 | G6: =TeamHero生成!AG6 -> 有效 | H6: =TeamHero生成!G6 -> 11649 | I6: =TeamHero生成!H6 -> 1016 | J6: =TeamHero生成!I6 -> 929
A7: =TeamHero生成!A7 -> 3 | B7: =TeamHero生成!B7 -> 1001 | C7: =TeamHero生成!C7 -> 10 | D7: =TeamHero生成!D7 -> 8617 | E7: =TeamHero生成!E7 -> 892 | F7: =TeamHero生成!F7 -> 1133 | G7: =TeamHero生成!AG7 -> 有效 | H7: =TeamHero生成!G7 -> 11649 | I7: =TeamHero生成!H7 -> 1016 | J7: =TeamHero生成!I7 -> 929
A8: =TeamHero生成!A8 -> 4 | B8: =TeamHero生成!B8 -> 1001 | C8: =TeamHero生成!C8 -> 10 | D8: =TeamHero生成!D8 -> 8617 | E8: =TeamHero生成!E8 -> 892 | F8: =TeamHero生成!F8 -> 1133 | G8: =TeamHero生成!AG8 -> 有效 | H8: =TeamHero生成!G8 -> 11649 | I8: =TeamHero生成!H8 -> 1016 | J8: =TeamHero生成!I8 -> 929
A9: =TeamHero生成!A9 -> 5 | B9: =TeamHero生成!B9 -> 1040 | C9: =TeamHero生成!C9 -> 10 | D9: =TeamHero生成!D9 -> 10771 | E9: =TeamHero生成!E9 -> 743 | F9: =TeamHero生成!F9 -> 1416 | G9: =TeamHero生成!AG9 -> 有效 | H9: =TeamHero生成!G9 -> 14562 | I9: =TeamHero生成!H9 -> 847 | J9: =TeamHero生成!I9 -> 1162
A10: =TeamHero生成!A10 -> 6 | B10: =TeamHero生成!B10 -> 1038 | C10: =TeamHero生成!C10 -> 11 | D10: =TeamHero生成!D10 -> 16789 | E10: =TeamHero生成!E10 -> 907 | F10: =TeamHero生成!F10 -> 2049 | G10: =TeamHero生成!AG10 -> 有效 | H10: =TeamHero生成!G10 -> 22442 | I10: =TeamHero生成!H10 -> 1028 | J10: =TeamHero生成!I10 -> 1686
A11: =TeamHero生成!A11 -> 7 | B11: =TeamHero生成!B11 -> 1035 | C11: =TeamHero生成!C11 -> 11 | D11: =TeamHero生成!D11 -> 11193 | E11: =TeamHero生成!E11 -> 1088 | F11: =TeamHero生成!F11 -> 1366 | G11: =TeamHero生成!AG11 -> 有效 | H11: =TeamHero生成!G11 -> 14961 | I11: =TeamHero生成!H11 -> 1233 | J11: =TeamHero生成!I11 -> 1124
A12: =TeamHero生成!A12 -> 8 | B12: =TeamHero生成!B12 -> 1035 | C12: =TeamHero生成!C12 -> 11 | D12: =TeamHero生成!D12 -> 11193 | E12: =TeamHero生成!E12 -> 1088 | F12: =TeamHero生成!F12 -> 1366 | G12: =TeamHero生成!AG12 -> 有效 | H12: =TeamHero生成!G12 -> 14961 | I12: =TeamHero生成!H12 -> 1233 | J12: =TeamHero生成!I12 -> 1124
A13: =TeamHero生成!A13 -> 9 | B13: =TeamHero生成!B13 -> 1035 | C13: =TeamHero生成!C13 -> 11 | D13: =TeamHero生成!D13 -> 11193 | E13: =TeamHero生成!E13 -> 1088 | F13: =TeamHero生成!F13 -> 1366 | G13: =TeamHero生成!AG13 -> 有效 | H13: =TeamHero生成!G13 -> 14961 | I13: =TeamHero生成!H13 -> 1233 | J13: =TeamHero生成!I13 -> 1124
A14: =TeamHero生成!A14 -> 10 | B14: =TeamHero生成!B14 -> 1036 | C14: =TeamHero生成!C14 -> 11 | D14: =TeamHero生成!D14 -> 11193 | E14: =TeamHero生成!E14 -> 1088 | F14: =TeamHero生成!F14 -> 1366 | G14: =TeamHero生成!AG14 -> 有效 | H14: =TeamHero生成!G14 -> 14961 | I14: =TeamHero生成!H14 -> 1233 | J14: =TeamHero生成!I14 -> 1124
A15: =TeamHero生成!A15 -> 11 | B15: =TeamHero生成!B15 -> 1002 | C15: =TeamHero生成!C15 -> 11 | D15: =TeamHero生成!D15 -> 21843 | E15: =TeamHero生成!E15 -> 1105 | F15: =TeamHero生成!F15 -> 2519 | G15: =TeamHero生成!AG15 -> 有效 | H15: =TeamHero生成!G15 -> 27900 | I15: =TeamHero生成!H15 -> 1213 | J15: =TeamHero生成!I15 -> 1982
A16: =TeamHero生成!A16 -> 12 | B16: =TeamHero生成!B16 -> 1002 | C16: =TeamHero生成!C16 -> 11 | D16: =TeamHero生成!D16 -> 21843 | E16: =TeamHero生成!E16 -> 1105 | F16: =TeamHero生成!F16 -> 2519 | G16: =TeamHero生成!AG16 -> 有效 | H16: =TeamHero生成!G16 -> 27900 | I16: =TeamHero生成!H16 -> 1213 | J16: =TeamHero生成!I16 -> 1982
... A504: =TeamHero生成!A504 -> 500 | B504: =TeamHero生成!B504 -> 1029 | C504: =TeamHero生成!C504 -> 60 | D504: =TeamHero生成!D504 -> 2237855 | E504: =TeamHero生成!E504 -> 32431 | F504: =TeamHero生成!F504 -> 36983 | G504: =TeamHero生成!AG504 -> 有效 | H504: =TeamHero生成!G504 -> 5950560 | I504: =TeamHero生成!H504 -> 61451 | J504: =TeamHero生成!I504 -> 43505
A505: =TeamHero生成!A505 -> 501 | B505: =TeamHero生成!B505 -> 1003 | C505: =TeamHero生成!C505 -> 60 | D505: =TeamHero生成!D505 -> 2709589 | E505: =TeamHero生成!E505 -> 32607 | F505: =TeamHero生成!F505 -> 44586 | G505: =TeamHero生成!AG505 -> 有效 | H505: =TeamHero生成!G505 -> 0 | I505: =TeamHero生成!H505 -> 0
A506: =TeamHero生成!A506 -> 502 | B506: =TeamHero生成!B506 -> 1005 | C506: =TeamHero生成!C506 -> 60 | D506: =TeamHero生成!D506 -> 1806393 | E506: =TeamHero生成!E506 -> 39128 | F506: =TeamHero生成!F506 -> 29724 | G506: =TeamHero生成!AG506 -> 有效 | H506: =TeamHero生成!G506 -> 0 | I506: =TeamHero生成!H506 -> 0
A507: =TeamHero生成!A507 -> 503 | B507: =TeamHero生成!B507 -> 1005 | C507: =TeamHero生成!C507 -> 60 | D507: =TeamHero生成!D507 -> 1806393 | E507: =TeamHero生成!E507 -> 39128 | F507: =TeamHero生成!F507 -> 29724 | G507: =TeamHero生成!AG507 -> 有效 | H507: =TeamHero生成!G507 -> 0 | I507: =TeamHero生成!H507 -> 0
A508: =TeamHero生成!A508 -> 504 | B508: =TeamHero生成!B508 -> 1005 | C508: =TeamHero生成!C508 -> 60 | D508: =TeamHero生成!D508 -> 1806393 | E508: =TeamHero生成!E508 -> 39128 | F508: =TeamHero生成!F508 -> 29724 | G508: =TeamHero生成!AG508 -> 有效 | H508: =TeamHero生成!G508 -> 0 | I508: =TeamHero生成!H508 -> 0
A509: =TeamHero生成!A509 -> 505 | B509: =TeamHero生成!B509 -> 1029 | C509: =TeamHero生成!C509 -> 60 | D509: =TeamHero生成!D509 -> 2257991 | E509: =TeamHero生成!E509 -> 32607 | F509: =TeamHero生成!F509 -> 37155 | G509: =TeamHero生成!AG509 -> 有效 | H509: =TeamHero生成!G509 -> 0 | I509: =TeamHero生成!H509 -> 0
A510: =TeamHero生成!A510 -> 506 | B510: =TeamHero生成!B510 -> 1003 | C510: =TeamHero生成!C510 -> 60 | D510: =TeamHero生成!D510 -> 2736075 | E510: =TeamHero生成!E510 -> 32846 | F510: =TeamHero生成!F510 -> 44792 | G510: =TeamHero生成!AG510 -> 有效 | H510: =TeamHero生成!G510 -> 0 | I510: =TeamHero生成!H510 -> 0
A511: =TeamHero生成!A511 -> 507 | B511: =TeamHero生成!B511 -> 1005 | C511: =TeamHero生成!C511 -> 60 | D511: =TeamHero生成!D511 -> 1824050 | E511: =TeamHero生成!E511 -> 39415 | F511: =TeamHero生成!F511 -> 29861 | G511: =TeamHero生成!AG511 -> 有效 | H511: =TeamHero生成!G511 -> 0 | I511: =TeamHero生成!H511 -> 0
A512: =TeamHero生成!A512 -> 508 | B512: =TeamHero生成!B512 -> 1005 | C512: =TeamHero生成!C512 -> 60 | D512: =TeamHero生成!D512 -> 1824050 | E512: =TeamHero生成!E512 -> 39415 | F512: =TeamHero生成!F512 -> 29861 | G512: =TeamHero生成!AG512 -> 有效 | H512: =TeamHero生成!G512 -> 0 | I512: =TeamHero生成!H512 -> 0
A513: =TeamHero生成!A513 -> 509 | B513: =TeamHero生成!B513 -> 1005 | C513: =TeamHero生成!C513 -> 60 | D513: =TeamHero生成!D513 -> 1824050 | E513: =TeamHero生成!E513 -> 39415 | F513: =TeamHero生成!F513 -> 29861 | G513: =TeamHero生成!AG513 -> 有效 | H513: =TeamHero生成!G513 -> 0 | I513: =TeamHero生成!H513 -> 0
A514: =TeamHero生成!A514 -> 510 | B514: =TeamHero生成!B514 -> 1029 | C514: =TeamHero生成!C514 -> 60 | D514: =TeamHero生成!D514 -> 2280063 | E514: =TeamHero生成!E514 -> 32846 | F514: =TeamHero生成!F514 -> 37326 | G514: =TeamHero生成!AG514 -> 有效 | H514: =TeamHero生成!G514 -> 0 | I514: =TeamHero生成!H514 -> 0
A515: =TeamHero生成!A515 -> 511 | B515: =TeamHero生成!B515 -> 1003 | C515: =TeamHero生成!C515 -> 60 | D515: =TeamHero生成!D515 -> 2789642 | E515: =TeamHero生成!E515 -> 33328 | F515: =TeamHero生成!F515 -> 45207 | G515: =TeamHero生成!AG515 -> 有效 | H515: =TeamHero生成!G515 -> 0 | I515: =TeamHero生成!H515 -> 0
A516: =TeamHero生成!A516 -> 512 | B516: =TeamHero生成!B516 -> 1005 | C516: =TeamHero生成!C516 -> 60 | D516: =TeamHero生成!D516 -> 1859761 | E516: =TeamHero生成!E516 -> 39993 | F516: =TeamHero生成!F516 -> 30138 | G516: =TeamHero生成!AG516 -> 有效 | H516: =TeamHero生成!G516 -> 0 | I516: =TeamHero生成!H516 -> 0
... A1004: =TeamHero生成!A1004 -> 1000 | B1004: =TeamHero生成!B1004 -> 1029 | C1004: =TeamHero生成!C1004 -> 60 | D1004: =TeamHero生成!D1004 -> 12984010 | E1004: =TeamHero生成!E1004 -> 130722 | F1004: =TeamHero生成!F1004 -> 81675 | G1004: =TeamHero生成!AG1004 -> 有效 | H1004: =TeamHero生成!G1004 -> 0 | I1004: =TeamHero生成!H1004 -> 0

Sheet 统一验算
A1: 楼层 | B1: 对照进度 | C1: 旧等级 | D1: 新等级 | E1: 旧击杀秒 | F1: 新击杀秒 | G1: 旧生存秒 | H1: 新生存秒 | I1: 击杀比 | J1: 生存比
A2: 1 | B2: 24 | C2: 37 | D2: =INDEX(楼层配置!$D$5:$D$104,MATCH(A2,楼层配置!$B$5:$B$104,0)) -> 15 | E2: 5.5954829 | F2: =SUMIF(TeamHero生成!$K$5:$K$504,A2,TeamHero生成!$AH$5:$AH$504)/26573.2561562461 -> 1.9688363 | G2: 8.6809907 | H2: =79813.0282432991/SUMIF(TeamHero生成!$K$5:$K$504,A2,TeamHero生成!$E$5:$E$504) -> 19.176605 | I2: =F2/E2 -> 0.35186174 | J2: =H2/G2 -> 2.2090341
A3: 2 | B3: 25 | C3: 44 | D3: =INDEX(楼层配置!$D$5:$D$104,MATCH(A3,楼层配置!$B$5:$B$104,0)) -> 18 | E3: 6.5176558 | F3: =SUMIF(TeamHero生成!$K$5:$K$504,A3,TeamHero生成!$AH$5:$AH$504)/28151.91071543 -> 2.3281771 | G3: 7.4089749 | H3: =83890.0209961094/SUMIF(TeamHero生成!$K$5:$K$504,A3,TeamHero生成!$E$5:$E$504) -> 15.951706 | I3: =F3/E3 -> 0.35721081 | J3: =H3/G3 -> 2.1530247
A4: 3 | B4: 27 | C4: 51 | D4: =INDEX(楼层配置!$D$5:$D$104,MATCH(A4,楼层配置!$B$5:$B$104,0)) -> 22 | E4: 9.4142173 | F4: =SUMIF(TeamHero生成!$K$5:$K$504,A4,TeamHero生成!$AH$5:$AH$504)/31434.3368316531 -> 3.5628817 | G4: 8.2893563 | H4: =92272.4866090821/SUMIF(TeamHero生成!$K$5:$K$504,A4,TeamHero生成!$E$5:$E$504) -> 16.700903 | I4: =F4/E4 -> 0.37845756 | J4: =H4/G4 -> 2.0147406
A5: 4 | B5: 29 | C5: 59 | D5: =INDEX(楼层配置!$D$5:$D$104,MATCH(A5,楼层配置!$B$5:$B$104,0)) -> 25 | E5: 7.5945944 | F5: =SUMIF(TeamHero生成!$K$5:$K$504,A5,TeamHero生成!$AH$5:$AH$504)/34979.1578961386 -> 2.907602 | G5: 6.8249721 | H5: =101159.979251686/SUMIF(TeamHero生成!$K$5:$K$504,A5,TeamHero生成!$E$5:$E$504) -> 13.67951 | I5: =F5/E5 -> 0.38285152 | J5: =H5/G5 -> 2.004332
A6: 5 | B6: 30 | C6: 65 | D6: =INDEX(楼层配置!$D$5:$D$104,MATCH(A6,楼层配置!$B$5:$B$104,0)) -> 28 | E6: 10.593952 | F6: =SUMIF(TeamHero生成!$K$5:$K$504,A6,TeamHero生成!$AH$5:$AH$504)/36095.898235044 -> 3.9694758 | G6: 7.0590219 | H6: =103648.571416605/SUMIF(TeamHero生成!$K$5:$K$504,A6,TeamHero生成!$E$5:$E$504) -> 14.11529 | I6: =F6/E6 -> 0.37469265 | J6: =H6/G6 -> 1.9996098
A7: 6 | B7: 32 | C7: 73 | D7: =INDEX(楼层配置!$D$5:$D$104,MATCH(A7,楼层配置!$B$5:$B$104,0)) -> 32 | E7: 9.7635448 | F7: =SUMIF(TeamHero生成!$K$5:$K$504,A7,TeamHero生成!$AH$5:$AH$504)/40188.015975026 -> 4.0798595 | G7: 6.7535028 | H7: =112891.038669981/SUMIF(TeamHero生成!$K$5:$K$504,A7,TeamHero生成!$E$5:$E$504) -> 12.464507 | I7: =F7/E7 -> 0.41786663 | J7: =H7/G7 -> 1.8456359
A8: 7 | B8: 34 | C8: 79 | D8: =INDEX(楼层配置!$D$5:$D$104,MATCH(A8,楼层配置!$B$5:$B$104,0)) -> 35 | E8: 9.9788519 | F8: =SUMIF(TeamHero生成!$K$5:$K$504,A8,TeamHero生成!$AH$5:$AH$504)/44544.2269978621 -> 4.4883233 | G8: 7.3920058 | H8: =122519.471284751/SUMIF(TeamHero生成!$K$5:$K$504,A8,TeamHero生成!$E$5:$E$504) -> 12.871044 | I8: =F8/E8 -> 0.44978354 | J8: =H8/G8 -> 1.7412114
A9: 8 | B9: 36 | C9: 86 | D9: =INDEX(楼层配置!$D$5:$D$104,MATCH(A9,楼层配置!$B$5:$B$104,0)) -> 38 | E9: 11.052119 | F9: =SUMIF(TeamHero生成!$K$5:$K$504,A9,TeamHero生成!$AH$5:$AH$504)/49292.6925072589 -> 4.9802507 | G9: 8.2336852 | H9: =132853.171023985/SUMIF(TeamHero生成!$K$5:$K$504,A9,TeamHero生成!$E$5:$E$504) -> 14.208895 | I9: =F9/E9 -> 0.45061499 | J9: =H9/G9 -> 1.725703
A10: 9 | B10: 38 | C10: 93 | D10: =INDEX(楼层配置!$D$5:$D$104,MATCH(A10,楼层配置!$B$5:$B$104,0)) -> 42 | E10: 10.206198 | F10: =SUMIF(TeamHero生成!$K$5:$K$504,A10,TeamHero生成!$AH$5:$AH$504)/54339.9167049591 -> 4.9740738 | G10: 7.8134493 | H10: =143621.04196543/SUMIF(TeamHero生成!$K$5:$K$504,A10,TeamHero生成!$E$5:$E$504) -> 12.750448 | I10: =F10/E10 -> 0.48735813 | J10: =H10/G10 -> 1.631859
A11: 10 | B11: 40 | C11: 100 | D11: =INDEX(楼层配置!$D$5:$D$104,MATCH(A11,楼层配置!$B$5:$B$104,0)) -> 45 | E11: 9.3138839 | F11: =SUMIF(TeamHero生成!$K$5:$K$504,A11,TeamHero生成!$AH$5:$AH$504)/59707.7034555283 -> 4.6958745 | G11: 7.6883578 | H11: =154857.631643349/SUMIF(TeamHero生成!$K$5:$K$504,A11,TeamHero生成!$E$5:$E$504) -> 12.272756 | I11: =F11/E11 -> 0.50418005 | J11: =H11/G11 -> 1.5962779
A12: 11 | B12: 42 | C12: 106 | D12: =INDEX(楼层配置!$D$5:$D$104,MATCH(A12,楼层配置!$B$5:$B$104,0)) -> 49 | E12: 9.329869 | F12: =SUMIF(TeamHero生成!$K$5:$K$504,A12,TeamHero生成!$AH$5:$AH$504)/66623.8615756815 -> 4.8611319 | G12: 7.9085675 | H12: =169193.90679273/SUMIF(TeamHero生成!$K$5:$K$504,A12,TeamHero生成!$E$5:$E$504) -> 12.295175 | I12: =F12/E12 -> 0.52102895 | J12: =H12/G12 -> 1.5546653
A13: 12 | B13: 44 | C13: 113 | D13: =INDEX(楼层配置!$D$5:$D$104,MATCH(A13,楼层配置!$B$5:$B$104,0)) -> 52 | E13: 10.746525 | F13: =SUMIF(TeamHero生成!$K$5:$K$504,A13,TeamHero生成!$AH$5:$AH$504)/74012.7038046249 -> 5.392119 | G13: 8.299496 | H13: =184219.561156841/SUMIF(TeamHero生成!$K$5:$K$504,A13,TeamHero生成!$E$5:$E$504) -> 13.127596 | I13: =F13/E13 -> 0.50175468 | J13: =H13/G13 -> 1.5817342
A14: 13 | B14: 47 | C14: 120 | D14: =INDEX(楼层配置!$D$5:$D$104,MATCH(A14,楼层配置!$B$5:$B$104,0)) -> 56 | E14: 8.8333358 | F14: =SUMIF(TeamHero生成!$K$5:$K$504,A14,TeamHero生成!$AH$5:$AH$504)/86038.3004210639 -> 4.4840737 | G14: 8.1290354 | H14: =208094.426016822/SUMIF(TeamHero生成!$K$5:$K$504,A14,TeamHero生成!$E$5:$E$504) -> 12.782998 | I14: =F14/E14 -> 0.50763084 | J14: =H14/G14 -> 1.5725111
A15: 14 | B15: 49 | C15: 126 | D15: =INDEX(楼层配置!$D$5:$D$104,MATCH(A15,楼层配置!$B$5:$B$104,0)) -> 59 | E15: 11.288165 | F15: =SUMIF(TeamHero生成!$K$5:$K$504,A15,TeamHero生成!$AH$5:$AH$504)/94722.8402641455 -> 5.4934323 | G15: 9.1962317 | H15: =224931.69827091/SUMIF(TeamHero生成!$K$5:$K$504,A15,TeamHero生成!$E$5:$E$504) -> 14.697576 | I15: =F15/E15 -> 0.48665414 | J15: =H15/G15 -> 1.5982172
A16: 15 | B16: 51 | C16: 133 | D16: =INDEX(楼层配置!$D$5:$D$104,MATCH(A16,楼层配置!$B$5:$B$104,0)) -> 63 | E16: 11.165672 | F16: =SUMIF(TeamHero生成!$K$5:$K$504,A16,TeamHero生成!$AH$5:$AH$504)/103974.32683706 -> 5.4509405 | G16: 8.8627565 | H16: =242529.808969775/SUMIF(TeamHero生成!$K$5:$K$504,A16,TeamHero生成!$E$5:$E$504) -> 14.10139 | I16: =F16/E16 -> 0.4881874 | J16: =H16/G16 -> 1.591084
A17: 16 | B17: 53 | C17: 141 | D17: =INDEX(楼层配置!$D$5:$D$104,MATCH(A17,楼层配置!$B$5:$B$104,0)) -> 66 | E17: 12.559434 | F17: =SUMIF(TeamHero生成!$K$5:$K$504,A17,TeamHero生成!$AH$5:$AH$504)/113822.405455727 -> 5.7976222 | G17: 8.763593 | H17: =260909.970617466/SUMIF(TeamHero生成!$K$5:$K$504,A17,TeamHero生成!$E$5:$E$504) -> 14.362544 | I17: =F17/E17 -> 0.46161494 | J17: =H17/G17 -> 1.6388876
A18: 17 | B18: 55 | C18: 148 | D18: =INDEX(楼层配置!$D$5:$D$104,MATCH(A18,楼层配置!$B$5:$B$104,0)) -> 70 | E18: 13.11768 | F18: =SUMIF(TeamHero生成!$K$5:$K$504,A18,TeamHero生成!$AH$5:$AH$504)/123546.244245202 -> 5.9249815 | G18: 8.7405303 | H18: =278746.593810699/SUMIF(TeamHero生成!$K$5:$K$504,A18,TeamHero生成!$E$5:$E$504) -> 14.459311 | I18: =F18/E18 -> 0.45167907 | J18: =H18/G18 -> 1.654283
A19: 18 | B19: 58 | C19: 155 | D19: =INDEX(楼层配置!$D$5:$D$104,MATCH(A19,楼层配置!$B$5:$B$104,0)) -> 73 | E19: 11.706154 | F19: =SUMIF(TeamHero生成!$K$5:$K$504,A19,TeamHero生成!$AH$5:$AH$504)/136607.494103308 -> 5.3052328 | G19: 8.9627865 | H19: =302293.344300543/SUMIF(TeamHero生成!$K$5:$K$504,A19,TeamHero生成!$E$5:$E$504) -> 14.829205 | I19: =F19/E19 -> 0.45320034 | J19: =H19/G19 -> 1.6545307
A20: 19 | B20: 60 | C20: 162 | D20: =INDEX(楼层配置!$D$5:$D$104,MATCH(A20,楼层配置!$B$5:$B$104,0)) -> 77 | E20: 13.783358 | F20: =SUMIF(TeamHero生成!$K$5:$K$504,A20,TeamHero生成!$AH$5:$AH$504)/145842.967208347 -> 6.0703812 | G20: 9.2357097 | H20: =318642.987455275/SUMIF(TeamHero生成!$K$5:$K$504,A20,TeamHero生成!$E$5:$E$504) -> 15.427665 | I20: =F20/E20 -> 0.44041381 | J20: =H20/G20 -> 1.6704363
A21: 20 | B21: 62 | C21: 169 | D21: =INDEX(楼层配置!$D$5:$D$104,MATCH(A21,楼层配置!$B$5:$B$104,0)) -> 80 | E21: 12.104669 | F21: =SUMIF(TeamHero生成!$K$5:$K$504,A21,TeamHero生成!$AH$5:$AH$504)/155520.17908224 -> 5.2543846 | G21: 8.4995724 | H21: =335526.961890731/SUMIF(TeamHero生成!$K$5:$K$504,A21,TeamHero生成!$E$5:$E$504) -> 14.385481 | I21: =F21/E21 -> 0.43407917 | J21: =H21/G21 -> 1.6924947
A22: 21 | B22: 65 | C22: 176 | D22: =INDEX(楼层配置!$D$5:$D$104,MATCH(A22,楼层配置!$B$5:$B$104,0)) -> 84 | E22: 14.67942 | F22: =SUMIF(TeamHero生成!$K$5:$K$504,A22,TeamHero生成!$AH$5:$AH$504)/171927.518056296 -> 6.287647 | G22: 9.0544516 | H22: =364957.353601821/SUMIF(TeamHero生成!$K$5:$K$504,A22,TeamHero生成!$E$5:$E$504) -> 15.273377 | I22: =F22/E22 -> 0.42833076 | J22: =H22/G22 -> 1.6868363
A23: 22 | B23: 67 | C23: 182 | D23: =INDEX(楼层配置!$D$5:$D$104,MATCH(A23,楼层配置!$B$5:$B$104,0)) -> 88 | E23: 14.129234 | F23: =SUMIF(TeamHero生成!$K$5:$K$504,A23,TeamHero生成!$AH$5:$AH$504)/184909.132903604 -> 6.184587 | G23: 8.907565 | H23: =389605.676229175/SUMIF(TeamHero生成!$K$5:$K$504,A23,TeamHero生成!$E$5:$E$504) -> 14.809962 | I23: =F23/E23 -> 0.43771566 | J23: =H23/G23 -> 1.6626275
A24: 23 | B24: 69 | C24: 186 | D24: =INDEX(楼层配置!$D$5:$D$104,MATCH(A24,楼层配置!$B$5:$B$104,0)) -> 92 | E24: 15.519723 | F24: =SUMIF(TeamHero生成!$K$5:$K$504,A24,TeamHero生成!$AH$5:$AH$504)/198494.437394498 -> 6.8768955 | G24: 9.9115756 | H24: =415130.42266199/SUMIF(TeamHero生成!$K$5:$K$504,A24,TeamHero生成!$E$5:$E$504) -> 16.259221 | I24: =F24/E24 -> 0.44310684 | J24: =H24/G24 -> 1.6404274
A25: 24 | B25: 72 | C25: 193 | D25: =INDEX(楼层配置!$D$5:$D$104,MATCH(A25,楼层配置!$B$5:$B$104,0)) -> 96 | E25: 15.485603 | F25: =SUMIF(TeamHero生成!$K$5:$K$504,A25,TeamHero生成!$AH$5:$AH$504)/216890.590855432 -> 6.9849187 | G25: 10.664469 | H25: =449316.591842609/SUMIF(TeamHero生成!$K$5:$K$504,A25,TeamHero生成!$E$5:$E$504) -> 17.274763 | I25: =F25/E25 -> 0.45105889 | J25: =H25/G25 -> 1.6198429
A26: 25 | B26: 74 | C26: 198 | D26: =INDEX(楼层配置!$D$5:$D$104,MATCH(A26,楼层配置!$B$5:$B$104,0)) -> 100 | E26: 14.863698 | F26: =SUMIF(TeamHero生成!$K$5:$K$504,A26,TeamHero生成!$AH$5:$AH$504)/229107.066317105 -> 6.825713 | G26: 10.420964 | H26: =471776.255639065/SUMIF(TeamHero生成!$K$5:$K$504,A26,TeamHero生成!$E$5:$E$504) -> 16.686459 | I26: =F26/E26 -> 0.45922036 | J26: =H26/G26 -> 1.6012395
A27: 26 | B27: 76 | C27: 201 | D27: =INDEX(楼层配置!$D$5:$D$104,MATCH(A27,楼层配置!$B$5:$B$104,0)) -> 104 | E27: 13.047457 | F27: =SUMIF(TeamHero生成!$K$5:$K$504,A27,TeamHero生成!$AH$5:$AH$504)/241771.641497773 -> 6.4624486 | G27: 9.9621091 | H27: =494857.081367539/SUMIF(TeamHero生成!$K$5:$K$504,A27,TeamHero生成!$E$5:$E$504) -> 15.268183 | I27: =F27/E27 -> 0.49530331 | J27: =H27/G27 -> 1.5326256
A28: 27 | B28: 79 | C28: 207 | D28: =INDEX(楼层配置!$D$5:$D$104,MATCH(A28,楼层配置!$B$5:$B$104,0)) -> 108 | E28: 15.585427 | F28: =SUMIF(TeamHero生成!$K$5:$K$504,A28,TeamHero生成!$AH$5:$AH$504)/261637.468664633 -> 7.6106229 | G28: 11.019299 | H28: =530664.445346228/SUMIF(TeamHero生成!$K$5:$K$504,A28,TeamHero生成!$E$5:$E$504) -> 16.909835 | I28: =F28/E28 -> 0.4883166 | J28: =H28/G28 -> 1.5345654
A29: 28 | B29: 81 | C29: 211 | D29: =INDEX(楼层配置!$D$5:$D$104,MATCH(A29,楼层配置!$B$5:$B$104,0)) -> 112 | E29: 15.78061 | F29: =SUMIF(TeamHero生成!$K$5:$K$504,A29,TeamHero生成!$AH$5:$AH$504)/275480.354315355 -> 7.9377012 | G29: 10.768446 | H29: =555341.188571833/SUMIF(TeamHero生成!$K$5:$K$504,A29,TeamHero生成!$E$5:$E$504) -> 16.200151 | I29: =F29/E29 -> 0.50300343 | J29: =H29/G29 -> 1.5044094
A30: 29 | B30: 84 | C30: 216 | D30: =INDEX(楼层配置!$D$5:$D$104,MATCH(A30,楼层配置!$B$5:$B$104,0)) -> 116 | E30: 14.023654 | F30: =SUMIF(TeamHero生成!$K$5:$K$504,A30,TeamHero生成!$AH$5:$AH$504)/297177.924285563 -> 7.1753711 | G30: 10.654451 | H30: =593588.996599568/SUMIF(TeamHero生成!$K$5:$K$504,A30,TeamHero生成!$E$5:$E$504) -> 15.893887 | I30: =F30/E30 -> 0.51166201 | J30: =H30/G30 -> 1.4917603
A31: 30 | B31: 86 | C31: 220 | D31: =INDEX(楼层配置!$D$5:$D$104,MATCH(A31,楼层配置!$B$5:$B$104,0)) -> 120 | E31: 14.052897 | F31: =SUMIF(TeamHero生成!$K$5:$K$504,A31,TeamHero生成!$AH$5:$AH$504)/309251.070113964 -> 7.4076612 | G31: 11.155172 | H31: =614695.104720323/SUMIF(TeamHero生成!$K$5:$K$504,A31,TeamHero生成!$E$5:$E$504) -> 16.339148 | I31: =F31/E31 -> 0.52712697 | J31: =H31/G31 -> 1.4647151
A32: 31 | B32: 89 | C32: 224 | D32: =INDEX(楼层配置!$D$5:$D$104,MATCH(A32,楼层配置!$B$5:$B$104,0)) -> 124 | E32: 13.920937 | F32: =SUMIF(TeamHero生成!$K$5:$K$504,A32,TeamHero生成!$AH$5:$AH$504)/326620.567530564 -> 7.6763411 | G32: 11.447616 | H32: =644822.593466224/SUMIF(TeamHero生成!$K$5:$K$504,A32,TeamHero生成!$E$5:$E$504) -> 16.308933 | I32: =F32/E32 -> 0.55142415 | J32: =H32/G32 -> 1.4246575
A33: 32 | B33: 91 | C33: 227 | D33: =INDEX(楼层配置!$D$5:$D$104,MATCH(A33,楼层配置!$B$5:$B$104,0)) -> 128 | E33: 14.74415 | F33: =SUMIF(TeamHero生成!$K$5:$K$504,A33,TeamHero生成!$AH$5:$AH$504)/338576.001251767 -> 8.4784568 | G33: 12.038815 | H33: =665388.142051712/SUMIF(TeamHero生成!$K$5:$K$504,A33,TeamHero生成!$E$5:$E$504) -> 16.693967 | I33: =F33/E33 -> 0.5750387 | J33: =H33/G33 -> 1.3866786
A34: 33 | B34: 94 | C34: 231 | D34: =INDEX(楼层配置!$D$5:$D$104,MATCH(A34,楼层配置!$B$5:$B$104,0)) -> 132 | E34: 13.88904 | F34: =SUMIF(TeamHero生成!$K$5:$K$504,A34,TeamHero生成!$AH$5:$AH$504)/357088.54534509 -> 8.2096832 | G34: 11.821504 | H34: =696968.146649284/SUMIF(TeamHero生成!$K$5:$K$504,A34,TeamHero生成!$E$5:$E$504) -> 16.133522 | I34: =F34/E34 -> 0.59109078 | J34: =H34/G34 -> 1.3647605
A35: 34 | B35: 96 | C35: 234 | D35: =INDEX(楼层配置!$D$5:$D$104,MATCH(A35,楼层配置!$B$5:$B$104,0)) -> 136 | E35: 13.952118 | F35: =SUMIF(TeamHero生成!$K$5:$K$504,A35,TeamHero生成!$AH$5:$AH$504)/369825.877110177 -> 8.5993285 | G35: 11.925624 | H35: =718515.642412546/SUMIF(TeamHero生成!$K$5:$K$504,A35,TeamHero生成!$E$5:$E$504) -> 15.868629 | I35: =F35/E35 -> 0.61634572 | J35: =H35/G35 -> 1.330633
A36: 35 | B36: 99 | C36: 238 | D36: =INDEX(楼层配置!$D$5:$D$104,MATCH(A36,楼层配置!$B$5:$B$104,0)) -> 140 | E36: 14.815652 | F36: =SUMIF(TeamHero生成!$K$5:$K$504,A36,TeamHero生成!$AH$5:$AH$504)/389541.730298325 -> 9.1806003 | G36: 12.561293 | H36: =751589.12299661/SUMIF(TeamHero生成!$K$5:$K$504,A36,TeamHero生成!$E$5:$E$504) -> 16.632494 | I36: =F36/E36 -> 0.61965549 | J36: =H36/G36 -> 1.3241069
A37: 36 | B37: 101 | C37: 243 | D37: =INDEX(楼层配置!$D$5:$D$104,MATCH(A37,楼层配置!$B$5:$B$104,0)) -> 144 | E37: 14.301516 | F37: =SUMIF(TeamHero生成!$K$5:$K$504,A37,TeamHero生成!$AH$5:$AH$504)/405743.55804063 -> 9.087112 | G37: 12.07797 | H37: =776696.17263262/SUMIF(TeamHero生成!$K$5:$K$504,A37,TeamHero生成!$E$5:$E$504) -> 15.764079 | I37: =F37/E37 -> 0.63539502 | J37: =H37/G37 -> 1.3051928
A38: 37 | B38: 104 | C38: 249 | D38: =INDEX(楼层配置!$D$5:$D$104,MATCH(A38,楼层配置!$B$5:$B$104,0)) -> 148 | E38: 16.107238 | F38: =SUMIF(TeamHero生成!$K$5:$K$504,A38,TeamHero生成!$AH$5:$AH$504)/438193.789707758 -> 10.0929 | G38: 12.747689 | H38: =824109.783432817/SUMIF(TeamHero生成!$K$5:$K$504,A38,TeamHero生成!$E$5:$E$504) -> 16.726401 | I38: =F38/E38 -> 0.62660648 | J38: =H38/G38 -> 1.3121124
A39: 38 | B39: 106 | C39: 253 | D39: =INDEX(楼层配置!$D$5:$D$104,MATCH(A39,楼层配置!$B$5:$B$104,0)) -> 152 | E39: 13.450373 | F39: =SUMIF(TeamHero生成!$K$5:$K$504,A39,TeamHero生成!$AH$5:$AH$504)/460869.647293257 -> 8.6673288 | G39: 11.937996 | H39: =856634.661818487/SUMIF(TeamHero生成!$K$5:$K$504,A39,TeamHero生成!$E$5:$E$504) -> 15.452957 | I39: =F39/E39 -> 0.64439318 | J39: =H39/G39 -> 1.2944347
A40: 39 | B40: 109 | C40: 258 | D40: =INDEX(楼层配置!$D$5:$D$104,MATCH(A40,楼层配置!$B$5:$B$104,0)) -> 156 | E40: 14.340758 | F40: =SUMIF(TeamHero生成!$K$5:$K$504,A40,TeamHero生成!$AH$5:$AH$504)/496512.167466768 -> 9.2720079 | G40: 12.135992 | H40: =906819.150288173/SUMIF(TeamHero生成!$K$5:$K$504,A40,TeamHero生成!$E$5:$E$504) -> 15.647763 | I40: =F40/E40 -> 0.64654936 | J40: =H40/G40 -> 1.2893682
A41: 40 | B41: 111 | C41: 263 | D41: =INDEX(楼层配置!$D$5:$D$104,MATCH(A41,楼层配置!$B$5:$B$104,0)) -> 160 | E41: 15.361493 | F41: =SUMIF(TeamHero生成!$K$5:$K$504,A41,TeamHero生成!$AH$5:$AH$504)/521398.8462527 -> 9.8240402 | G41: 13.035372 | H41: =941220.710756804/SUMIF(TeamHero生成!$K$5:$K$504,A41,TeamHero生成!$E$5:$E$504) -> 16.900465 | I41: =F41/E41 -> 0.63952377 | J41: =H41/G41 -> 1.2965081
A42: 41 | B42: 114 | C42: 266 | D42: =INDEX(楼层配置!$D$5:$D$104,MATCH(A42,楼层配置!$B$5:$B$104,0)) -> 164 | E42: 15.971136 | F42: =SUMIF(TeamHero生成!$K$5:$K$504,A42,TeamHero生成!$AH$5:$AH$504)/560485.544118464 -> 10.413586 | G42: 13.359524 | H42: =994264.71152202/SUMIF(TeamHero生成!$K$5:$K$504,A42,TeamHero生成!$E$5:$E$504) -> 17.102393 | I42: =F42/E42 -> 0.65202539 | J42: =H42/G42 -> 1.2801649
A43: 42 | B43: 117 | C43: 272 | D43: =INDEX(楼层配置!$D$5:$D$104,MATCH(A43,楼层配置!$B$5:$B$104,0)) -> 167 | E43: 15.243891 | F43: =SUMIF(TeamHero生成!$K$5:$K$504,A43,TeamHero生成!$AH$5:$AH$504)/595222.457060331 -> 9.6926137 | G43: 13.368688 | H43: =1040579.6363749/SUMIF(TeamHero生成!$K$5:$K$504,A43,TeamHero生成!$E$5:$E$504) -> 17.37862 | I43: =F43/E43 -> 0.63583594 | J43: =H43/G43 -> 1.2999496
A44: 43 | B44: 119 | C44: 275 | D44: =INDEX(楼层配置!$D$5:$D$104,MATCH(A44,楼层配置!$B$5:$B$104,0)) -> 171 | E44: 16.261344 | F44: =SUMIF(TeamHero生成!$K$5:$K$504,A44,TeamHero生成!$AH$5:$AH$504)/618477.56011896 -> 10.536951 | G44: 13.446457 | H44: =1071138.05099839/SUMIF(TeamHero生成!$K$5:$K$504,A44,TeamHero生成!$E$5:$E$504) -> 17.266395 | I44: =F44/E44 -> 0.64797543 | J44: =H44/G44 -> 1.284085
A45: 44 | B45: 122 | C45: 279 | D45: =INDEX(楼层配置!$D$5:$D$104,MATCH(A45,楼层配置!$B$5:$B$104,0)) -> 174 | E45: 16.224413 | F45: =SUMIF(TeamHero生成!$K$5:$K$504,A45,TeamHero生成!$AH$5:$AH$504)/654667.477063402 -> 10.554078 | G45: 13.579629 | H45: =1117995.99828373/SUMIF(TeamHero生成!$K$5:$K$504,A45,TeamHero生成!$E$5:$E$504) -> 17.39476 | I45: =F45/E45 -> 0.65050599 | J45: =H45/G45 -> 1.2809452
A46: 45 | B46: 124 | C46: 282 | D46: =INDEX(楼层配置!$D$5:$D$104,MATCH(A46,楼层配置!$B$5:$B$104,0)) -> 178 | E46: 14.399851 | F46: =SUMIF(TeamHero生成!$K$5:$K$504,A46,TeamHero生成!$AH$5:$AH$504)/679690.33242124 -> 9.589387 | G46: 13.115356 | H46: =1149922.97980536/SUMIF(TeamHero生成!$K$5:$K$504,A46,TeamHero生成!$E$5:$E$504) -> 16.602988 | I46: =F46/E46 -> 0.66593652 | J46: =H46/G46 -> 1.2659198
A47: 46 | B47: 127 | C47: 286 | D47: =INDEX(楼层配置!$D$5:$D$104,MATCH(A47,楼层配置!$B$5:$B$104,0)) -> 182 | E47: 16.199168 | F47: =SUMIF(TeamHero生成!$K$5:$K$504,A47,TeamHero生成!$AH$5:$AH$504)/718612.390671179 -> 10.811184 | G47: 14.249167 | H47: =1198860.00494108/SUMIF(TeamHero生成!$K$5:$K$504,A47,TeamHero生成!$E$5:$E$504) -> 17.984699 | I47: =F47/E47 -> 0.66739127 | J47: =H47/G47 -> 1.2621579
A48: 47 | B48: 130 | C48: 289 | D48: =INDEX(楼层配置!$D$5:$D$104,MATCH(A48,楼层配置!$B$5:$B$104,0)) -> 185 | E48: 14.332298 | F48: =SUMIF(TeamHero生成!$K$5:$K$504,A48,TeamHero生成!$AH$5:$AH$504)/757968.357025353 -> 9.6225458 | G48: 13.333081 | H48: =1247521.37459488/SUMIF(TeamHero生成!$K$5:$K$504,A48,TeamHero生成!$E$5:$E$504) -> 16.793266 | I48: =F48/E48 -> 0.67138888 | J48: =H48/G48 -> 1.2595188
A49: 48 | B49: 132 | C49: 291 | D49: =INDEX(楼层配置!$D$5:$D$104,MATCH(A49,楼层配置!$B$5:$B$104,0)) -> 189 | E49: 15.163641 | F49: =SUMIF(TeamHero生成!$K$5:$K$504,A49,TeamHero生成!$AH$5:$AH$504)/781156.424338479 -> 10.517779 | G49: 13.927499 | H49: =1275891.98519871/SUMIF(TeamHero生成!$K$5:$K$504,A49,TeamHero生成!$E$5:$E$504) -> 17.20041 | I49: =F49/E49 -> 0.69361829 | J49: =H49/G49 -> 1.2349963
A50: 49 | B50: 135 | C50: 295 | D50: =INDEX(楼层配置!$D$5:$D$104,MATCH(A50,楼层配置!$B$5:$B$104,0)) -> 192 | E50: 17.358191 | F50: =SUMIF(TeamHero生成!$K$5:$K$504,A50,TeamHero生成!$AH$5:$AH$504)/816982.952001487 -> 11.864445 | G50: 13.935647 | H50: =1319205.62267016/SUMIF(TeamHero生成!$K$5:$K$504,A50,TeamHero生成!$E$5:$E$504) -> 17.325142 | I50: =F50/E50 -> 0.68350697 | J50: =H50/G50 -> 1.2432248
A51: 50 | B51: 138 | C51: 299 | D51: =INDEX(楼层配置!$D$5:$D$104,MATCH(A51,楼层配置!$B$5:$B$104,0)) -> 196 | E51: 15.475707 | F51: =SUMIF(TeamHero生成!$K$5:$K$504,A51,TeamHero生成!$AH$5:$AH$504)/854095.555061231 -> 10.809864 | G51: 13.920266 | H51: =1363438.78560669/SUMIF(TeamHero生成!$K$5:$K$504,A51,TeamHero生成!$E$5:$E$504) -> 17.120455 | I51: =F51/E51 -> 0.69850531 | J51: =H51/G51 -> 1.2298943
A52: 51 | B52: 140 | C52: 301 | D52: =INDEX(楼层配置!$D$5:$D$104,MATCH(A52,楼层配置!$B$5:$B$104,0)) -> 198 | E52: 13.685629 | F52: =SUMIF(TeamHero生成!$K$5:$K$504,A52,TeamHero生成!$AH$5:$AH$504)/879570.325884401 -> 9.6017087 | G52: 12.962245 | H52: =1393444.13795911/SUMIF(TeamHero生成!$K$5:$K$504,A52,TeamHero生成!$E$5:$E$504) -> 15.924166 | I52: =F52/E52 -> 0.70159058 | J52: =H52/G52 -> 1.2285037
A53: 52 | B53: 143 | C53: 303 | D53: =INDEX(楼层配置!$D$5:$D$104,MATCH(A53,楼层配置!$B$5:$B$104,0)) -> 201 | E53: 14.458286 | F53: =SUMIF(TeamHero生成!$K$5:$K$504,A53,TeamHero生成!$AH$5:$AH$504)/918910.439902437 -> 10.159448 | G53: 13.57193 | H53: =1439235.67570824/SUMIF(TeamHero生成!$K$5:$K$504,A53,TeamHero生成!$E$5:$E$504) -> 16.644143 | I53: =F53/E53 -> 0.70267304 | J53: =H53/G53 -> 1.2263652
A54: 53 | B54: 146 | C54: 306 | D54: =INDEX(楼层配置!$D$5:$D$104,MATCH(A54,楼层配置!$B$5:$B$104,0)) -> 203 | E54: 14.525337 | F54: =SUMIF(TeamHero生成!$K$5:$K$504,A54,TeamHero生成!$AH$5:$AH$504)/956281.237189549 -> 10.081771 | G54: 13.592099 | H54: =1482216.44272426/SUMIF(TeamHero生成!$K$5:$K$504,A54,TeamHero生成!$E$5:$E$504) -> 16.788995 | I54: =F54/E54 -> 0.69408171 | J54: =H54/G54 -> 1.2352025
A55: 54 | B55: 148 | C55: 308 | D55: =INDEX(楼层配置!$D$5:$D$104,MATCH(A55,楼层配置!$B$5:$B$104,0)) -> 205 | E55: 14.583698 | F55: =SUMIF(TeamHero生成!$K$5:$K$504,A55,TeamHero生成!$AH$5:$AH$504)/979708.960954923 -> 10.141712 | G55: 13.595977 | H55: =1508928.7098391/SUMIF(TeamHero生成!$K$5:$K$504,A55,TeamHero生成!$E$5:$E$504) -> 16.774821 | I55: =F55/E55 -> 0.69541431 | J55: =H55/G55 -> 1.2338077
A56: 55 | B56: 151 | C56: 310 | D56: =INDEX(楼层配置!$D$5:$D$104,MATCH(A56,楼层配置!$B$5:$B$104,0)) -> 208 | E56: 15.426877 | F56: =SUMIF(TeamHero生成!$K$5:$K$504,A56,TeamHero生成!$AH$5:$AH$504)/1015710.9736488 -> 10.897659 | G56: 14.20333 | H56: =1549578.77981835/SUMIF(TeamHero生成!$K$5:$K$504,A56,TeamHero生成!$E$5:$E$504) -> 17.353478 | I56: =F56/E56 -> 0.70640736 | J56: =H56/G56 -> 1.2217894
A57: 56 | B57: 154 | C57: 312 | D57: =INDEX(楼层配置!$D$5:$D$104,MATCH(A57,楼层配置!$B$5:$B$104,0)) -> 210 | E57: 14.488808 | F57: =SUMIF(TeamHero生成!$K$5:$K$504,A57,TeamHero生成!$AH$5:$AH$504)/1052767.57141103 -> 10.122809 | G57: 13.742693 | H57: =1590933.45242591/SUMIF(TeamHero生成!$K$5:$K$504,A57,TeamHero生成!$E$5:$E$504) -> 16.908994 | I57: =F57/E57 -> 0.69866403 | J57: =H57/G57 -> 1.2303989
A58: 57 | B58: 156 | C58: 314 | D58: =INDEX(楼层配置!$D$5:$D$104,MATCH(A58,楼层配置!$B$5:$B$104,0)) -> 212 | E58: 13.678441 | F58: =SUMIF(TeamHero生成!$K$5:$K$504,A58,TeamHero生成!$AH$5:$AH$504)/1078070.30486749 -> 9.586216 | G58: 13.227958 | H58: =1618898.36300138/SUMIF(TeamHero生成!$K$5:$K$504,A58,TeamHero生成!$E$5:$E$504) -> 16.258407 | I58: =F58/E58 -> 0.70082666 | J58: =H58/G58 -> 1.2290942
A59: 58 | B59: 159 | C59: 316 | D59: =INDEX(楼层配置!$D$5:$D$104,MATCH(A59,楼层配置!$B$5:$B$104,0)) -> 214 | E59: 13.676246 | F59: =SUMIF(TeamHero生成!$K$5:$K$504,A59,TeamHero生成!$AH$5:$AH$504)/1116940.90910979 -> 9.6020974 | G59: 13.267856 | H59: =1661443.97388784/SUMIF(TeamHero生成!$K$5:$K$504,A59,TeamHero生成!$E$5:$E$504) -> 16.290902 | I59: =F59/E59 -> 0.70210036 | J59: =H59/G59 -> 1.2278474
A60: 59 | B60: 162 | C60: 318 | D60: =INDEX(楼层配置!$D$5:$D$104,MATCH(A60,楼层配置!$B$5:$B$104,0)) -> 217 | E60: 14.60354 | F60: =SUMIF(TeamHero生成!$K$5:$K$504,A60,TeamHero生成!$AH$5:$AH$504)/1152022.39224361 -> 10.2672 | G60: 13.787025 | H60: =1699526.14481933/SUMIF(TeamHero生成!$K$5:$K$504,A60,TeamHero生成!$E$5:$E$504) -> 16.902635 | I60: =F60/E60 -> 0.70306239 | J60: =H60/G60 -> 1.2259813
A61: 60 | B61: 165 | C61: 321 | D61: =INDEX(楼层配置!$D$5:$D$104,MATCH(A61,楼层配置!$B$5:$B$104,0)) -> 219 | E61: 15.729472 | F61: =SUMIF(TeamHero生成!$K$5:$K$504,A61,TeamHero生成!$AH$5:$AH$504)/1187088.1298715 -> 10.915972 | G61: 14.240099 | H61: =1737234.08803905/SUMIF(TeamHero生成!$K$5:$K$504,A61,TeamHero生成!$E$5:$E$504) -> 17.578715 | I61: =F61/E61 -> 0.69398207 | J61: =H61/G61 -> 1.2344517
A62: 61 | B62: 167 | C62: 322 | D62: =INDEX(楼层配置!$D$5:$D$104,MATCH(A62,楼层配置!$B$5:$B$104,0)) -> 221 | E62: 13.857142 | F62: =SUMIF(TeamHero生成!$K$5:$K$504,A62,TeamHero生成!$AH$5:$AH$504)/1210942.50611328 -> 9.7884298 | G62: 13.255019 | H62: =1762677.83028673/SUMIF(TeamHero生成!$K$5:$K$504,A62,TeamHero生成!$E$5:$E$504) -> 16.218822 | I62: =F62/E62 -> 0.7063816 | J62: =H62/G62 -> 1.2235985
A63: 62 | B63: 170 | C63: 324 | D63: =INDEX(楼层配置!$D$5:$D$104,MATCH(A63,楼层配置!$B$5:$B$104,0)) -> 223 | E63: 13.915429 | F63: =SUMIF(TeamHero生成!$K$5:$K$504,A63,TeamHero生成!$AH$5:$AH$504)/1247452.69867163 -> 9.7149942 | G63: 13.25168 | H63: =1801304.81588891/SUMIF(TeamHero生成!$K$5:$K$504,A63,TeamHero生成!$E$5:$E$504) -> 16.326815 | I63: =F63/E63 -> 0.69814548 | J63: =H63/G63 -> 1.2320562
A64: 63 | B64: 173 | C64: 326 | D64: =INDEX(楼层配置!$D$5:$D$104,MATCH(A64,楼层配置!$B$5:$B$104,0)) -> 225 | E64: 14.92369 | F64: =SUMIF(TeamHero生成!$K$5:$K$504,A64,TeamHero生成!$AH$5:$AH$504)/1284852.82874669 -> 10.285374 | G64: 13.728815 | H64: =1840489.9100475/SUMIF(TeamHero生成!$K$5:$K$504,A64,TeamHero生成!$E$5:$E$504) -> 17.029117 | I64: =F64/E64 -> 0.68919777 | J64: =H64/G64 -> 1.2403923
A65: 64 | B65: 176 | C65: 328 | D65: =INDEX(楼层配置!$D$5:$D$104,MATCH(A65,楼层配置!$B$5:$B$104,0)) -> 227 | E65: 14.074174 | F65: =SUMIF(TeamHero生成!$K$5:$K$504,A65,TeamHero生成!$AH$5:$AH$504)/1320619.49238057 -> 9.7297911 | G65: 13.215838 | H65: =1877665.20238618/SUMIF(TeamHero生成!$K$5:$K$504,A65,TeamHero生成!$E$5:$E$504) -> 16.377368 | I65: =F65/E65 -> 0.69132235 | J65: =H65/G65 -> 1.2392228
A66: 65 | B66: 178 | C66: 329 | D66: =INDEX(楼层配置!$D$5:$D$104,MATCH(A66,楼层配置!$B$5:$B$104,0)) -> 229 | E66: 15.975399 | F66: =SUMIF(TeamHero生成!$K$5:$K$504,A66,TeamHero生成!$AH$5:$AH$504)/1343291.09127086 -> 11.036647 | G66: 14.241586 | H66: =1901092.48870919/SUMIF(TeamHero生成!$K$5:$K$504,A66,TeamHero生成!$E$5:$E$504) -> 17.63095 | I66: =F66/E66 -> 0.69085269 | J66: =H66/G66 -> 1.2379906
A67: 66 | B67: 181 | C67: 330 | D67: =INDEX(楼层配置!$D$5:$D$104,MATCH(A67,楼层配置!$B$5:$B$104,0)) -> 230 | E67: 14.0398 | F67: =SUMIF(TeamHero生成!$K$5:$K$504,A67,TeamHero生成!$AH$5:$AH$504)/1377894.31762429 -> 9.7313451 | G67: 13.272956 | H67: =1936600.79811507/SUMIF(TeamHero生成!$K$5:$K$504,A67,TeamHero生成!$E$5:$E$504) -> 16.423284 | I67: =F67/E67 -> 0.69312562 | J67: =H67/G67 -> 1.2373494
A68: 67 | B68: 184 | C68: 332 | D68: =INDEX(楼层配置!$D$5:$D$104,MATCH(A68,楼层配置!$B$5:$B$104,0)) -> 232 | E68: 14.158179 | F68: =SUMIF(TeamHero生成!$K$5:$K$504,A68,TeamHero生成!$AH$5:$AH$504)/1413223.5244238 -> 9.7026512 | G68: 13.228003 | H68: =1972553.08707658/SUMIF(TeamHero生成!$K$5:$K$504,A68,TeamHero生成!$E$5:$E$504) -> 16.478452 | I68: =F68/E68 -> 0.68530363 | J68: =H68/G68 -> 1.2457248
A69: 68 | B69: 187 | C69: 333 | D69: =INDEX(楼层配置!$D$5:$D$104,MATCH(A69,楼层配置!$B$5:$B$104,0)) -> 234 | E69: 15.082916 | F69: =SUMIF(TeamHero生成!$K$5:$K$504,A69,TeamHero生成!$AH$5:$AH$504)/1449291.22560258 -> 10.340685 | G69: 13.752172 | H69: =2008952.8834097/SUMIF(TeamHero生成!$K$5:$K$504,A69,TeamHero生成!$E$5:$E$504) -> 17.114367 | I69: =F69/E69 -> 0.68558925 | J69: =H69/G69 -> 1.2444847
A70: 69 | B70: 190 | C70: 335 | D70: =INDEX(楼层配置!$D$5:$D$104,MATCH(A70,楼层配置!$B$5:$B$104,0)) -> 236 | E70: 15.233008 | F70: =SUMIF(TeamHero生成!$K$5:$K$504,A70,TeamHero生成!$AH$5:$AH$504)/1485358.61627873 -> 10.326999 | G70: 13.690972 | H70: =2045070.07669523/SUMIF(TeamHero生成!$K$5:$K$504,A70,TeamHero生成!$E$5:$E$504) -> 17.151304 | I70: =F70/E70 -> 0.67793567 | J70: =H70/G70 -> 1.2527456
A71: 70 | B71: 192 | C71: 337 | D71: =INDEX(楼层配置!$D$5:$D$104,MATCH(A71,楼层配置!$B$5:$B$104,0)) -> 238 | E71: 15.451034 | F71: =SUMIF(TeamHero生成!$K$5:$K$504,A71,TeamHero生成!$AH$5:$AH$504)/1507516.52441406 -> 10.493278 | G71: 13.587563 | H71: =2067160.09543407/SUMIF(TeamHero生成!$K$5:$K$504,A71,TeamHero生成!$E$5:$E$504) -> 17.004706 | I71: =F71/E71 -> 0.67913111 | J71: =H71/G71 -> 1.2514905
A72: 71 | B72: 195 | C72: 337 | D72: =INDEX(楼层配置!$D$5:$D$104,MATCH(A72,楼层配置!$B$5:$B$104,0)) -> 240 | E72: 14.321368 | F72: =SUMIF(TeamHero生成!$K$5:$K$504,A72,TeamHero生成!$AH$5:$AH$504)/1541262.7954477 -> 9.8822669 | G72: 13.202785 | H72: =2100599.36629256/SUMIF(TeamHero生成!$K$5:$K$504,A72,TeamHero生成!$E$5:$E$504) -> 16.384436 | I72: =F72/E72 -> 0.6900365 | J72: =H72/G72 -> 1.2409834
A73: 72 | B73: 198 | C73: 338 | D73: =INDEX(楼层配置!$D$5:$D$104,MATCH(A73,楼层配置!$B$5:$B$104,0)) -> 241 | E73: 14.331086 | F73: =SUMIF(TeamHero生成!$K$5:$K$504,A73,TeamHero生成!$AH$5:$AH$504)/1575628.58867343 -> 9.7712455 | G73: 13.21289 | H73: =2134406.03349888/SUMIF(TeamHero生成!$K$5:$K$504,A73,TeamHero生成!$E$5:$E$504) -> 16.512374 | I73: =F73/E73 -> 0.68182171 | J73: =H73/G73 -> 1.2497171
A74: 73 | B74: 201 | C74: 340 | D74: =INDEX(楼层配置!$D$5:$D$104,MATCH(A74,楼层配置!$B$5:$B$104,0)) -> 243 | E74: 14.504615 | F74: =SUMIF(TeamHero生成!$K$5:$K$504,A74,TeamHero生成!$AH$5:$AH$504)/1610623.26580152 -> 9.906592 | G74: 13.132485 | H74: =2168582.69940515/SUMIF(TeamHero生成!$K$5:$K$504,A74,TeamHero生成!$E$5:$E$504) -> 16.396733 | I74: =F74/E74 -> 0.68299585 | J74: =H74/G74 -> 1.2485628
A75: 74 | B75: 204 | C75: 341 | D75: =INDEX(楼层配置!$D$5:$D$104,MATCH(A75,楼层配置!$B$5:$B$104,0)) -> 245 | E75: 14.530548 | F75: =SUMIF(TeamHero生成!$K$5:$K$504,A75,TeamHero生成!$AH$5:$AH$504)/1646256.29979071 -> 9.9411808 | G75: 13.131342 | H75: =2203131.97638232/SUMIF(TeamHero生成!$K$5:$K$504,A75,TeamHero生成!$E$5:$E$504) -> 16.380894 | I75: =F75/E75 -> 0.68415733 | J75: =H75/G75 -> 1.2474653
A76: 75 | B76: 206 | C76: 342 | D76: =INDEX(楼层配置!$D$5:$D$104,MATCH(A76,楼层配置!$B$5:$B$104,0)) -> 247 | E76: 15.590473 | F76: =SUMIF(TeamHero生成!$K$5:$K$504,A76,TeamHero生成!$AH$5:$AH$504)/1668578.0509932 -> 10.670341 | G76: 13.585296 | H76: =2224682.36762306/SUMIF(TeamHero生成!$K$5:$K$504,A76,TeamHero生成!$E$5:$E$504) -> 16.932287 | I76: =F76/E76 -> 0.68441423 | J76: =H76/G76 -> 1.2463687
A77: 76 | B77: 209 | C77: 343 | D77: =INDEX(楼层配置!$D$5:$D$104,MATCH(A77,楼层配置!$B$5:$B$104,0)) -> 248 | E77: 14.642573 | F77: =SUMIF(TeamHero生成!$K$5:$K$504,A77,TeamHero生成!$AH$5:$AH$504)/1701720.97311869 -> 10.04271 | G77: 13.09135 | H77: =2256520.78005421/SUMIF(TeamHero生成!$K$5:$K$504,A77,TeamHero生成!$E$5:$E$504) -> 16.30929 | I77: =F77/E77 -> 0.68585693 | J77: =H77/G77 -> 1.2458066
A78: 77 | B78: 212 | C78: 345 | D78: =INDEX(楼层配置!$D$5:$D$104,MATCH(A78,楼层配置!$B$5:$B$104,0)) -> 250 | E78: 14.845149 | F78: =SUMIF(TeamHero生成!$K$5:$K$504,A78,TeamHero生成!$AH$5:$AH$504)/1735406.79547979 -> 10.07155 | G78: 12.994908 | H78: =2288672.45723771/SUMIF(TeamHero生成!$K$5:$K$504,A78,TeamHero生成!$E$5:$E$504) -> 16.293775 | I78: =F78/E78 -> 0.67844047 | J78: =H78/G78 -> 1.2538584
A79: 78 | B79: 215 | C79: 346 | D79: =INDEX(楼层配置!$D$5:$D$104,MATCH(A79,楼层配置!$B$5:$B$104,0)) -> 252 | E79: 14.896725 | F79: =SUMIF(TeamHero生成!$K$5:$K$504,A79,TeamHero生成!$AH$5:$AH$504)/1769642.84950686 -> 10.123632 | G79: 12.977838 | H79: =2321139.40966373/SUMIF(TeamHero生成!$K$5:$K$504,A79,TeamHero生成!$E$5:$E$504) -> 16.257665 | I79: =F79/E79 -> 0.67958773 | J79: =H79/G79 -> 1.2527252
A80: 79 | B80: 218 | C80: 347 | D80: =INDEX(楼层配置!$D$5:$D$104,MATCH(A80,楼层配置!$B$5:$B$104,0)) -> 253 | E80: 14.954766 | F80: =SUMIF(TeamHero生成!$K$5:$K$504,A80,TeamHero生成!$AH$5:$AH$504)/1804436.54462738 -> 10.045699 | G80: 12.957197 | H80: =2353923.65493713/SUMIF(TeamHero生成!$K$5:$K$504,A80,TeamHero生成!$E$5:$E$504) -> 16.34306 | I80: =F80/E80 -> 0.67173893 | J80: =H80/G80 -> 1.2613114
A81: 80 | B81: 221 | C81: 349 | D81: =INDEX(楼层配置!$D$5:$D$104,MATCH(A81,楼层配置!$B$5:$B$104,0)) -> 255 | E81: 17.236524 | F81: =SUMIF(TeamHero生成!$K$5:$K$504,A81,TeamHero生成!$AH$5:$AH$504)/1838313.5717264 -> 11.426412 | G81: 13.839086 | H81: =2385668.99803777/SUMIF(TeamHero生成!$K$5:$K$504,A81,TeamHero生成!$E$5:$E$504) -> 17.566484 | I81: =F81/E81 -> 0.66291859 | J81: =H81/G81 -> 1.2693384
A82: 81 | B82: 224 | C82: 350 | D82: =INDEX(楼层配置!$D$5:$D$104,MATCH(A82,楼层配置!$B$5:$B$104,0)) -> 256 | E82: 15.248252 | F82: =SUMIF(TeamHero生成!$K$5:$K$504,A82,TeamHero生成!$AH$5:$AH$504)/1871297.81959147 -> 10.019038 | G82: 12.823326 | H82: =2416416.55904012/SUMIF(TeamHero生成!$K$5:$K$504,A82,TeamHero生成!$E$5:$E$504) -> 16.387151 | I82: =F82/E82 -> 0.65706144 | J82: =H82/G82 -> 1.2779174
A83: 82 | B83: 226 | C83: 351 | D83: =INDEX(楼层配置!$D$5:$D$104,MATCH(A83,楼层配置!$B$5:$B$104,0)) -> 258 | E83: 15.351853 | F83: =SUMIF(TeamHero生成!$K$5:$K$504,A83,TeamHero生成!$AH$5:$AH$504)/1893559.36803585 -> 10.229856 | G83: 12.776012 | H83: =2437067.78239047/SUMIF(TeamHero生成!$K$5:$K$504,A83,TeamHero生成!$E$5:$E$504) -> 16.194217 | I83: =F83/E83 -> 0.66635971 | J83: =H83/G83 -> 1.2675487
A84: 83 | B84: 229 | C84: 352 | D84: =INDEX(楼层配置!$D$5:$D$104,MATCH(A84,楼层配置!$B$5:$B$104,0)) -> 259 | E84: 15.430524 | F84: =SUMIF(TeamHero生成!$K$5:$K$504,A84,TeamHero生成!$AH$5:$AH$504)/1927364.21561704 -> 10.166037 | G84: 12.74411 | H84: =2468275.09320939/SUMIF(TeamHero生成!$K$5:$K$504,A84,TeamHero生成!$E$5:$E$504) -> 16.263797 | I84: =F84/E84 -> 0.65882644 | J84: =H84/G84 -> 1.2761814
A85: 84 | B85: 232 | C85: 353 | D85: =INDEX(楼层配置!$D$5:$D$104,MATCH(A85,楼层配置!$B$5:$B$104,0)) -> 260 | E85: 15.514361 | F85: =SUMIF(TeamHero生成!$K$5:$K$504,A85,TeamHero生成!$AH$5:$AH$504)/1961669.48063103 -> 10.106108 | G85: 12.709361 | H85: =2499760.42145522/SUMIF(TeamHero生成!$K$5:$K$504,A85,TeamHero生成!$E$5:$E$504) -> 16.328058 | I85: =F85/E85 -> 0.65140346 | J85: =H85/G85 -> 1.2847269
A86: 85 | B86: 235 | C86: 354 | D86: =INDEX(楼层配置!$D$5:$D$104,MATCH(A86,楼层配置!$B$5:$B$104,0)) -> 262 | E86: 16.663813 | F86: =SUMIF(TeamHero生成!$K$5:$K$504,A86,TeamHero生成!$AH$5:$AH$504)/1996055.27130673 -> 10.859075 | G86: 13.141382 | H86: =2531144.1730032/SUMIF(TeamHero生成!$K$5:$K$504,A86,TeamHero生成!$E$5:$E$504) -> 16.867435 | I86: =F86/E86 -> 0.65165605 | J86: =H86/G86 -> 1.2835359
A87: 86 | B87: 238 | C87: 355 | D87: =INDEX(楼层配置!$D$5:$D$104,MATCH(A87,楼层配置!$B$5:$B$104,0)) -> 263 | E87: 15.696256 | F87: =SUMIF(TeamHero生成!$K$5:$K$504,A87,TeamHero生成!$AH$5:$AH$504)/2028989.08602258 -> 10.128671 | G87: 12.632422 | H87: =2561062.41485281/SUMIF(TeamHero生成!$K$5:$K$504,A87,TeamHero生成!$E$5:$E$504) -> 16.32248 | I87: =F87/E87 -> 0.64529213 | J87: =H87/G87 -> 1.2921101
A88: 87 | B88: 241 | C88: 356 | D88: =INDEX(楼层配置!$D$5:$D$104,MATCH(A88,楼层配置!$B$5:$B$104,0)) -> 264 | E88: 15.794018 | F88: =SUMIF(TeamHero生成!$K$5:$K$504,A88,TeamHero生成!$AH$5:$AH$504)/2062374.78108052 -> 10.07886 | G88: 12.590528 | H88: =2591228.397565/SUMIF(TeamHero生成!$K$5:$K$504,A88,TeamHero生成!$E$5:$E$504) -> 16.37603 | I88: =F88/E88 -> 0.63814414 | J88: =H88/G88 -> 1.3006627
A89: 88 | B89: 244 | C89: 357 | D89: =INDEX(楼层配置!$D$5:$D$104,MATCH(A89,楼层配置!$B$5:$B$104,0)) -> 265 | E89: 15.895946 | F89: =SUMIF(TeamHero生成!$K$5:$K$504,A89,TeamHero生成!$AH$5:$AH$504)/2096217.47952772 -> 10.032274 | G89: 12.546716 | H89: =2621643.48204274/SUMIF(TeamHero生成!$K$5:$K$504,A89,TeamHero生成!$E$5:$E$504) -> 16.426852 | I89: =F89/E89 -> 0.63112154 | J89: =H89/G89 -> 1.3092552
A90: 89 | B90: 247 | C90: 358 | D90: =INDEX(楼层配置!$D$5:$D$104,MATCH(A90,楼层配置!$B$5:$B$104,0)) -> 267 | E90: 16.0019 | F90: =SUMIF(TeamHero生成!$K$5:$K$504,A90,TeamHero生成!$AH$5:$AH$504)/2130522.35028177 -> 10.118074 | G90: 12.50108 | H90: =2652309.03339959/SUMIF(TeamHero生成!$K$5:$K$504,A90,TeamHero生成!$E$5:$E$504) -> 16.351183 | I90: =F90/E90 -> 0.63230456 | J90: =H90/G90 -> 1.3079816
A91: 90 | B91: 250 | C91: 360 | D91: =INDEX(楼层配置!$D$5:$D$104,MATCH(A91,楼层配置!$B$5:$B$104,0)) -> 268 | E91: 17.390497 | F91: =SUMIF(TeamHero生成!$K$5:$K$504,A91,TeamHero生成!$AH$5:$AH$504)/2164947.01594005 -> 10.859437 | G91: 12.832998 | H91: =2682922.27977204/SUMIF(TeamHero生成!$K$5:$K$504,A91,TeamHero生成!$E$5:$E$504) -> 16.895296 | I91: =F91/E91 -> 0.62444662 | J91: =H91/G91 -> 1.316551
A92: 91 | B92: 253 | C92: 361 | D92: =INDEX(楼层配置!$D$5:$D$104,MATCH(A92,楼层配置!$B$5:$B$104,0)) -> 269 | E92: 16.3949 | F92: =SUMIF(TeamHero生成!$K$5:$K$504,A92,TeamHero生成!$AH$5:$AH$504)/2198243.67261001 -> 10.142168 | G92: 12.326023 | H92: =2712396.19073115/SUMIF(TeamHero生成!$K$5:$K$504,A92,TeamHero生成!$E$5:$E$504) -> 16.334324 | I92: =F92/E92 -> 0.61861725 | J92: =H92/G92 -> 1.3251902
A93: 92 | B93: 255 | C93: 361 | D93: =INDEX(楼层配置!$D$5:$D$104,MATCH(A93,楼层配置!$B$5:$B$104,0)) -> 270 | E93: 16.359923 | F93: =SUMIF(TeamHero生成!$K$5:$K$504,A93,TeamHero生成!$AH$5:$AH$504)/2220678.49300332 -> 10.130238 | G93: 12.345081 | H93: =2732172.30996715/SUMIF(TeamHero生成!$K$5:$K$504,A93,TeamHero生成!$E$5:$E$504) -> 16.35111 | I93: =F93/E93 -> 0.6192106 | J93: =H93/G93 -> 1.324504
A94: 93 | B94: 258 | C94: 363 | D94: =INDEX(楼层配置!$D$5:$D$104,MATCH(A94,楼层配置!$B$5:$B$104,0)) -> 272 | E94: 16.651358 | F94: =SUMIF(TeamHero生成!$K$5:$K$504,A94,TeamHero生成!$AH$5:$AH$504)/2254689.64998256 -> 10.209454 | G94: 12.215691 | H94: =2762027.63154784/SUMIF(TeamHero生成!$K$5:$K$504,A94,TeamHero生成!$E$5:$E$504) -> 16.276423 | I94: =F94/E94 -> 0.61313042 | J94: =H94/G94 -> 1.3324193
A95: 94 | B95: 261 | C95: 364 | D95: =INDEX(楼层配置!$D$5:$D$104,MATCH(A95,楼层配置!$B$5:$B$104,0)) -> 273 | E95: 16.775837 | F95: =SUMIF(TeamHero生成!$K$5:$K$504,A95,TeamHero生成!$AH$5:$AH$504)/2289135.57251998 -> 10.175791 | G95: 12.163449 | H95: =2792113.37702394/SUMIF(TeamHero生成!$K$5:$K$504,A95,TeamHero生成!$E$5:$E$504) -> 16.311265 | I95: =F95/E95 -> 0.60657427 | J95: =H95/G95 -> 1.3410065
A96: 95 | B96: 264 | C96: 365 | D96: =INDEX(楼层配置!$D$5:$D$104,MATCH(A96,楼层配置!$B$5:$B$104,0)) -> 274 | E96: 16.903937 | F96: =SUMIF(TeamHero生成!$K$5:$K$504,A96,TeamHero生成!$AH$5:$AH$504)/2324020.85623578 -> 10.144407 | G96: 12.110401 | H96: =2822430.7337781/SUMIF(TeamHero生成!$K$5:$K$504,A96,TeamHero生成!$E$5:$E$504) -> 16.344767 | I96: =F96/E96 -> 0.60012094 | J96: =H96/G96 -> 1.3496471
A97: 96 | B97: 267 | C97: 366 | D97: =INDEX(楼层配置!$D$5:$D$104,MATCH(A97,楼层配置!$B$5:$B$104,0)) -> 275 | E97: 17.035307 | F97: =SUMIF(TeamHero生成!$K$5:$K$504,A97,TeamHero生成!$AH$5:$AH$504)/2358018.03420821 -> 10.115158 | G97: 12.055946 | H97: =2851840.99737293/SUMIF(TeamHero生成!$K$5:$K$504,A97,TeamHero生成!$E$5:$E$504) -> 16.375774 | I97: =F97/E97 -> 0.59377609 | J97: =H97/G97 -> 1.3583151
A98: 97 | B98: 270 | C98: 367 | D98: =INDEX(楼层配置!$D$5:$D$104,MATCH(A98,楼层配置!$B$5:$B$104,0)) -> 276 | E98: 17.169929 | F98: =SUMIF(TeamHero生成!$K$5:$K$504,A98,TeamHero生成!$AH$5:$AH$504)/2392189.15150611 -> 10.08792 | G98: 12.000727 | H98: =2881262.13375399/SUMIF(TeamHero生成!$K$5:$K$504,A98,TeamHero生成!$E$5:$E$504) -> 16.403988 | I98: =F98/E98 -> 0.58753418 | J98: =H98/G98 -> 1.3669162
A99: 98 | B99: 273 | C99: 368 | D99: =INDEX(楼层配置!$D$5:$D$104,MATCH(A99,楼层配置!$B$5:$B$104,0)) -> 278 | E99: 17.307854 | F99: =SUMIF(TeamHero生成!$K$5:$K$504,A99,TeamHero生成!$AH$5:$AH$504)/2426774.48839207 -> 10.189823 | G99: 11.944344 | H99: =2910898.75588501/SUMIF(TeamHero生成!$K$5:$K$504,A99,TeamHero生成!$E$5:$E$504) -> 16.309658 | I99: =F99/E99 -> 0.58873983 | J99: =H99/G99 -> 1.3654712
A100: 99 | B100: 276 | C100: 370 | D100: =INDEX(楼层配置!$D$5:$D$104,MATCH(A100,楼层配置!$B$5:$B$104,0)) -> 279 | E100: 17.627891 | F100: =SUMIF(TeamHero生成!$K$5:$K$504,A100,TeamHero生成!$AH$5:$AH$504)/2461778.19932785 -> 10.15281 | G100: 11.812293 | H100: =2940751.92192427/SUMIF(TeamHero生成!$K$5:$K$504,A100,TeamHero生成!$E$5:$E$504) -> 16.342413 | I100: =F100/E100 -> 0.57595148 | J100: =H100/G100 -> 1.3835089
...

Sheet 难度节点
A1: 关键楼层 | B1: 调前等级 | C1: 当前等级（输入） | D1: 等级变化 | E1: 说明
A2: 1 | B2: 28 | C2: 15 | D2: =C2-B2 -> -13 | E2: 用户指定节点
A3: 10 | B3: 60 | C3: 45 | D3: =C3-B3 -> -15 | E3: 用户指定节点
A4: 20 | B4: 104 | C4: 80 | D4: =C4-B4 -> -24 | E4: 用户指定节点
A5: 30 | B5: 137 | C5: 120 | D5: =C5-B5 -> -17 | E5: 用户指定节点
A6: 40 | B6: 167 | C6: 160 | D6: =C6-B6 -> -7 | E6: 用户指定节点
A7: 50 | B7: 196 | C7: 196 | D7: =C7-B7 -> 0 | E7: 沿用上一版节点
A8: 60 | B8: 219 | C8: 219 | D8: =C8-B8 -> 0 | E8: 沿用上一版节点
A9: 70 | B9: 238 | C9: 238 | D9: =C9-B9 -> 0 | E9: 沿用上一版节点
A10: 80 | B10: 255 | C10: 255 | D10: =C10-B10 -> 0 | E10: 沿用上一版节点
A11: 90 | B11: 268 | C11: 268 | D11: =C11-B11 -> 0 | E11: 沿用上一版节点
A12: 100 | B12: 280 | C12: 280 | D12: =C12-B12 -> 0 | E12: 终点：280级
A13: 110 | B13: 280 | C13: 292 | D13: =C13-B13 -> 12 | E13: 终局荣誉层新增节点 2026-09-20
... A22: 200 | B22: 280 | C22: 500 | D22: =C22-B22 -> 220 | E22: 终局荣誉层新增节点 2026-09-20
A23: 只改C列黄格；相邻节点线性插值。A列关键楼层固定。
A24: 修改后本文件角色属性自动更新；全玩法表须重新同步缓存。

Sheet 爬塔本次调整
A1: 楼层 | B1: 调前等级 | C1: 当前等级 | D1: 等级变化 | E1: 调前击杀秒 | F1: 当前击杀秒 | G1: 调前存活秒 | H1: 当前存活秒 | I1: 敌方EHP变化 | J1: 敌方攻击变化
A2: 1 | B2: 28 | C2: =楼层配置!D5 -> 15 | D2: =C2-B2 -> -13 | E2: 4.7868494 | F2: =统一验算!F2 -> 1.9688363 | G2: 9.7285505 | H2: =统一验算!H2 -> 19.176605 | I2: =F2/E2-1 -> -0.58869892 | J2: =G2/H2-1 -> -0.49268649
A3: 2 | B3: 33 | C3: =楼层配置!D6 -> 18 | D3: =C3-B3 -> -15 | E3: 5.6790817 | F3: =统一验算!F3 -> 2.3281771 | G3: 8.1796042 | H3: =统一验算!H3 -> 15.951706 | I3: =F3/E3-1 -> -0.59004338 | J3: =G3/H3-1 -> -0.48722699
A4: 3 | B4: 37 | C4: =楼层配置!D7 -> 22 | D4: =C4-B4 -> -15 | E4: 7.9396007 | F4: =统一验算!F4 -> 3.5628817 | G4: 9.3345965 | H4: =统一验算!H4 -> 16.700903 | I4: =F4/E4-1 -> -0.55125178 | J4: =G4/H4-1 -> -0.44107233
A5: 4 | B5: 42 | C5: =楼层配置!D8 -> 25 | D5: =C5-B5 -> -17 | E5: 6.5221828 | F5: =统一验算!F5 -> 2.907602 | G5: 7.594593 | H5: =统一验算!H5 -> 13.67951 | I5: =F5/E5-1 -> -0.55419803 | J5: =G5/H5-1 -> -0.44481982
A6: 5 | B6: 46 | C6: =楼层配置!D9 -> 28 | D6: =C6-B6 -> -18 | E6: 8.8483869 | F6: =统一验算!F6 -> 3.9694758 | G6: 7.985252 | H6: =统一验算!H6 -> 14.11529 | I6: =F6/E6-1 -> -0.5513899 | J6: =G6/H6-1 -> -0.43428351
A7: 6 | B7: 49 | C7: =楼层配置!D10 -> 32 | D7: =C7-B7 -> -17 | E7: 8.2254686 | F7: =统一验算!F7 -> 4.0798595 | G7: 7.5954409 | H7: =统一验算!H7 -> 12.464507 | I7: =F7/E7-1 -> -0.50399671 | J7: =G7/H7-1 -> -0.39063446
A8: 7 | B8: 52 | C8: =楼层配置!D11 -> 35 | D8: =C8-B8 -> -17 | E8: 8.7353924 | F8: =统一验算!F8 -> 4.4883233 | G8: 8.0913665 | H8: =统一验算!H8 -> 12.871044 | I8: =F8/E8-1 -> -0.48619099 | J8: =G8/H8-1 -> -0.37135121
A9: 8 | B9: 54 | C9: =楼层配置!D12 -> 38 | D9: =C9-B9 -> -16 | E9: 9.1085571 | F9: =统一验算!F9 -> 4.9802507 | G9: 9.3723577 | H9: =统一验算!H9 -> 14.208895 | I9: =F9/E9-1 -> -0.45323385 | J9: =G9/H9-1 -> -0.34038801
A10: 9 | B10: 57 | C10: =楼层配置!D13 -> 42 | D10: =C10-B10 -> -15 | E10: 8.4771428 | F10: =统一验算!F10 -> 4.9740738 | G10: 8.8452942 | H10: =统一验算!H10 -> 12.750448 | I10: =F10/E10-1 -> -0.413237 | J10: =G10/H10-1 -> -0.30627579
A11: 10 | B11: 60 | C11: =楼层配置!D14 -> 45 | D11: =C11-B11 -> -15 | E11: 7.7951202 | F11: =统一验算!F11 -> 4.6958745 | G11: 8.6638487 | H11: =统一验算!H11 -> 12.272756 | I11: =F11/E11-1 -> -0.39758793 | J11: =G11/H11-1 -> -0.29405841
A12: 11 | B12: 64 | C12: =楼层配置!D15 -> 49 | D12: =C12-B12 -> -15 | E12: 7.8641412 | F12: =统一验算!F12 -> 4.8611319 | G12: 8.8624958 | H12: =统一验算!H12 -> 12.295175 | I12: =F12/E12-1 -> -0.38186106 | J12: =G12/H12-1 -> -0.27918915
A13: 12 | B13: 69 | C13: =楼层配置!D16 -> 52 | D13: =C13-B13 -> -17 | E13: 9.116066 | F13: =统一验算!F13 -> 5.392119 | G13: 9.2382308 | H13: =统一验算!H13 -> 13.127596 | I13: =F13/E13-1 -> -0.40850373 | J13: =G13/H13-1 -> -0.29627401
... A101: 100 | B101: 280 | C101: =楼层配置!D104 -> 280 | D101: =C101-B101 -> 0 | E101: 10.143014 | F101: =统一验算!F101 -> 10.143014 | G101: 16.357715 | H101: =统一验算!H101 -> 16.357715 | I101: =F101/E101-1 -> 2.220446e-15 | J101: =G101/H101-1 -> -2.553513e-15
