Workbook

Sheet 资源定价
B2: 道具备注 | C2: 道具 | D2: 道具id | E2: 道具定价(rmb) | F2: 道具定价(钻石)
A3: 外观道具 | C3: 无 | D3: 0 | E3: 0 | F3: 0
C4: 头像框 | D4: 0 | E4: 0 | F4: 0
C5: 头像 | D5: 0 | E5: 0 | F5: 0
C6: 时装 | D6: 0 | E6: 68 | F6: =E6*10 -> 680
A9: 通用资源 | C9: 体力 | D9: 3 | E9: 0.4 | F9: =E9*10 -> 4
C10: 钻石 | D10: 2 | E10: 0.1 | F10: =E10*10 -> 1
C11: 金币 | D11: 1 | E11: 0.0001 | F11: =E11*10 -> 0.001
C12: 玩家经验 | D12: 4 | E12: 0.04 | F12: =E12*10 -> 0.4
C13: 角色抽卡券普通 | D13: 106 | E13: 15 | F13: =E13*10 -> 150
C14: 专武抽卡券普通 | D14: 107 | E14: 5 | F14: =E14*10 -> 50
C15: 抽卡大代币 | D15: 21 | E15: 1.5 | F15: =E15*10 -> 15
C16: 抽卡小代币 | D16: 22 | E16: 0.15 | F16: =E16*10 -> 1.5
C17: 爬塔代币 | D17: 27 | E17: 0.1 | F17: =E17*10 -> 1
C18: 体力药 | D18: 105 | E18: =E9*60 -> 24 | F18: =F9*60 -> 240
C19: 竞技场代币 | D19: 19 | E19: 1 | F19: =E19*10 -> 10
C20: 角色抽卡券限时 | D20: 111 | E20: 15 | F20: =E20*10 -> 150
C21: 专武抽卡券限时 | D21: 112 | E21: 5 | F21: =E21*10 -> 50
A22: 公会 | C22: 公会个人代币 | D22: 15 | E22: 0.1 | F22: =E22*10 -> 1
C23: 公会集体代币 | D23: 14 | E23: 0.1 | F23: =E23*10 -> 1
A25: 角色升级升阶 | C25: 角色经验 | E25: 0.0001 | F25: =E25*10 -> 0.001
C26: 角色经验低500 | D26: 100 | E26: =E25*500 -> 0.05 | F26: =E26*10 -> 0.5
C27: 角色经验中2000 | D27: 101 | E27: =E25*2000 -> 0.2 | F27: =E27*10 -> 2
C28: 角色经验高10000 | D28: 102 | E28: =E25*10000 -> 1 | F28: =E28*10 -> 10
C30: 角色万能升阶材料 | E30: =E31 -> 0.4 | F30: =E30*10 -> 4
B31: 可能根据职业 分成多个类型 | C31: 角色升阶材料低 | E31: 0.4 | F31: =E31*10 -> 4
C32: 角色升阶材料中 | E32: =E31*3 -> 1.2 | F32: =E32*10 -> 12
C33: 角色升阶材料高 | E33: =E32*3 -> 3.6 | F33: =E33*10 -> 36
C34: 角色升阶材料低攻击 | D34: 1001 | E34: =E31 -> 0.4 | F34: =E34*10 -> 4
C35: 角色升阶材料中攻击 | D35: 1004 | E35: =E32 -> 1.2 | F35: =E35*10 -> 12
C36: 角色升阶材料高攻击 | D36: 1007 | E36: =E33 -> 3.6 | F36: =E36*10 -> 36
C37: 角色升阶材料低防御 | D37: 1002 | E37: =E34 -> 0.4 | F37: =E37*10 -> 4
C38: 角色升阶材料中防御 | D38: 1005 | E38: =E35 -> 1.2 | F38: =E38*10 -> 12
C39: 角色升阶材料高防御 | D39: 1008 | E39: =E36 -> 3.6 | F39: =E39*10 -> 36
C40: 角色升阶材料低辅助 | D40: 1003 | E40: =E37 -> 0.4 | F40: =E40*10 -> 4
C41: 角色升阶材料中辅助 | D41: 1006 | E41: =E38 -> 1.2 | F41: =E41*10 -> 12
C42: 角色升阶材料高辅助 | D42: 1009 | E42: =E39 -> 3.6 | F42: =E42*10 -> 36
C43: SSR角色 | E43: 750 | F43: =E43*10 -> 7500
C44: SR角色 | E44: 50 | F44: =E44*10 -> 500
C45: R角色 | E45: 9 | F45: =E45*10 -> 90
A46: 星盘 | C46: 星盘低级道具自选 | E46: =E50 -> 1 | F46: =E46*10 -> 10
C47: 星盘中级道具自选 | E47: =E51 -> 1.5 | F47: =E47*10 -> 15
C48: 星盘高级道具自选 | E48: =E52 -> 2 | F48: =E48*10 -> 20
C49: 星盘顶级道具自选 | E49: =E53 -> 2.5 | F49: =E49*10 -> 25
C50: 星盘低级道具 | E50: 1 | F50: =E50*10 -> 10
C51: 星盘中级道具 | E51: 1.5 | F51: =E51*10 -> 15
C52: 星盘高级道具 | E52: 2 | F52: =E52*10 -> 20
C53: 星盘顶级道具 | E53: 2.5 | F53: =E53*10 -> 25
C54: 星盘低级道具攻击1 | D54: 1019 | E54: =E50 -> 1 | F54: =E54*10 -> 10
C55: 星盘中级道具攻击1 | D55: 1025 | E55: =E51 -> 1.5 | F55: =E55*10 -> 15
C56: 星盘高级道具攻击1 | D56: 1031 | E56: =E52 -> 2 | F56: =E56*10 -> 20
C57: 星盘顶级道具攻击1 | D57: 1037 | E57: =E53 -> 2.5 | F57: =E57*10 -> 25
C58: 星盘低级道具攻击2 | D58: 1022 | E58: =E54 -> 1 | F58: =E58*10 -> 10
C59: 星盘中级道具攻击2 | D59: 1028 | E59: =E55 -> 1.5 | F59: =E59*10 -> 15
C60: 星盘高级道具攻击2 | D60: 1034 | E60: =E56 -> 2 | F60: =E60*10 -> 20
C61: 星盘顶级道具攻击2 | D61: 1040 | E61: =E57 -> 2.5 | F61: =E61*10 -> 25
C62: 星盘低级道具防御1 | D62: 1020 | E62: =E58 -> 1 | F62: =E62*10 -> 10
C63: 星盘中级道具防御1 | D63: 1026 | E63: =E59 -> 1.5 | F63: =E63*10 -> 15
C64: 星盘高级道具防御1 | D64: 1032 | E64: =E60 -> 2 | F64: =E64*10 -> 20
C65: 星盘顶级道具防御1 | D65: 1038 | E65: =E61 -> 2.5 | F65: =E65*10 -> 25
... C77: 星盘顶级道具辅助2 | D77: 1042 | E77: =E73 -> 2.5 | F77: =E77*10 -> 25
C78: 额外星盘点 | D78: 103 | E78: 50 | F78: =E78*10 -> 500
A79: 专武 | C79: 专武经验 | E79: 5e-05 | F79: =E79*10 -> 0.0005
C80: 专武经验低1000 | D80: 108 | E80: =E79*1000 -> 0.05 | F80: =E80*10 -> 0.5
C81: 专武经验中4000 | D81: 109 | E81: =E79*4000 -> 0.2 | F81: =E81*10 -> 2
C82: 专武经验高20000 | D82: 110 | E82: =E79*20000 -> 1 | F82: =E82*10 -> 10
C84: 专武万能突破材料 | E84: =E85 -> 0.4 | F84: =E84*10 -> 4
B85: 可能根据职业 分成多个类型 | C85: 专武突破材料低 | E85: 0.4 | F85: =E85*10 -> 4
C86: 专武突破材料中 | E86: =E85*3 -> 1.2 | F86: =E86*10 -> 12
C87: 专武突破材料高 | E87: =E86*3 -> 3.6 | F87: =E87*10 -> 36
C88: 专武突破材料低攻击 | D88: 1010 | E88: 0.4 | F88: =E88*10 -> 4
C89: 专武突破材料中攻击 | D89: 1013 | E89: =E88*3 -> 1.2 | F89: =E89*10 -> 12
C90: 专武突破材料高攻击 | D90: 1016 | E90: =E89*3 -> 3.6 | F90: =E90*10 -> 36
C91: 专武突破材料低防御 | D91: 1011 | E91: 0.4 | F91: =E91*10 -> 4
C92: 专武突破材料中防御 | D92: 1014 | E92: =E91*3 -> 1.2 | F92: =E92*10 -> 12
C93: 专武突破材料高防御 | D93: 1017 | E93: =E92*3 -> 3.6 | F93: =E93*10 -> 36
C94: 专武突破材料低辅助 | D94: 1012 | E94: 0.4 | F94: =E94*10 -> 4
C95: 专武突破材料中辅助 | D95: 1015 | E95: =E94*3 -> 1.2 | F95: =E95*10 -> 12
C96: 专武突破材料高辅助 | D96: 1018 | E96: =E95*3 -> 3.6 | F96: =E96*10 -> 36
C97: SSR专武 | E97: 500 | F97: =E97*10 -> 5000
C98: SR专武 | E98: 50 | F98: =E98*10 -> 500
C99: R专武 | E99: 13 | F99: =E99*10 -> 130
A100: 共鸣（已经废弃） | C100: 装备经验 | E100: 0.001 | F100: =E100*10 -> 0.01
C101: SSR装备 | E101: 150 | F101: =E101*10 -> 1500
C102: SSR装备随机 | E102: 150 | F102: =E102*10 -> 1500
C103: SSR装备自选 | E103: 200 | F103: =E103*10 -> 2000
C104: SR装备 | E104: 30 | F104: =E104*10 -> 300
C105: R装备 | E105: 5 | F105: =E105*10 -> 50
C106: SSR装备突破材料 | E106: =E101*1.5 -> 225 | F106: =E106*10 -> 2250
C107: SR装备突破材料 | E107: =E104*1.5 -> 45 | F107: =E107*10 -> 450
C108: R装备突破材料 | E108: =E105*1.5 -> 7.5 | F108: =E108*10 -> 75
C109: 收容物高级材料 | E109: 4 | F109: =E109*10 -> 40
C110: 收容物低级材料 | E110: 1 | F110: =E110*10 -> 10
A111: 旅券 | C111: 旅券经验 | D111: 6 | E111: 0.001 | F111: =E111*10 -> 0.01
C112: 红旅券 | E112: 50 | F112: =E112*10 -> 500
C113: 金旅券 | E113: 10 | F113: =E113*10 -> 100
C114: 紫旅券 | E114: 5 | F114: =E114*10 -> 50
C115: 蓝旅券 | E115: 2 | F115: =E115*10 -> 20
C116: 邮票体力 | E116: 1 | F116: =E116*10 -> 10
C117: 攻略笔记Ⅰ | D117: 34 | E117: 1 | F117: =E117*10 -> 10
...
