Workbook

Sheet 战斗属性
B2: 属性类别 | C2: 具体属性 | D2: 属性说明 | E2: 数据类型 | F2: 默认值 | G2: 展示位置 | H2: 备注
B3: 基础属性 | C3: 生命 | D3: 角色生命值，生命值为0角色死亡 | E3: int | F3: 0 | G3: 基础属性 | H3: 分为裸体属性和额外属性，裸体属性只包含角色基础、角色升级、角色能效
C4: 攻击 | D4: 影响战斗中角色物理伤害 | E4: int | F4: 0 | G4: 基础属性 | H4: 分为裸体属性和额外属性，裸体属性只包含角色基础、角色升级、角色能效
C5: 攻击 | D5: 影响战斗中角色魔法伤害 | E5: int | F5: 0 | G5: 基础属性 | H5: 分为裸体属性和额外属性，裸体属性只包含角色基础、角色升级、角色能效
C6: 防御力 | D6: 影响战斗中减伤效果 | E6: int | F6: 0 | G6: 基础属性 | H6: 分为裸体属性和额外属性，裸体属性只包含角色基础、角色升级、角色能效
B8: 战斗属性 | C8: 能量上限 | D8: 能量值上限，能量达到上限角色即可释放必杀技 | E8: int | F8: 100 | G8: 建议展示在必杀技能中 | H8: 达到该值时，角色可以释放必杀，建议配置在角色表
C9: 能量初始值 | D9: 角色进入战斗时初始的能量值 | E9: int | F9: 0 | G9: 建议展示在必杀技能中 | H9: 角色进入战斗时初始的能量值，建议配置在角色表
C10: 能量回复速度 | D10: 角色每秒获取的能量值 | E10: float | F10: 2.5 | G10: 进阶属性 | H10: 每秒能量的回复值
C11: 暴击 | D11: 影响战斗中造成暴击的概率 | E11: float | F11: 0.05 | G11: 进阶属性
C12: 暴击伤害 | D12: 影响战斗中造成暴击的伤害倍数 | E12: float | F12: 2 | G12: 进阶属性
C13: 闪避 | D13: 降低战斗中受到伤害的概率 | E13: float | F13: 0 | G13: 进阶属性 | H13: 暂时只在角色技能和被动中投放
C14: 命中 | D14: 影响战斗中造成伤害的概率 | E14: float | F14: 1 | G14: 进阶属性 | H14: 暂时只在角色技能和被动中投放
C15: 效果命中 | D15: 提高战斗中负面效果命中概率，暂时不使用，可以忽略 | E15: float | F15: 0 | G15: 进阶属性
C16: 效果抵抗 | D16: 降低战斗中负面效果命中概率，暂时不使用，可以忽略 | E16: float | F16: 0 | G16: 进阶属性
C17: 无视防御 | D17: 降低战斗中对方的防御效果 | E17: float | F17: 0 | G17: 面板不显示 | H17: 最多100%
C18: 普攻攻击速度 | D18: 影响战斗中角色每秒发射的普攻，例如3点攻速代表1秒发射3次普攻 | E18: float | F18: 每个角色不同 | G18: 进阶属性 | H18: 英雄普攻1秒进行打X个子弹，计算方式为x*(1+攻速加成%)=最终攻速 例如该角色1s释放2次普攻，攻击速度加成为100%，则该角色显示的攻速为4 另外建议每个角色的攻击速度单独配置在角色表中
C19: 伤害加成 | D19: 增加战斗中造成的伤害（所有的伤害加成属于同一乘区） | E19: float | F19: 0 | G19: 面板不显示 | H19: 暂时只在角色技能和被动中投放
C20: 物理伤害加成 | D20: 增加战斗中造成的物理伤害 | E20: float | F20: 0 | G20: 面板不显示 | H20: 暂时只在角色技能和被动中投放
C21: 魔法伤害加成 | D21: 增加战斗中造成的魔法伤害 | E21: float | F21: 0 | G21: 面板不显示 | H21: 暂时只在角色技能和被动中投放
C22: 普攻伤害加成 | D22: 增加战斗中普攻造成的伤害 | E22: float | F22: 0 | G22: 面板显示
C23: 技能伤害加成 | D23: 增加战斗中技能造成的伤害 | E23: float | F23: 0 | G23: 面板显示
C24: 必杀伤害加成 | D24: 增加战斗中必杀造成的伤害 | E24: float | F24: 0 | G24: 面板显示
C25: 单体伤害加成 | D25: 增加战斗中穿单体果造成的伤害 | E25: float | F25: 0 | G25: 面板显示
C26: 穿透伤害加成 | D26: 增加战斗中穿透效果造成的伤害 | E26: float | F26: 0 | G26: 面板显示
C27: 范围伤害加成 | D27: 增加战斗中范围效果造成的伤害 | E27: float | F27: 0 | G27: 面板显示
C28: 持续伤害加成 | D28: 增加战斗中持续效果造成的伤害（包括流血、灼烧、中毒） | E28: float | F28: 0 | G28: 面板显示
C29: 流血伤害加成 | D29: 增加战斗中流血效果造成的伤害 | E29: float | F29: 0 | G29: 面板不显示
C30: 灼烧伤害加成 | D30: 增加战斗中持续效果造成的伤害 | E30: float | F30: 0 | G30: 面板不显示
C31: 中毒伤害加成 | D31: 增加战斗中持续效果造成的伤害 | E31: float | F31: 0 | G31: 面板不显示
C32: 伤害减免 | D32: 减免战斗中造成的伤害 | E32: float | F32: 0 | G32: 面板不显示
C33: 治疗加成 | D33: 治疗时，调整治疗值 | E33: float | F33: 0 | G33: 面板不显示
... C35: 受治疗加成 | D35: 受到治疗时，调整治疗值 | E35: float | F35: 0 | G35: 面板不显示
C36: 施加护盾加成 | D36: 战斗中释放护盾时，数值加成 | E36: float | F36: 0 | G36: 面板不显示 | H36: 暂时只在角色技能和被动中投放
C37: 受到护盾加成 | D37: 战斗中受到护盾时，数值加成 | E37: float | F37: 0 | G37: 面板不显示 | H37: 暂时只在角色技能和被动中投放
C38: 释放盾牌加成 | D38: 战斗中释放护盾时，盾牌生命数值加成 | E38: float | F38: 0 | G38: 面板不显示 | H38: 暂时只在角色技能和被动中投放
C39: 格挡 | D39: 受到伤害时，触发格挡的概率 | E39: float | F39: 0 | G39: 面板不显示 | H39: 暂时只在角色技能和被动中投放
C40: 格挡强度 | D40: 触发格挡时，受到的最终伤害 | E40: float | F40: 0 | G40: 面板不显示 | H40: 暂时只在角色技能和被动中投放
C41: 破击 | D41: 降低敌方触发格挡的概率 | E41: float | F41: 0 | G41: 面板不显示 | H41: 暂时只在角色技能和被动中投放
C42: 冷却缩减 | D42: 释放技能的冷却缩减 | E42: float | F42: 0 | G42: 面板不显示 | H42: 角色技能释放的技能间隔缩减，最高上限为75%，可拉出来配置 例如一个角色的技能间隔为5s，获得20%的技能冷却缩减，则技能间隔变为4s
C43: 玩法伤害加成 | D43: 增加战斗中造成的伤害 | E43: float | F43: 0 | G43: 面板不显示 | H43: 玩法中才会投放，和伤害加成和减免不是一个乘区
C44: 玩法伤害减免 | D44: 减免战斗中造成的伤害 | E44: float | F44: 0 | G44: 面板不显示
B45: 百分比加成属性 | C45: 生命% | D45: 加成角色基础生命的百分比 | E45: float | F45: 0 | G45: 面板不显示 | H45: 只计算角色裸体属性，后端需要计算完传给前端
C46: 攻击% | D46: 加成角色攻击的百分比 | E46: float | F46: 0 | G46: 面板不显示 | H46: 只计算角色裸体属性，后端需要计算完传给前端
C47: 攻击% | D47: 加成角色攻击的百分比 | E47: float | F47: 0 | G47: 面板不显示 | H47: 只计算角色裸体属性，后端需要计算完传给前端
C48: 防御力% | D48: 加成角色防御的百分比 | E48: float | F48: 0 | G48: 面板不显示 | H48: 只计算角色裸体属性，后端需要计算完传给前端
C49: 攻击速度% | D49: 加成角色基础攻速的百分比 | E49: float | F49: 0 | G49: 面板不显示 | H49: 后端只需要将这个值传给前端，战斗中前端自己计算
C50: 能量回复% | D50: 加成角色基础能量回复速度的百分比 | E50: float | F50: 0 | G50: 面板不显示 | H50: 后端只需要将这个值传给前端，战斗中前端自己计算
B51: 等级属性 | C51: 暴击等级 | D51: 加成角色暴击几率的等级，通关一套公式转化为加成的暴击几率 | E51: float | F51: 0 | G51: 面板显示 | H51: 后端需要计算完传给前端
C52: 暴击伤害等级 | D52: 加成角色暴击伤害的等级，通关一套公式转化为加成的暴击伤害 | E52: float | F52: 0 | G52: 面板显示 | H52: 后端需要计算完传给前端
C53: 能量回复等级 | D53: 加成角色能量回复%的等级，通关一套公式转化为加成的能量回复% | E53: float | F53: 0 | G53: 面板显示 | H53: 后端需要计算完传给前端
C54: 技能冷却等级 | D54: 加成角色技能冷却的等级，通关一套公式转化为加成的技能冷却 | E54: float | F54: 0 | G54: 面板显示 | H54: 后端需要计算完传给前端
C55: 格挡等级 | D55: 加成格挡率的等级，通关一套公式转化为加成的格挡率 | E55: float | F55: 0 | G55: 面板显示 | H55: 后端需要计算完传给前端
B59: 战斗内属性计算逻辑
B60: 游戏中不同系统模块的同一种属性的加成方式用加法,比如模块A提供10%暴击，B模块提供20%暴击，则合并计算为10%+20%=30%暴击，其他数值以此类推
B61: 战斗外成长系统得到各属性初始值，进入战斗后，初始属性可被buff修改
B63: buff对int属性的修改：
B64: 最终属性=进入战斗时初始属性数值 * （1 + 所有buff乘法计算数值和） + 所有buff加法计算数值和 ，其中buff的数值是根据单位buff情况实时变化的
B65: 另外，战斗内外的百分比属性需要分开计算
B67: 例如：角色在外部养成有1000点攻击和50%的攻击加成，局内又吃到了1000点的固定攻击buff和20%的攻击加成buff
B68: 进入战斗时初始攻击=1000*1.5=1500
B69: 最终攻击=1500*1.2+1000=2800
B71: buff对float属性的修改：
B72: 最终属性=进入战斗时初始属性数值+所有buff属性之和
B73: 例如：角色在外部养成有50%暴击几率，局内又吃到了20%暴击加成buff
... B78: 计算公式
B79: 加成属性 | C79: = | D79: 等级属性/转化参数
B81: 例如 | C81: 一个角色的暴击等级为100，转化参数为5000，由暴击等级提供的暴击几率为2%
B84: 面板属性计算
B85: 【生命】
B86: 英雄裸体生命=[英雄初始生命+英雄等级生命+英雄星盘生命+英雄突破生命]*当前品阶系数，面板显示四舍五入
B87: 面板生命=英雄裸体生命*（1+装备百分比生命+宝石百分比生命+天赋百分比生命+……+各来源百分比生命）+装备生命+宝石生命+天赋生命+……+各来源生命
B89: 【攻击】——统一攻击算法
B90: 英雄裸体攻击=[英雄初始攻击+英雄等级攻击+英雄星盘攻击+英雄突破攻击]*当前品阶系数，面板显示四舍五入
B91: 面板攻击=英雄裸体攻击*（1+装备百分比攻击+宝石百分比攻击+天赋百分比攻击+……+各来源百分比攻击）+装备攻击+宝石攻击+天赋攻击+……+各来源攻击
B93: 【防御】
B94: 英雄裸体防御=[英雄初始防御+英雄等级防御+英雄星盘防御+英雄突破防御]*当前品阶系数，面板显示四舍五入
B95: 面板防御=英雄裸体防御*（1+装备百分比防御+宝石百分比防御+天赋百分比防御+……+各来源百分比防御）+装备防御+宝石防御+天赋防御+……+各来源防御
B97: 【能量回复速度】
B98: 角色基础能量回复速度，角色最终能量回复速度=角色基础能量回复速度*（1+能量回复速度%）
... B129: 装备攻击速度%+宝石攻击速度%+天赋攻击速度%+……+各来源攻击速度%
B131: 【伤害加成】 | C131: 所有伤害加成和这个同理
B132: 面板伤害加成=英雄基础伤害加成+装备伤害加成+宝石伤害加成+天赋伤害加成+……+各来源伤害加成
B134: 【伤害减免】
B135: 面板伤害减免=英雄基础伤害减免+装备伤害减免+宝石伤害减免+天赋伤害减免+……+各来源伤害减免
B137: 【治疗加成】
B138: 面板治疗加成=英雄基础治疗加成+装备治疗加成+宝石治疗加成+天赋治疗加成+……+各来源治疗加成
B140: 【受到伤害增加】
B141: 面板受到伤害增加=英雄基础受到伤害增加+装备受到伤害增加+宝石受到伤害增加+天赋受到伤害增加+……+各来源受到伤害增加
B143: 【受治疗加成】
B144: 面板受治疗加成=英雄基础受治疗加成+装备受治疗加成+宝石受治疗加成+天赋受治疗加成+……+各来源受治疗加成
B146: 【施加护盾加成】
B147: 面板施加护盾加成=英雄基础施加护盾加成+装备施加护盾加成+宝石施加护盾加成+天赋施加护盾加成+……+各来源施加护盾加成
B149: 【受到护盾加成】
... B174: 面板冷却缩减=英雄基础冷却缩减+装备冷却缩减+宝石冷却缩减+天赋冷却缩减+……+各来源冷却缩减

Sheet 战斗公式
B3: 战斗计算规则
B5: 攻击行为
B7: 流程1 | C7: 每次攻击先判定是否命中
B9: 命中概率为=（攻击者命中 - 受击者闪避）， 如果数值大于等于1则必然命中，数值小于等于X则取最小命中概率X，在0-1之间随机，X为10%
B10: 技能未命中的情况默认不触发后续机制，除非有特殊说明
B13: 流程2 | C13: 进行伤害类型的判断
B15: 真实伤害
B16: 不进行伤害公式计算，不受护盾影响，直接扣除给定数值的生命（百分比or固定值）
B18: 物理伤害or魔法伤害
B19: 走以下伤害数值的计算
B21: 流程3 | C21: 计算初步伤害数值
B24: 伤害基数=带入伤害公式的数值，在子弹或攻击组件中计算得出
B25: 物理伤害/魔法伤害取决于伤害组件的配置，公式相同，作为逻辑标签使用
B26: 伤害=伤害基数*[（1-(受击者 防御*（1 - 攻击者 无视防御）/【(受击者 防御 *（1- 攻击者 无视防御）+X)】，X为常数根据需求调整（可配置在全局表中），最低伤害保底：伤害基数 * 5%
L27: X的值为 | M27: 24000
B28: 流程4 | C28: 判断是否暴击
B30: 由攻击者 暴击率 属性决定 ，数值大于等于1必暴击，数值小于等于0必不暴击
B31: 命中后判定暴击
B32: 如果勾选必定暴击，则判断为暴击，如果没勾选，则进行随机
B33: 如果暴击
B34: 暴击伤害 = 伤害 * 攻击者暴击伤害
B37: 流程5 | C37: 判断是否格挡 | E37: 如果既格挡又暴击，则在表现上只显示格挡
B39: 由攻击者 破击率 属性决定和防御者格挡率决定是否触发格挡
B40: 格挡概率=受击者格挡率-攻击者破击率，最低为0，最高为1
B41: 如果格挡
B42: 格挡后伤害=计算暴击后的伤害*(1-基础格挡伤害X-格挡强度）
D43: X | E43: 0.5
D44: 格挡强度∈【0,1】
B45: 举例
B46: 受击者的格挡强度为20%，受击者计算完暴击后，应该受到的伤害为1000，此时触发了格挡
B47: 触发格挡后，受到的伤害为1000*（1-50-20%）=300
B53: 流程6 | C53: 计算最终伤害
B54: 最终伤害 =
B55: 计算完暴击、格挡后伤害 *（1+ 攻击者 伤害加成）*（1 - 受击者 伤害减免）*（1 + 受击者受到伤害增加）*（1+ 攻击者 玩法伤害加成）*（1 - 受击者 玩法伤害减免）
B58: 所有类型的伤害加成的乘区相同
B59: 例如：A角色拥有10%伤害增加，20%单体伤害增加，30%群体伤害增加，40%技能伤害增加，50%必杀伤害增加，60%的物理伤害增加和70%的魔法伤害增加
B60: 那么他放单体物理技能时的伤害增加值为10%+20%+40%+60%=130%
B61: 那么他放群体魔法必杀时的伤害增加值为10%+30%+50%+70%=160%
B63: 公式中 受击者 伤害减免属性 计算结果 最大不超过X%，X为75
B64: 最终伤害数值保底为X,X为1
B65: 物理伤害或魔法伤害可被护盾吸收，优先扣除护盾值，再扣除生命
B70: 加血行为
B72: 治疗or恢复 的标签 取决于治疗组件的配置，公式相同，作为逻辑标签使用
B73: 加血数值 = 加血基数 * （ 1 + 治疗者 治疗加成 + 被治疗者 受治疗加成） 计算结果保底为 1
B75: 如果是治疗标签，则要判定是否暴击，恢复标签不会暴击 | L75: 设计预期治疗可以投固定值，恢复则是百分比
B76: 由治疗者 暴击率 属性决定 ，数值大于等于1必暴击，数值小于等于0必不暴击，在0-1之间随机
B77: 如果暴击 加血数值 = 加血数值 * 治疗者 暴击伤害 计算结果保底为 1
B80: 护盾行为
B82: 释放盾牌or加护盾 | D82: 均不用判定是否暴击
B84: 护盾数值=护盾基数*（ 1 + 护盾释放者 施加护盾加成 + 护盾受到者 受到护盾加成）
B86: 盾牌血量数值=盾牌血量基数*（ 1 + 盾牌释放者 释放盾牌加成）

Sheet 标准模型
C2: 战斗节奏
C3: 整场战斗时间
C5: 前期 | D5: 中期 | E5: 后期
B6: 总体战斗时长（秒） | C6: 60 | D6: 120 | E6: 150
B7: boss战时长占比 | C7: 0.5 | D7: 0.75 | E7: 0.8
B9: boss战时长（秒） | C9: =C6*C7 | D9: =D6*D7 | E9: =E6*E7
C11: 在标准模型下预估整场boss战的时长和节奏,以3人放普攻、5人放必杀
C12: 考虑主要的是pve体验，玩家的生命值和防御主要决定有效生命值，实际表现为挨怪物多少下打会死，攻击力主要表现为打怪物的时间
C13: 理论上怪攻击击和同等级的玩家应该相同，所以玩家的攻防血比应该就是怪攻击击自己多少下会死
C14: 假设怪物的dps系数为
C15: 1 | D15: 攻击力/s
C17: 实际血攻防投放比例比
C18: 生命 | D18: 攻击 | E18: 防御
C19: 10 | D19: 3 | E19: 2
C21: 基础属性组成
B22: 裸体属性 | C22: 1 | D22: 初始属性
C23: 2 | D23: 升级属性
C24: 3 | D24: 升阶属性
C25: 4 | D25: 星盘属性的固定值
C27: 5 | D27: 专武属性
C28: 6 | D28: 旅券
C29: 7 | D29: 主角装备属性
B31: 角色基础属性拍定 | C31: 生命 | D31: 攻击 | E31: 防御
C32: 5000 | D32: 1500 | E32: 1000
C33: 10 | D33: 3 | E33: 2
B36: 角色基础属性投放预计
C37: 裸体属性 | G37: 额外属性
C38: 初始属性 | D38: 升级属性 | E38: 升阶属性 | F38: 星盘属性 | G38: 专武属性 | H38: 旅券 | I38: 主角装备属性 | M38: 裸体总和 | N38: 额外总和
B39: 基础属性投放系数 | C39: 1 | D39: 4.2 | E39: 1.5 | F39: 1.2 | G39: 4 | H39: 6 | I39: 10 | M39: =SUM(C39:F39) | N39: =SUM(G39:I39)
B42: 初始标准人属性 | C42: 生命 | D42: 攻击 | E42: 防御
C43: =C32 | D43: =D32 | E43: =E32 | G43: 减伤率 | H43: =ROUND(E43/(E43+战斗公式!$M$27),2) | I43: eHP | J43: =ROUND(C43/(1-H43),0)
I44: ttk | J44: =J43/(D43*$C$15) | K44: 秒
A46: 中期 | B46: 无百分比标准人属性
B48: 裸体属性 | C48: 生命 | D48: 攻击 | E48: 防御
C49: =C$32*$M$39 | D49: =D$32*$M$39 | E49: =E$32*$M$39
B51: 额外基础属性 | C51: 生命 | D51: 攻击 | E51: 防御
C52: =$N$39*C$32 | D52: =$N$39*D$32 | E52: =$N$39*E$32
B54: 总基础属性 | C54: 生命 | D54: 攻击 | E54: 防御
C55: =C49+C52 | D55: =D49+D52 | E55: =E49+E52 | G55: 减伤率 | H55: =ROUND(E55/(E55+战斗公式!$M$27),2) | I55: eHP | J55: =ROUND(C55/(1-H55),0)
I56: ttk | J56: =J55/(D55*$C$15) | K56: 秒
A63: 后期 | C63: 基础属性 | I63: 攻防百分比投放 | J63: 1 | L63: 基础属性
B64: 有百分比标准人属性 | C64: 生命 | D64: 攻击 | E64: 防御 | G64: 暴击率 | H64: 暴击伤害 | I64: 攻击力百分比 | J64: 防御力百分比 | L64: 生命 | M64: 攻击 | N64: 防御
C65: =C55 | D65: =D49*(1+I65)+D52 | E65: =E49*(1+J65)+E52 | G65: 0.7 | H65: 1.95 | I65: 3.6 | J65: =I65*J63 | L65: =C65 | M65: =D65 | N65: =E65 | P65: 减伤率 | Q65: =ROUND(N65/(N65+战斗公式!$M$27),2) | R65: eHP | S65: =ROUND(L65/(1-Q65),0)
R66: ttk | S66: =S65/(M65*$C$15) | T66: 秒
C67: 攻击提升 | D67: =D65/D55-1 | I67: 总投放攻击力百分比等价
I68: =I65*3
I70: 实际必杀释放速度 | J70: =H76/J77 | K70: s
I71: 怪物伤害 | J71: =J70*100 | K71: %攻击力
I72: 玩家吃到伤害比例 | J72: 0.2
B73: BOSS战斗系数组成 | I73: 单必杀范围内玩家吃到伤害 | J73: =J71*J72 | K73: %攻击力
I74: 标准必杀回血系数 | J74: =J73*G116 | K74: %攻击力
I75: =J74/M77/100 | L75: =H77/J77 | M75: 秒伤害系数
B76: 普攻 | C76: 1 | D76: /s | G76: boss对战能量上限 | H76: 750 | L76: 普攻伤害 | M76: =H77/J77*C76 | N76: =M76/$M$79
B77: 必杀 | C77: 0.55 | D77: /s | G77: 必杀能量上限 | H77: 1000 | I77: 必杀回复速度 | J77: 25 | K77: /s | L77: 必杀系数 | M77: =L75*J77/H76*H82 | N77: =M77/$M$79
B78: 技能 | C78: 0.4 | D78: /s | G78: 技能释放间隔 | H78: 10 | I78: s | L78: 技能伤害 | M78: =L75/H78*H79 | N78: =M78/$M$79 | P78: 以攻击百分比为基准为定价 | R78: 美化
B79: 总和 | C79: =C78+C77+C76 | D79: /s | G79: 技能系数 | H79: =H78*C78 | M79: =SUM(M76:M78) | P79: 攻击百分比 | Q79: 0.01 | R79: 0.01
G80: 技能数量 | H80: 2 | P80: 防御百分比 | Q80: =J63*Q79 | R80: 0.01
G81: 单个技能系数 | H81: =H79/H80 | P81: 生命百分比 | Q81: =Q79 | R81: 0.01
A82: 提升比例 | B82: 天赋 | C82: 0.5 | D82: =1+C82 | G82: 必杀系数 | H82: =H76/J77*C77 | P82: 普攻速度百分比 | Q82: =C99/I65*Q79 | R82: 0
B83: 专武技能/天赋 | C83: 0 | D83: =1+C83 | P83: 必杀回复速度 | Q83: =C101/I65*Q79 | R83: 0.0033
B84: 旅券技能 | C84: 0 | D84: =1+C84 | G84: 技能拆分系数 | H84: 0.5 | J84: =J77*1.8 | P84: 暴击率 | Q84: =(G65-0.05)/I65*Q79 | R84: 0.0018
B85: 主角装备技能 | C85: 0 | D85: =1+C85 | P85: 暴击伤害 | Q85: =Q84*3 | R85: 0.0054
B86: 星盘天赋 | C86: 0.2 | D86: =1+C86 | P86: 各种伤害增加 | Q86: =C105/I65*Q79 | R86: 0.0033
P87: 普攻伤害加成 | R87: 0.009
P88: 技能伤害加成 | R88: 0.012
B89: 总提升比例 | C89: =PRODUCT(D82:D86) | P89: 必杀伤害加成 | R89: 0.012
B90: 无天赋总提升比例 | C90: =PRODUCT(D83:D86) | P90: 治疗率 | R90: 0.005
P91: 冷却缩减 | Q91: =Q79*C103/I65 | R91: 0.0025
B92: 普攻量级总和 | C92: =C89*C76 | P92: 物理伤害加成 | R92: 0.0042
B93: 必杀量级总和 | C93: =C77*C89 | P93: 魔法伤害加成 | R93: 0.0042
B94: 技能量级总和 | C94: =C78*C89 | P94: 暴击等级 | Q94: 50000 | R94: =R84*Q94 | S94: 9
B95: 伤害量级总和 | C95: =C79*D82*D83*D84*D86*D85 | D95: /s | P95: 暴击伤害等级 | Q95: 20371 | R95: =R85*Q95 | S95: 11
P96: 能量回复等级 | Q96: 27273 | R96: =R83*Q96 | S96: 9
B97: 后期属性投放值 | P97: 技能冷却等级 | Q97: 52000 | R97: =R91*Q97 | S97: 13
P98: 攻击百分比 | R98: =R79
B99: 普攻速度提升 | C99: 0 | E99: =_xlfn.CONCAT(L75,"秒伤害") | F99: =(1+C99)*M76+M77+M78 | G99: 提升比例 | H99: =F99/M79-1 | P99: 攻击百分比 | R99: =R79
P100: 格挡率 | R100: =1/30000%
A101: =(1+C101)*J77 | B101: 必杀回复速度 | C101: 1.2 | E101: =_xlfn.CONCAT(L75,"秒伤害") | F101: =L75/(H76/J77/(1+C101))*M77+M76+M78 | G101: 提升比例 | H101: =F101/M79-1 | P101: 格挡等级 | Q101: 30000 | R101: =R100*Q101
A102: =100/A101
B103: 冷却缩减 | C103: 0.6 | E103: =_xlfn.CONCAT(L77,"秒伤害") | F103: =M76+M77+M78*1/(1-C103) | G103: 提升比例 | H103: =F103/M79-1
B105: 增伤乘区预计投放值 | C105: 1.6
B108: 后期输出标准人相对于无百分比标准人提升值 | J108: 5
B109: 暴击乘区 | C109: 攻击力乘区 | D109: 普攻乘区 | E109: 必杀乘区 | F109: 增伤乘区 | G109: 技能乘区 | I109: MAX单体每秒伤害 | J109: 5人每秒伤害
B110: =1+G65*(H65+战斗属性!F12-1) | C110: =1 | D110: =H99+1 | E110: =H101+1 | F110: =C105+1 | G110: =1+H103 | H110: =PRODUCT(B110:G110) | I110: =C95*H110*D65 | J110: =I110*J108
B113: 后期标准boss属性
B114: 基础属性
A115: 生命值放大倍率 | B115: 生命 | C115: 攻击 | D115: 防御
A116: 500 | B116: =A116*C65 | C116: =D65 | D116: =E65 | F116: 减伤率 | G116: =ROUND(D116/(D116+战斗公式!$M$27),2) | H116: eHP | I116: =ROUND(B116/(1-G116),0)
H117: ttk | I117: =I116/(C116*C95*H110) | J117: 秒
B119: 中期标准boss属性
B120: 基础属性 | M120: =2.8*0.25*4032*0.43 | O120: =1495/534
A121: 生命值放大倍率 | B121: 生命 | C121: 攻击 | D121: 防御
A122: 15 | B122: =C49*A122 | C122: =D49 | D122: =E49 | F122: 减伤率 | G122: =ROUND(D122/(D122+战斗公式!$M$27),2) | H122: eHP | I122: =ROUND(B122/(1-G122),0)
H123: ttk | I123: =I122/(C122*$C$15) | J123: 秒
B128: 英雄职业规划 | C128: 职业 | D128: 生命 | E128: 攻击 | F128: 防御
C129: 坦克 | D129: 1.2 | E129: 0.8 | F129: 1
C130: 输出 | D130: 1 | E130: 1.2 | F130: 0.8
C131: 辅助 | D131: 1 | E131: 0.8 | F131: 1.2

Sheet 技能系数
B2: 技能系数 | C2: 16.5 | G2: 技能系数计算 | J2: 拆分系数 | N2: 品质系数 | Q2: 攻血比
B3: 技能当前品质 | C3: R
B4: 单体伤害 | G4: 基础技能系数 | H4: =标准模型!H81 | J4: 1 | K4: 0.7 | L4: =$L$7/$K$7*K4 | N4: R | O4: 0.9 | Q4: 血量 | R4: 12 | S4: =$S$5*$R$5/R4
B5: 单体系数 | C5: 1 | G5: 基础冷却时间 | H5: =标准模型!H78 | J5: 2 | K5: 0.8 | L5: =$L$7/$K$7*K5 | N5: SR | O5: 0.95 | Q5: 攻击 | R5: 3 | S5: 12
B6: 品质系数 | C6: =$C$3 | D6: =VLOOKUP(C6,$N$4:$O$6,2,0) | G6: 实际冷却时间 | H6: 12 | J6: 3 | K6: 0.9 | L6: =$L$7/$K$7*K6 | N6: SSR | O6: 1 | Q6: 防御 | R6: 2 | S6: =$S$5*$R$5/R6
B7: 攻速 | C7: 7 | G7: 最终技能系数 | H7: =H4*H6/H5 | J7: 4 | K7: 1 | L7: 6.8
B8: 伤害系数 | C8: =C5/C7*D6*C2 | G8: 普攻基础系数 | H8: =100%
G9: 必杀基础系数 | H9: =标准模型!H82
B10: 穿透子弹
B11: 穿透子弹系数 | C11: 0.7
B12: 品质系数 | C12: =$C$3 | D12: =VLOOKUP(C12,$N$4:$O$6,2,0)
B13: 攻速 | C13: 1
B14: 伤害系数 | C14: =C11/C13*D12*C2
B16: 跟踪子弹 | N16: 普攻、必杀系数 | O16: 0.5 | P16: 0.65 | Q16: 0.8 | R16: 1
B17: 跟踪子弹系数 | C17: 0.93
B18: 品质系数 | C18: =$C$3 | D18: =VLOOKUP(C18,$N$4:$O$6,2,0) | N18: 技能系数 | O18: 0.5 | P18: 0.75 | Q18: 1
B19: 攻速 | C19: 1 | T19: %/ | U19: %
B20: 伤害系数 | C20: =C17/C19*D18*C2 | O20: =MROUND($R$20*O16,5) | P20: =MROUND($R$20*P16,5) | Q20: =MROUND($R$20*Q16,5) | R20: 40 | T20: =_xlfn.CONCAT(O20,$T$19,P20,$T$19,Q20,$T$19,R20,$U$19)
O22: =MROUND(O18*$R$20,5) | P22: =MROUND(P18*$R$20,5) | Q22: =MROUND(Q18*$R$20,5) | T22: =_xlfn.CONCAT(O22,$T$19,P22,$T$19,Q22,$U$19)
B23: AOE子弹
B24: AOE系数 | C24: 0.75
B25: 品质系数 | C25: =$C$3 | D25: =VLOOKUP(C25,$N$4:$O$6,2,0)
B26: 标准范围半径 | C26: 1
B27: 实际范围半径（标准倍数） | C27: 1
B28: 衰减系数 | C28: 1.2
B29: 攻速 | C29: 1
B30: 伤害系数 | C30: =POWER(C26,C28)/POWER(C27,C28)*C24*D25*C2/C29
B32: DOT
B33: DOT系数 | C33: 1.2
B34: 品质系数 | C34: =$C$3 | D34: =VLOOKUP(C34,$N$4:$O$6,2,0)
B35: DOT持续时间 | C35: 5
B36: DOT标准持续时间 | C36: 5
B37: DOT持续系数 | C37: 1.39 | D37: =POWER(C35,C37)/POWER(C36,C37)/C35*C36
B38: DOT标准最大层数 | C38: 5
B39: DOT最大层数 | C39: 2
B40: DOT最大层数系数 | C40: 1.21 | D40: =POWER(C38,C40)/POWER(C39,C40)*C39/C38
B41: DOT单层系数 | C41: =C33/C35*D37*D40*D34*C2
B44: 回血
B45: 回血系数 | C45: =标准模型!I75
B46: 品质系数 | C46: =$C$3 | D46: =VLOOKUP(C46,$N$4:$O$6,2,0)
B47: 回血人数 | C47: 5
B48: 标准回血人数 | C48: 1
B49: 人数衰减系数 | C49: 1.35 | D49: =POWER(C47,C49)/POWER(C48,C49)*C48/C47
B50: 最终回血系数 | C50: =C45/C47*C48*D49*D46*C2
B53: 护盾
B54: 护盾系数 | C54: =C45*1.25
B55: 品质系数 | C55: =$C$3 | D55: =VLOOKUP(C55,$N$4:$O$6,2,0)
B56: 护盾人数 | C56: 1
B57: 标准护盾人数 | C57: 1
B58: 人数衰减系数 | C58: 1.56 | D58: =POWER(C56,C58)/POWER(C57,C58)*C57/C56
B59: 护盾持续时间 | C59: 4
B60: 护盾持续上限 | C60: 20
B61: 护盾持续下限 | C61: 2
B62: 最终持续时间 | C62: {=_xlfn.IFS(C59>=C60,C60,C59<=C61,C61,AND(C59<C60,C59>C61),C59)}
B63: 标准护盾持续时间 | C63: 5
B64: 时间衰减系数 | C64: 0.35 | D64: =POWER(C62,C64)/POWER(C63,C64)*C63/C62
B65: 最终护盾系数 | C65: =C54*D55/C56*D58*D64*C2
B67: 眩晕
B68: 控制系数 | C68: 0.6
B69: 品质系数 | C69: =$C$3 | D69: =VLOOKUP(C69,$N$4:$O$6,2,0)
B70: 标准控制秒数 | C70: 1
B71: 控制人数 | C71: 1
B72: 标准控制人数 | C72: 1
B73: 控制人数系数 | C73: 0.35 | D73: =POWER(C71,C73)/POWER(C72,C73)*C72/C71
B74: 实际控制秒数 | C74: =$C$2*C70*C68*D73*D69
B76: 冰冻
B77: 控制系数 | C77: 1.4
B78: 品质系数 | C78: =$C$3 | D78: =VLOOKUP(C78,$N$4:$O$6,2,0)
B79: 标准控制秒数 | C79: 1
B80: 控制人数 | C80: 1
B81: 标准控制人数 | C81: 1
B82: 控制人数系数 | C82: 0.35 | D82: =POWER(C80,C82)/POWER(C81,C82)*C81/C80
B83: 实际控制秒数 | C83: =$C$2*C79*C77*D82*D78
B85: 沉默
B86: 控制系数 | C86: 2
B87: 品质系数 | C87: =$C$3 | D87: =VLOOKUP(C87,$N$4:$O$6,2,0)
B88: 标准控制秒数 | C88: 1
B89: 控制人数 | C89: 2
B90: 标准控制人数 | C90: 1
B91: 控制人数系数 | C91: 0.35 | D91: =POWER(C89,C91)/POWER(C90,C91)*C90/C89
B92: 实际控制秒数 | C92: =$C$2*C88*C86*D91*D87
