Workbook

Sheet 00_索引
A1: 文档名称 | B1: Vgame养成数值
A2: 文档类型 | B2: 养成数值
A3: 当前状态 | B3: 正式
A4: 负责人 | B4: 数值组
A5: 最后更新时间 | B5: 2026-05-28
A6: 文档目标 | B6: 定义角色养成各模块的属性投放与成长职责
A7: 使用说明 | B7: 修改数值时引用 SHEET_ID 定位；CONFIG_TARGET 指向 Config/GameConfig/Datas/ 下的配置表
A9: Sheet名 | B9: SHEET_ID | C9: 状态 | D9: 配置目标(CONFIG_TARGET) | E9: 是否可直接用于配置表 | F9: 用途
A10: 养成属性规划 | B10: 养成_属性规划总览 | C10: 正式 | D10: 无（总览页） | E10: 否 | F10: 全养成模块的属性投放职责总览和标准人基础属性
A11: 属性定价 | B11: 养成_属性定价 | C11: 正式 | D11: 无（总览页） | E11: 否 | F11: 每个属性的换算价值，以及每个属性的英文名
A12: 角色升级升阶 | B12: 养成_角色升级升阶 | C12: 正式 | D12: HeroAttribute（Hp/PhysicsAttack/MagicAttack/Armor）, HeroAscendLv | E12: 否 | F12: 角色1-60级基础属性成长和升阶突破数据
A13: 角色升星 | B13: 养成_角色升星 | C13: 正式 | D13: HeroStarAttrUp（系数列）, CalibrationPoints | E13: 否 | F13: 升星投放偏向性基础属性和二级属性
A14: 角色星盘 | B14: 养成_角色星盘 | C14: 正式 | D14: HeroStarAttrUp, CalibrationPoints, CalibrationPointsAttr | E14: 否 | F14: 星盘投放偏向性基础属性和二级属性
A15: 专武 | B15: 养成_专武 | C15: 正式 | D15: ExclWeaponLv, ExclWeaponAscendLv | E15: 否 | F15: 专武基础属性投放、突破门槛和技能等级
A16: 旅券 | B16: 养成_旅券 | C16: 正式 | D16: StrategyCards, StrategyLv | F16: 旅券属性投放和效果词条设计
A17: 映射装备 | B17: 养成_映射装备 | C17: 正式 | D17: SpecialEquipment, SpecialEquipmentEffect, SpecialEquipmentGem | F17: 映射装备基础属性、宝石系统和词条投放
A18: 映射装备配置 | B18: 养成_映射装备配置 | C18: 正式 | D18: SpecialEquipmentEffect（EffectId/Weight） | F18: 映射装备和旅券的词条ID与权重映射
A19: 不同武将系数 | B19: 养成_武将系数 | C19: 正式 | D19: HeroAttribute（通过系数计算各角色属性） | F19: 各职业/角色的生攻防系数和伤害类型定义
A20: 不同武将系数配置 | B20: 养成_武将系数配置 | C20: 正式 | D20: HeroAttribute（最终各角色属性值） | F20: 基于武将系数计算出的各角色完整属性和星盘词条
A21: 临时效果 | B21: 养成_临时效果 | C21: 正式 | D21: Skill/FightItem（效果ID和数值） | F21: 旅券/映射装备的战斗临时效果数值表
A22: Sheet1 | B22: 养成_角色列表 | C22: 草稿 | D22: Hero（角色ID和阵营） | F22: 角色名称、编号和阵营列表
A23: 配置页-推荐邮票 | B23: 养成_推荐邮票配置 | C23: 草稿 | D23: StrategyRecommendation | E23: 是 | F23: 每个有效武将配置4套推荐邮票/旅券

Sheet 养成属性规划
B2: 初始标准人属性 | C2: 生命 | D2: 攻击 | E2: 防御
C3: 5000 | D3: 1500 | E3: 1000
B5: 养成模块数值概述
B6: 概述为前期规划，具体数值请参照每个页签
B8: 养成模块 | C8: 养成定位 | J8: 投放属性 | O8: 备注
J9: 基础属性 | K9: 基础属性% | L9: 技能等级 | M9: 普通二级属性
A10: 角色裸体数值 | B10: 初始 | C10: 每个角色初始的属性 | J10: √
B11: 角色升级 | C11: 主要提供基础属性，线性成长，前中期主要属性来源 | J11: √
B12: 角色升阶 | C12: 主要提供基础属性，线性成长，前中期主要属性来源 升阶主要去卡角色技能等级和星盘等级 | J12: √
B13: 角色星盘 | C13: 稀有角色、活跃材料的投放和消耗点 普通养成行为无法点满，需要额外的稀有材料才能点满 投放一小部分基础属性，基础属性%，普通二级属性和天赋技能等级 投放的基础属性%和二级属性根据角色定位进行更改 | J13: √ | K13: √ | L13: √ | M13: √
B14: 角色升星 | C14: 主要付费内容，解锁额外天赋（提升幅度需要够大），投放基础属性百分比和二级属性 | K14: √ | L14: √ | M14: √
B15: 专武 | C15: 主要作用是承载一部分角色技能机制，同时提供一部分基础属性 或者普通二级属性 | J15: √ | K15: √ | L15: √ | M15: √
B16: 旅券 | C16: 4+2套装效果 等级上限低，相对于阴阳师，降低随机性，提高毕业预期 | J16: √ | L16: √
B17: 主角装备 | C17: 后期终局玩法，极强的随机词条，承载后期玩家的日活和养成目标 主属性固定，副属性做强的词条与上下限随机 镶嵌的宝石相当于一个带一点随机性的进度类养成 | J17: √ | K17: √ | L17: √ | M17: √
B19: 角色全属性组成
B20: 不能选择的 | D20: 可选择的
B21: 角色升级 | D21: 映射装备副词条+宝石
B22: 角色升阶 | D22: 旅券
B23: 角色星盘
B24: 角色升星
B25: 专武
B26: 映射装备主词条
B31: 养成模块数值分配 | P31: 这部分是每个角色不同的属性偏向，需要每个角色单独设计
B32: 该表格决定属性数值分配值 | P32: 输出角色（攻击%+暴击爆伤）
D33: 预计基础属性 | G33: 最终基础属性% | J33: 预计全部基础属性% | M33: 预计偏向全部二级属性 | P33: 预计偏向基础属性%+二级属性
B34: 养成模块 | C34: 基础属性投放系数 | D34: 生命 | E34: 攻击 | F34: 防御 | G34: 生命 | H34: 攻击 | I34: 防御 | J34: 生命 | K34: 攻击 | L34: 防御 | M34: 偏向值 | P34: 偏向值 | V34: 二级属性占比
V35: =SUM(L35:U35)/$M$46 -> 0
A36: 角色裸体数值 | B36: 初始 | C36: 1 | D36: =$C36*C$3 -> 5000 | E36: =$C36*D$3 -> 1500 | F36: =$C36*E$3 -> 1000 | V36: =SUM(L36:U36)/$M$46 -> 0
B37: 角色升级 | C37: 4.8 | D37: =$C37*C$3 -> 24000 | E37: =$C37*D$3 -> 7200 | F37: =$C37*E$3 -> 4800 | V37: =SUM(L37:U37)/$M$46 -> 0
B38: 角色升阶 | C38: 0 | D38: =$C38*C$3 -> 0 | E38: =$C38*D$3 -> 0 | F38: =$C38*E$3 -> 0 | V38: =SUM(L38:U38)/$M$46 -> 0
B39: 角色星盘 | C39: 2.3 | D39: =$C39*C$3 -> 11500 | E39: =$C39*D$3 -> 3450 | F39: =$C39*E$3 -> 2300 | G39: 0 | H39: 0 | I39: 0 | J39: 0 | K39: 0 | L39: 0 | M39: 0 | P39: 1.2 | V39: =SUM(L39:U39)/$M$46 -> 0.068181818
B40: 角色升星 | G40: 0.9 | H40: 0.9 | I40: 0.9 | J40: 0 | K40: 0 | L40: 0 | M40: 0 | P40: 0.6 | V40: =SUM(L40:U40)/$M$46 -> 0.034090909
B41: 专武 | C41: 4 | D41: =$C41*C$3 -> 20000 | E41: =$C41*D$3 -> 6000 | F41: =$C41*E$3 -> 4000 | G41: 0 | H41: 0 | I41: 0 | J41: 0 | K41: 0 | L41: 0 | M41: 0 | P41: 0.6 | V41: =SUM(L41:U41)/$M$46 -> 0.034090909
B42: 旅券 | C42: 6 | D42: =$C42*C$3 -> 30000 | E42: =$C42*D$3 -> 9000 | F42: =$C42*E$3 -> 6000 | G42: 0 | H42: 0 | I42: 0 | J42: 0 | K42: 0 | L42: 0 | M42: 0 | P42: 4.2 | V42: =SUM(L42:U42)/$M$46 -> 0.23863636
B43: 映射装备 | C43: 10 | D43: =$C43*C$3 -> 50000 | E43: =$C43*D$3 -> 15000 | F43: =$C43*E$3 -> 10000 | G43: 0 | H43: 0 | I43: 0 | J43: 2.4 | K43: 2.4 | L43: 2.4 | M43: 1.6 | P43: 7 | V43: =SUM(L43:U43)/$M$46 -> 0.625
J44: =SUM(J36:J43) -> 2.4 | M44: =SUM(M36:O43) -> 1.6 | P44: =SUM(P36:R43) -> 13.6
F46: 总普通投放 | G46: =J44+M44+P44 -> 17.6 | I46: 总稀有投放 | J46: =S44 -> 0 | L46: 总二级投放 | M46: =J46+G46 -> 17.6
F47: （以攻击力%为基准）
F49: 以攻击百分比为基准的属性定价
F50: 攻击百分比 | G50: 0.01 | H50: =3*G50 -> 0.03 | I50: =(M46-M44-J44)/3 -> 4.5333333
F51: 防御百分比 | G51: 0.01 | H51: =3*G51 -> 0.03
F52: 生命百分比 | G52: 0.01 | H52: =3*G52 -> 0.03
F53: 普攻速度百分比 | G53: 0 | H53: =3*G53 -> 0
F54: 必杀回复速度 | G54: 0.0033 | H54: =3*G54 -> 0.0099
F55: 暴击率 | G55: 0.0018 | H55: =3*G55 -> 0.0054
F56: 暴击伤害 | G56: 0.0054 | H56: =3*G56 -> 0.0162
F57: 各种伤害增加 | G57: 0.0033 | H57: =3*G57 -> 0.0099
F58: 普攻伤害加成 | G58: 0.009 | H58: =3*G58 -> 0.027
F59: 技能伤害加成 | G59: 0.012 | H59: =3*G59 -> 0.036
F60: 必杀伤害加成 | G60: 0.012 | H60: =3*G60 -> 0.036
F61: 治疗率 | G61: 0.005 | H61: =3*G61 -> 0.015
F62: 冷却缩减 | G62: 0.0025 | H62: =3*G62 -> 0.0075
... F68: 技能冷却等级 | G68: 13 | H68: =3*G68 -> 39
F69: 攻击百分比 | G69: =G50 -> 0.01 | H69: =3*G69 -> 0.03
F70: 攻击百分比 | G70: =G50 -> 0.01 | H70: =3*G70 -> 0.03
F71: 格挡率 | G71: 0.0033333333
F72: 格挡等级 | G72: 10

Sheet 角色升级升阶
B2: 参数区 | G2: 升级预计分配属性
B3: 等级上限 | C3: 60 | G3: 生命 | H3: 攻击 | I3: 防御
B4: 突破次数 | C4: 4 | G4: =养成属性规划!D37 -> 24000 | H4: =养成属性规划!E37 -> 7200 | I4: =养成属性规划!F37 -> 4800
B5: 单级成长比例 | C5: =养成属性规划!$C$37/$C$3 -> 0.08
B6: 单次突破成长 | C6: =养成属性规划!C38/C4 -> 0
B7: 品阶系数 | C7: 品阶系数在角色初始、升级、升阶和星盘处投放的基础属性数值需要乘上一个百分比
B8: R | C8: ='参数页-不同武将系数'!C16 -> 0.7
B9: SR | C9: ='参数页-不同武将系数'!C15 -> 0.8
B10: SSR | C10: ='参数页-不同武将系数'!C14 -> 1
B13: 结论区
B14: 等级 | C14: 单级成长 | D14: 单级属性系数 | E14: 生命 | F14: 攻击 | G14: 攻击 | H14: 防御 | J14: 突破等级 | K14: 突破系数 | L14: 生命 | M14: 攻击 | N14: 防御 | O14: 需求玩家等级
B15: {=_xlfn.SEQUENCE(C3,1,1,1)} -> 1 | C15: =$C$5 -> 0.08 | D15: =1+SUM($C$15:C15) -> 1.08 | E15: =ROUND($D15*养成属性规划!C$3,0) -> 5400 | F15: =ROUND($D15*养成属性规划!D$3,0) -> 1620 | G15: =F15 -> 1620 | H15: =ROUND($D15*养成属性规划!E$3,0) -> 1080 | J15: 20 | K15: 0 | L15: =ROUND($K15*养成属性规划!C$3,0) -> 0 | M15: =ROUND($K15*养成属性规划!D$3,0) -> 0 | N15: =ROUND($K15*养成属性规划!E$3,0) -> 0 | O15: 20
B16: 2 | C16: =$C$5 -> 0.08 | D16: =1+SUM($C$15:C16) -> 1.16 | E16: =ROUND($D16*养成属性规划!C$3,0) -> 5800 | F16: =ROUND($D16*养成属性规划!D$3,0) -> 1740 | G16: =F16 -> 1740 | H16: =ROUND($D16*养成属性规划!E$3,0) -> 1160 | J16: 30 | K16: 0 | L16: =ROUND($K16*养成属性规划!C$3,0) -> 0 | M16: =ROUND($K16*养成属性规划!D$3,0) -> 0 | N16: =ROUND($K16*养成属性规划!E$3,0) -> 0 | O16: 30
B17: 3 | C17: =$C$5 -> 0.08 | D17: =1+SUM($C$15:C17) -> 1.24 | E17: =ROUND($D17*养成属性规划!C$3,0) -> 6200 | F17: =ROUND($D17*养成属性规划!D$3,0) -> 1860 | G17: =F17 -> 1860 | H17: =ROUND($D17*养成属性规划!E$3,0) -> 1240 | J17: 40 | K17: 0 | L17: =ROUND($K17*养成属性规划!C$3,0) -> 0 | M17: =ROUND($K17*养成属性规划!D$3,0) -> 0 | N17: =ROUND($K17*养成属性规划!E$3,0) -> 0 | O17: 40
B18: 4 | C18: =$C$5 -> 0.08 | D18: =1+SUM($C$15:C18) -> 1.32 | E18: =ROUND($D18*养成属性规划!C$3,0) -> 6600 | F18: =ROUND($D18*养成属性规划!D$3,0) -> 1980 | G18: =F18 -> 1980 | H18: =ROUND($D18*养成属性规划!E$3,0) -> 1320 | J18: 50 | K18: 0 | L18: =ROUND($K18*养成属性规划!C$3,0) -> 0 | M18: =ROUND($K18*养成属性规划!D$3,0) -> 0 | N18: =ROUND($K18*养成属性规划!E$3,0) -> 0 | O18: 50
B19: 5 | C19: =$C$5 -> 0.08 | D19: =1+SUM($C$15:C19) -> 1.4 | E19: =ROUND($D19*养成属性规划!C$3,0) -> 7000 | F19: =ROUND($D19*养成属性规划!D$3,0) -> 2100 | G19: =F19 -> 2100 | H19: =ROUND($D19*养成属性规划!E$3,0) -> 1400 | J19: 60 | K19: 0 | L19: =ROUND($K19*养成属性规划!C$3,0) -> 0 | M19: =ROUND($K19*养成属性规划!D$3,0) -> 0 | N19: =ROUND($K19*养成属性规划!E$3,0) -> 0 | O19: 60
B20: 6 | C20: =$C$5 -> 0.08 | D20: =1+SUM($C$15:C20) -> 1.48 | E20: =ROUND($D20*养成属性规划!C$3,0) -> 7400 | F20: =ROUND($D20*养成属性规划!D$3,0) -> 2220 | G20: =F20 -> 2220 | H20: =ROUND($D20*养成属性规划!E$3,0) -> 1480
B21: 7 | C21: =$C$5 -> 0.08 | D21: =1+SUM($C$15:C21) -> 1.56 | E21: =ROUND($D21*养成属性规划!C$3,0) -> 7800 | F21: =ROUND($D21*养成属性规划!D$3,0) -> 2340 | G21: =F21 -> 2340 | H21: =ROUND($D21*养成属性规划!E$3,0) -> 1560
B22: 8 | C22: =$C$5 -> 0.08 | D22: =1+SUM($C$15:C22) -> 1.64 | E22: =ROUND($D22*养成属性规划!C$3,0) -> 8200 | F22: =ROUND($D22*养成属性规划!D$3,0) -> 2460 | G22: =F22 -> 2460 | H22: =ROUND($D22*养成属性规划!E$3,0) -> 1640
B23: 9 | C23: =$C$5 -> 0.08 | D23: =1+SUM($C$15:C23) -> 1.72 | E23: =ROUND($D23*养成属性规划!C$3,0) -> 8600 | F23: =ROUND($D23*养成属性规划!D$3,0) -> 2580 | G23: =F23 -> 2580 | H23: =ROUND($D23*养成属性规划!E$3,0) -> 1720
B24: 10 | C24: =$C$5 -> 0.08 | D24: =1+SUM($C$15:C24) -> 1.8 | E24: =ROUND($D24*养成属性规划!C$3,0) -> 9000 | F24: =ROUND($D24*养成属性规划!D$3,0) -> 2700 | G24: =F24 -> 2700 | H24: =ROUND($D24*养成属性规划!E$3,0) -> 1800
B25: 11 | C25: =$C$5 -> 0.08 | D25: =1+SUM($C$15:C25) -> 1.88 | E25: =ROUND($D25*养成属性规划!C$3,0) -> 9400 | F25: =ROUND($D25*养成属性规划!D$3,0) -> 2820 | G25: =F25 -> 2820 | H25: =ROUND($D25*养成属性规划!E$3,0) -> 1880
B26: 12 | C26: =$C$5 -> 0.08 | D26: =1+SUM($C$15:C26) -> 1.96 | E26: =ROUND($D26*养成属性规划!C$3,0) -> 9800 | F26: =ROUND($D26*养成属性规划!D$3,0) -> 2940 | G26: =F26 -> 2940 | H26: =ROUND($D26*养成属性规划!E$3,0) -> 1960
B27: 13 | C27: =$C$5 -> 0.08 | D27: =1+SUM($C$15:C27) -> 2.04 | E27: =ROUND($D27*养成属性规划!C$3,0) -> 10200 | F27: =ROUND($D27*养成属性规划!D$3,0) -> 3060 | G27: =F27 -> 3060 | H27: =ROUND($D27*养成属性规划!E$3,0) -> 2040
B28: 14 | C28: =$C$5 -> 0.08 | D28: =1+SUM($C$15:C28) -> 2.12 | E28: =ROUND($D28*养成属性规划!C$3,0) -> 10600 | F28: =ROUND($D28*养成属性规划!D$3,0) -> 3180 | G28: =F28 -> 3180 | H28: =ROUND($D28*养成属性规划!E$3,0) -> 2120
B29: 15 | C29: =$C$5 -> 0.08 | D29: =1+SUM($C$15:C29) -> 2.2 | E29: =ROUND($D29*养成属性规划!C$3,0) -> 11000 | F29: =ROUND($D29*养成属性规划!D$3,0) -> 3300 | G29: =F29 -> 3300 | H29: =ROUND($D29*养成属性规划!E$3,0) -> 2200
B30: 16 | C30: =$C$5 -> 0.08 | D30: =1+SUM($C$15:C30) -> 2.28 | E30: =ROUND($D30*养成属性规划!C$3,0) -> 11400 | F30: =ROUND($D30*养成属性规划!D$3,0) -> 3420 | G30: =F30 -> 3420 | H30: =ROUND($D30*养成属性规划!E$3,0) -> 2280
B31: 17 | C31: =$C$5 -> 0.08 | D31: =1+SUM($C$15:C31) -> 2.36 | E31: =ROUND($D31*养成属性规划!C$3,0) -> 11800 | F31: =ROUND($D31*养成属性规划!D$3,0) -> 3540 | G31: =F31 -> 3540 | H31: =ROUND($D31*养成属性规划!E$3,0) -> 2360
... B74: 60 | C74: =$C$5 -> 0.08 | D74: =1+SUM($C$15:C74) -> 5.8 | E74: =ROUND($D74*养成属性规划!C$3,0) -> 29000 | F74: =ROUND($D74*养成属性规划!D$3,0) -> 8700 | G74: =F74 -> 8700 | H74: =ROUND($D74*养成属性规划!E$3,0) -> 5800

Sheet 属性定价
B2: 以攻击百分比为基准的属性定价
B3: 含义为每1%的攻击力百分比对应的属性
B6: 攻击百分比 | C6: 0.01
B7: 防御百分比 | C7: 0.01
B8: 生命百分比 | C8: 0.01
B9: 普攻速度百分比 | C9: 0
B10: 必杀回复速度 | C10: 0.0033
B11: 暴击率 | C11: 0.0018
B12: 暴击伤害 | C12: 0.0054
B13: 各种伤害增加 | C13: 0.0033
B14: 普攻伤害加成 | C14: 0.009
B15: 技能伤害加成 | C15: 0.012
B16: 必杀伤害加成 | C16: 0.012
B17: 治疗率 | C17: 0.005
... B28: 格挡等级 | C28: 100

Sheet 角色升星
B2: 角色升星养成概述
B4: 1 | C4: 4个节点投放天赋、被动提升，预计整体升星带来的战中提升可以达到1.8-2倍
B6: 2 | C6: 2个节点投放属性百分比和稀有二级属性、普通二级属性
B8: 预计投放的属性
B10: 预计最终基础属性% | F10: 预计偏向基础属性%+二级属性 | J10: 预计偏向稀有属性%
B11: 生命 | C11: 攻击 | D11: 防御 | F11: 偏向值 | J11: 偏向值
B12: =养成属性规划!G40 -> 0.9 | C12: =养成属性规划!H40 -> 0.9 | D12: =养成属性规划!I40 -> 0.9 | F12: =养成属性规划!P40 -> 0.6 | J12: =养成属性规划!S40 -> 0
B15: 角色星级 | C15: 投放内容
B16: 1 | C16: 天赋1 | N16: 以攻击百分比为基准的属性定价
B17: 2 | C17: 天赋2 | F17: 全属性 | G17: 二级属性 | N17: 攻击百分比 | O17: =属性定价!$C$6 -> 0.01
B18: 3 | C18: 全属性15%+普通二级属性20% | F18: 0.15 | G18: 0.3 | N18: 防御百分比 | O18: =属性定价!$C$7 -> 0.01
B19: 4 | C19: 天赋3 | N19: 生命百分比 | O19: =属性定价!$C$8 -> 0.01
B20: 5 | C20: 全属性15%+稀有二级属性20% | F20: 0.15 | G20: 0.3 | N20: 普攻速度百分比 | O20: =属性定价!$C$9 -> 0
B21: 6 | C21: 天赋4 | N21: 必杀回复速度 | O21: =属性定价!$C$10 -> 0.0033 | P21: 普攻伤害
N22: 暴击率 | O22: =属性定价!$C$11 -> 0.0018 | P22: 技能伤害
N23: 暴击伤害 | O23: =属性定价!$C$12 -> 0.0054 | P23: 必杀伤害
N24: 各种伤害增加 | O24: =属性定价!$C$13 -> 0.0033
N25: 普攻伤害加成 | O25: =属性定价!$C$14 -> 0.009
N26: 技能伤害加成 | O26: =属性定价!$C$15 -> 0.012
N27: 必杀伤害加成 | O27: =属性定价!$C$16 -> 0.012
N28: 治疗率 | O28: =属性定价!$C$17 -> 0.005
N29: 冷却缩减 | O29: =属性定价!$C$18 -> 0.0025
N30: 物理伤害加成 | O30: =属性定价!$C$19 -> 0.0042
N31: 魔法伤害加成 | O31: =属性定价!$C$20 -> 0.0042
N32: 暴击等级 | O32: =属性定价!$C$21 -> 90
N33: 暴击伤害等级 | O33: =属性定价!$C$22 -> 110
N34: 能量回复等级 | O34: =属性定价!$C$23 -> 90
N35: 技能冷却等级 | O35: =属性定价!$C$24 -> 130
N36: 攻击百分比 | O36: =属性定价!$C$25 -> 0.01
N37: 攻击百分比 | O37: =属性定价!$C$26 -> 0.01
N38: 格挡率 | O38: =属性定价!$C$27 -> 0.0033333333
N39: 格挡等级 | O39: =属性定价!$C$28 -> 100

Sheet 角色星盘
B2: 星盘养成概述
B4: 1 | C4: 角色星盘承载部分角色基础属性、同时投放部分偏向的普通二级属性和基础属性%
B6: 2 | C6: 每个角色选择3个偏向的普通二级属性和基础属性%，根据角色的定位和技能设计
C8: 例如一个物理C，可以选择 攻击力%，暴击率和暴击爆伤
B10: 3 | C10: 目前一共 | D10: 27 | E10: 个点位，免费投放的点位数量为 | H10: 21 | I10: 个，其中属性点位 | K10: 8 | L10: 个，技能点位 | N10: =D10-K10 -> 19 | O10: 个
K11: 属性点位越外环，给的属性越多
B13: 4 | C13: 预计投放的基础属性
G14: 预计偏向基础属性%+二级属性
C15: 生命 | D15: 攻击 | E15: 防御 | G15: 偏向值 | J15: 实际
C16: =养成属性规划!D39 -> 11500 | D16: =养成属性规划!E39 -> 3450 | E16: =养成属性规划!F39 -> 2300 | G16: =养成属性规划!P39 -> 1.2 | J16: =$F$45 -> 1.2
B20: 每次升级基础属性
C22: 生命 | D22: 攻击 | E22: 防御
C23: =ROUND(C16/$D$10,0) -> 426 | D23: =ROUND(D16/$D$10,0) -> 128 | E23: =ROUND(E16/$D$10,0) -> 85
B26: 点位设计
B29: 内圈 | E29: 中圈 | I29: 外圈
C31: 数量 | F31: 数量 | J31: 数量
B32: 普攻升级 | C32: 3 | E32: 普攻升级 | F32: 0 | I32: 普攻升级 | J32: 0
B33: 必杀升级 | C33: 3 | E33: 必杀升级 | F33: 0 | I33: 必杀升级 | J33: 0
B34: 被动升级 | C34: 3 | E34: 被动升级 | F34: 3 | I34: 被动升级 | J34: 3
B35: 属性激活 | C35: 0 | E35: 属性激活 | F35: 4 | I35: 属性激活 | J35: 4
B36: 额外能力 | C36: 0 | E36: 额外能力 | F36: 2 | I36: 额外能力 | J36: 2
C37: =SUM(C32:C36) -> 9 | F37: =SUM(F32:F36) -> 9 | J37: =SUM(J32:J36) -> 9
I38: 总 | J38: =J37+F37+C37 -> 27
B39: 属性点位
D41: 数量 | E41: 单点属性%
B42: 内圈 | D42: 0 | E42: 0 | F42: =E42*D42 -> 0 | M42: 攻击百分比 | N42: =属性定价!$C$6 -> 0.01
B43: 中圈 | D43: 4 | E43: 0.15 | F43: =E43*D43 -> 0.6 | M43: 防御百分比 | N43: =属性定价!$C$7 -> 0.01
B44: 外圈 | D44: 4 | E44: 0.15 | F44: =E44*D44 -> 0.6 | M44: 生命百分比 | N44: =属性定价!$C$8 -> 0.01
F45: =F42+F43+F44 -> 1.2 | M45: 普攻速度百分比 | N45: =属性定价!$C$9 -> 0
M46: 必杀回复速度 | N46: =属性定价!$C$10 -> 0.0033
M47: 暴击率 | N47: =属性定价!$C$11 -> 0.0018
B48: 投放模板 | M48: 暴击伤害 | N48: =属性定价!$C$12 -> 0.0054
M49: 各种伤害增加 | N49: =属性定价!$C$13 -> 0.0033
B50: 每个角色选择3个属性进行投放 | M50: 普攻伤害加成 | N50: =属性定价!$C$14 -> 0.009
M51: 技能伤害加成 | N51: =属性定价!$C$15 -> 0.012
B52: A | C52: B | D52: C | I52: 例如物理主C | M52: 必杀伤害加成 | N52: =属性定价!$C$16 -> 0.012
B53: =SUMIF($C$56:$C$64,B52,$D$56:$D$64) -> 0.3 | C53: =SUMIF($C$56:$C$64,C52,$D$56:$D$64) -> 0.45 | D53: =SUMIF($C$56:$C$64,D52,$D$56:$D$64) -> 0.45 | I53: 暴击 | J53: 暴击伤害 | K53: 攻击百分比 | M53: 治疗率 | N53: =属性定价!$C$17 -> 0.005
B54: 次要 | M54: 冷却缩减 | N54: =属性定价!$C$18 -> 0.0025
I55: 内圈 | M55: 物理伤害加成 | N55: =属性定价!$C$19 -> 0.0042
B56: 中圈 | C56: A | D56: =$E$43 -> 0.15 | J56: 暴击率 | K56: 0.02 | M56: 魔法伤害加成 | N56: =属性定价!$C$20 -> 0.0042
C57: B | D57: =$E$43 -> 0.15 | J57: 物理百分比% | K57: 0.04 | M57: 暴击等级 | N57: =属性定价!$C$21 -> 90
C58: C | D58: =$E$43 -> 0.15 | J58: 暴击伤害 | K58: 0.04 | M58: 暴击伤害等级 | N58: =属性定价!$C$22 -> 110
C59: B | D59: =$E$43 -> 0.15 | M59: 能量回复等级 | N59: =属性定价!$C$23 -> 90
B60: 外圈 | C60: C | D60: =$E$44 -> 0.15 | M60: 技能冷却等级 | N60: =属性定价!$C$24 -> 130
C61: A | D61: =$E$44 -> 0.15 | I61: 中圈 | J61: 物理百分比% | K61: 0.06 | M61: 攻击百分比 | N61: =属性定价!$C$25 -> 0.01
C62: B | D62: =$E$44 -> 0.15 | J62: 暴击伤害 | K62: 0.06 | M62: 攻击百分比 | N62: =属性定价!$C$26 -> 0.01
C63: C | D63: =$E$44 -> 0.15 | M63: 格挡率 | N63: =属性定价!$C$27 -> 0.0033333333
M64: 格挡等级 | N64: =属性定价!$C$28 -> 100
I67: 外圈 | J67: 物理百分比% | K67: 0.06
J68: 暴击率 | K68: 0.03
J69: 暴击伤害 | K69: 0.06

Sheet 专武
B2: 专武养成概述
B4: 1 | C4: 专武相当于角色机制的延伸，主要投放机制为主
B6: 2 | C6: 投放的具体属性为基础属性，和预计偏向基础属性%+二级属性
B8: 3 | C8: 升级给基础属性，突破给预计偏向基础属性%+二级属性，升星给技能机制升级
B10: 预计投放的属性
F11: 预计偏向基础属性%+二级属性 | K11: 可用二级属性
B12: 生命 | C12: 攻击 | D12: 防御 | F12: 偏向值 | K12: 普攻伤害加成
B13: =养成属性规划!D41 -> 20000 | C13: =养成属性规划!E41 -> 6000 | D13: =养成属性规划!F41 -> 4000 | F13: =养成属性规划!P41 -> 0.6 | K13: 技能伤害加成
K14: 必杀伤害加成
K15: 治疗率
B16: 规划专武上限等级 | K16: 技能冷却等级
B17: 60 | K17: 暴击等级
K18: 暴击伤害等级
B19: 基础属性占比 | C19: 0.15 | K19: 能量回复等级
B20: 每级属性成长 | C20: =(1-C19)/B17 -> 0.014166667 | K20: 攻击百分比
K21: 攻击百分比
B22: 装备面板属性1=（装备基础属性+（装备等级-1）*属性成长），面板显示四舍五入 | K22: 生命百分比
K23: 防御力百分比
B24: 基础属性 | G24: 突破属性 | K24: 格挡等级
B25: =VLOOKUP(A26,$M$45:$N$47,2,0) -> 1 | H25: 预计偏向基础属性%+二级属性
A26: SSR | B26: 生命 | C26: 攻击 | D26: 防御 | F26: 玩家等级 | G26: 突破等级 | H26: SSR | I26: SR | J26: R | L26: 投放示意 | M26: 暴击等级 | N26: 暴击伤害等级 | O26: 攻击百分比 | R26: 以攻击百分比为基准的属性定价
A27: 基础 | B27: =ROUND(B13*$C$19*$B$25,0) -> 3000 | C27: =ROUND(C13*$C$19*$B$25,0) -> 900 | D27: =ROUND(D13*$C$19*$B$25,0) -> 600 | F27: 0 | G27: 0 | H27: 0.2 | I27: =ROUND(H27*$Q$46,2) -> 0.15 | J27: =H27*$Q$45 -> 0.1 | R27: 攻击百分比 | S27: =属性定价!$C$6 -> 0.01
A28: 成长 | B28: =ROUND(B13*$C$20*$B$25,2) -> 283.33 | C28: =ROUND(C13*$C$20*$B$25,2) -> 85 | D28: =ROUND(D13*$C$20*$B$25,2) -> 56.67 | F28: 20 | G28: 20 | H28: 0.25 | I28: =ROUND(H28*$Q$46,2) -> 0.19 | J28: =H28*$Q$45 -> 0.125 | L28: 20 | M28: =O28/$S$27*$S$42 -> 1800 | N28: =O28/$S$27*$S$43 -> 2200 | O28: 0.2 | R28: 防御百分比 | S28: =属性定价!$C$7 -> 0.01
F29: 30 | G29: 30 | H29: 0.3 | I29: =ROUND(H29*$Q$46,2) -> 0.23 | J29: =H29*$Q$45 -> 0.15 | L29: 30 | M29: =O29/$S$27*$S$42 -> 2700 | N29: =O29/$S$27*$S$43 -> 3300 | O29: 0.3 | R29: 生命百分比 | S29: =属性定价!$C$8 -> 0.01
F30: 40 | G30: 40 | H30: 0.35 | I30: =ROUND(H30*$Q$46,2) -> 0.26 | J30: =H30*$Q$45 -> 0.175 | L30: 40 | M30: =O30/$S$27*$S$42 -> 3600 | N30: =O30/$S$27*$S$43 -> 4400 | O30: 0.4 | R30: 普攻速度百分比 | S30: =属性定价!$C$9 -> 0
B31: 0.8 | F31: 50 | G31: 50 | H31: 0.4 | I31: =ROUND(H31*$Q$46,2) -> 0.3 | J31: =H31*$Q$45 -> 0.2 | L31: 50 | M31: =O31/$S$27*$S$42 -> 4500 | N31: =O31/$S$27*$S$43 -> 5500 | O31: 0.5 | R31: 必杀回复速度 | S31: =属性定价!$C$10 -> 0.0033
A32: SR | B32: 生命 | C32: 攻击 | D32: 防御 | L32: 60 | M32: =O32/$S$27*$S$42 -> 5400 | N32: =O32/$S$27*$S$43 -> 6600 | O32: 0.6 | R32: 暴击率 | S32: =属性定价!$C$11 -> 0.0018
A33: 基础 | B33: =ROUND(B13*$C$19*$B$31,0) -> 2400 | C33: =ROUND(C13*$C$19*$B$31,0) -> 720 | D33: =ROUND(D13*$C$19*$B$31,0) -> 480 | R33: 暴击伤害 | S33: =属性定价!$C$12 -> 0.0054
A34: 成长 | B34: =ROUND(B13*$C$20*$B$31,2) -> 226.67 | C34: =ROUND(C13*$C$20*$B$31,2) -> 68 | D34: =ROUND(D13*$C$20*$B$31,2) -> 45.33 | R34: 各种伤害增加 | S34: =属性定价!$C$13 -> 0.0033
R35: 普攻伤害加成 | S35: =属性定价!$C$14 -> 0.009
R36: 技能伤害加成 | S36: =属性定价!$C$15 -> 0.012
B37: 0.7 | R37: 必杀伤害加成 | S37: =属性定价!$C$16 -> 0.012
A38: R | B38: 生命 | C38: 攻击 | D38: 防御 | R38: 治疗率 | S38: =属性定价!$C$17 -> 0.005
A39: 基础 | B39: =ROUND(B13*$C$19*$B$37,0) -> 2100 | C39: =ROUND(C13*$C$19*$B$37,0) -> 630 | D39: =ROUND(D13*$C$19*$B$37,0) -> 420 | G39: 升星数值 | R39: 冷却缩减 | S39: =属性定价!$C$18 -> 0.0025
A40: 成长 | B40: =ROUND(B13*$C$20*$B$37,2) -> 198.33 | C40: =ROUND(C13*$C$20*$B$37,2) -> 59.5 | D40: =ROUND(D13*$C$20*$B$37,2) -> 39.67 | R40: 物理伤害加成 | S40: =属性定价!$C$19 -> 0.0042
G41: 升星不带来任何属性提升，突破星级只带来被动提升 | R41: 魔法伤害加成 | S41: =属性定价!$C$20 -> 0.0042
R42: 暴击等级 | S42: =属性定价!$C$21 -> 90
G43: 预计提升加成 | M43: 专武基础属性品质系数 | P43: 专武基础属性品质系数 | R43: 暴击伤害等级 | S43: =属性定价!$C$22 -> 110
R44: 能量回复等级 | S44: =属性定价!$C$23 -> 90
G45: 星级 | H45: 战斗加成 | M45: R | N45: 0.8 | P45: R | Q45: 0.5 | R45: 技能冷却等级 | S45: =属性定价!$C$24 -> 130
G46: 0 | H46: 0.25 | M46: SR | N46: 0.9 | P46: SR | Q46: 0.75 | R46: 攻击百分比 | S46: =属性定价!$C$25 -> 0.01
G47: 1 | H47: 0.3 | M47: SSR | N47: 1 | P47: SSR | Q47: 1 | R47: 攻击百分比 | S47: =属性定价!$C$26 -> 0.01
G48: 2 | H48: 0.35 | R48: 格挡率 | S48: =属性定价!$C$27 -> 0.0033333333
G49: 3 | H49: 0.4 | R49: 格挡等级 | S49: =属性定价!$C$28 -> 100
G50: 4 | H50: 0.45
G51: 5 | H51: 0.5

Sheet 旅券
B2: 旅券数值概述
B4: 1 | C4: 角色中后期的属性追求之一，承载一部分养成坑深
B6: 2 | C6: 套装属性4+2,2件套为属性，4件套为效果
B8: 3 | C8: 每套旅券带个小被动，6件总的战斗提升期望为 | F8: 0.3
B10: 4 | C10: 预计投放的基础属性 | G10: 预计投放的二级属性
C12: 生命 | D12: 攻击 | E12: 防御 | G12: 二级属性
C13: =养成属性规划!D42 -> 30000 | D13: =养成属性规划!E42 -> 9000 | E13: =养成属性规划!F42 -> 6000 | G13: =养成属性规划!P42 -> 4.2
C16: 旅券预计投入属性 | F16: 以攻击百分比为基准的属性定价
C17: 普攻伤害加成 | F17: 攻击百分比 | G17: =属性定价!$C$6 -> 0.01
C18: 技能伤害加成 | F18: 防御百分比 | G18: =属性定价!$C$7 -> 0.01
C19: 必杀伤害加成 | F19: 生命百分比 | G19: =属性定价!$C$8 -> 0.01
C20: 治疗率 | F20: 普攻速度百分比 | G20: =属性定价!$C$9 -> 0
C21: 技能冷却等级 | F21: 必杀回复速度 | G21: =属性定价!$C$10 -> 0.0033 | H21: 普攻伤害
C22: 攻击力 | F22: 暴击率 | G22: =属性定价!$C$11 -> 0.0018 | H22: 技能伤害
C23: 攻击力 | F23: 暴击伤害 | G23: =属性定价!$C$12 -> 0.0054 | H23: 必杀伤害
C24: 防御 | F24: 各种伤害增加 | G24: =属性定价!$C$13 -> 0.0033
C25: 生命 | F25: 普攻伤害加成 | G25: =属性定价!$C$14 -> 0.009
C26: 暴击等级 | F26: 技能伤害加成 | G26: =属性定价!$C$15 -> 0.012
C27: 暴击伤害等级 | F27: 必杀伤害加成 | G27: =属性定价!$C$16 -> 0.012
C28: 能量回复等级 | F28: 治疗率 | G28: =属性定价!$C$17 -> 0.005
C29: 攻击百分比 | F29: 冷却缩减 | G29: =属性定价!$C$18 -> 0.0025
C30: 攻击百分比 | F30: 物理伤害加成 | G30: =属性定价!$C$19 -> 0.0042
C31: 生命百分比 | F31: 魔法伤害加成 | G31: =属性定价!$C$20 -> 0.0042
C32: 防御力百分比 | F32: 暴击等级 | G32: =属性定价!$C$21 -> 90
C33: 格挡等级 | F33: 暴击伤害等级 | G33: =属性定价!$C$22 -> 110
F34: 能量回复等级 | G34: =属性定价!$C$23 -> 90
F35: 技能冷却等级 | G35: =属性定价!$C$24 -> 130
F36: 攻击百分比 | G36: =属性定价!$C$25 -> 0.01
F37: 攻击百分比 | G37: =属性定价!$C$26 -> 0.01
F38: 格挡率 | G38: =属性定价!$C$27 -> 0.0033333333
F39: 格挡等级 | G39: =属性定价!$C$28 -> 100
B43: 旅券主副属性二级属性分配
B45: 主属性权重 | C45: 32 | D45: =C45/SUM(C45:C46) -> 0.32
B46: 副属性权重 | C46: 68 | D46: =C46/SUM(C45:C46) -> 0.68
B48: 主属性二级属性 | C48: =D45*$G$13 -> 1.344
B49: 副属性二级属性 | C49: =D46*$G$13 -> 2.856
B54: 旅券品质系数
B56: 普通 | C56: 0.4
B57: 稀有 | C57: 0.6
B58: 史诗 | C58: 0.8
B59: 传说 | C59: 1
B61: 旅券属性计算公式：
B62: 旅券面板属性1=（旅券基础属性1+（旅券等级-1）*属性成长1），面板显示四舍五入
B63: 旅券面板属性2=（旅券基础属性2+（旅券等级-1）*属性成长2），面板显示四舍五入
B66: 规划旅券上限等级 | C66: 5
B69: 旅券主属性
B71: 基础属性占比 | C71: 0.2
B72: 每级属性成长 | C72: =(1-C71)/(C66) -> 0.16
B73: 主属性二级属性数量 | C73: 3
B74: 主属性二级属性数值 | C74: =C48/C73 -> 0.448
B77: 旅券主属性类型分配
B78: 旅券有6个部位，每个部位的主属性分配见下表
B80: 部位1 | C80: 权重 | D80: 部位2 | E80: 权重 | F80: 部位3 | G80: 权重 | H80: 部位4 | I80: 权重 | J80: 部位5 | K80: 权重 | L80: 部位6 | M80: 权重
B81: 攻击 | C81: 100 | D81: 生命 | E81: 100 | F81: 防御 | G81: 100 | H81: 攻击百分比 | I81: 200 | J81: 攻击百分比 | K81: 200 | L81: 攻击百分比 | M81: 200
B82: 攻击 | C82: 100 | H82: 攻击百分比 | I82: 200 | J82: 攻击百分比 | K82: 200 | L82: 攻击百分比 | M82: 200
H83: 生命百分比 | I83: 200 | J83: 生命百分比 | K83: 200 | L83: 生命百分比 | M83: 200
H84: 防御力百分比 | I84: 200 | J84: 防御力百分比 | K84: 200 | L84: 防御力百分比 | M84: 200
H85: 必杀回复速度等级 | I85: 100 | L85: 暴击等级 | M85: 100
L86: 暴击伤害等级 | M86: 100
B90: 旅券主属性数值
B91: 以下数值以传说旅券为准，其余品质的属性需要乘以相应的系数
C93: 满级属性 | E93: 基础数值 | F93: 成长属性
B94: 普攻伤害加成 | C94: =$C$74*VLOOKUP(B94,$F$17:$G$42,2,0)/$G$17 -> 0.4032 | E94: =C94*$C$71 -> 0.08064 | F94: =C94*$C$72 -> 0.064512
B95: 技能伤害加成 | C95: =$C$74*VLOOKUP(B95,$F$17:$G$37,2,0)/$G$17 -> 0.5376 | E95: =C95*$C$71 -> 0.10752 | F95: =C95*$C$72 -> 0.086016
B96: 必杀伤害加成 | C96: =$C$74*VLOOKUP(B96,$F$17:$G$37,2,0)/$G$17 -> 0.5376 | E96: =C96*$C$71 -> 0.10752 | F96: =C96*$C$72 -> 0.086016
B97: 治疗率 | C97: =$C$74*VLOOKUP(B97,$F$17:$G$37,2,0)/$G$17 -> 0.224 | E97: =C97*$C$71 -> 0.0448 | F97: =C97*$C$72 -> 0.03584
B98: 技能冷却等级 | C98: =ROUND($C$74*VLOOKUP(B98,$F$17:$G$37,2,0)/$G$17,0) -> 5824 | E98: =C98*$C$71 -> 1164.8 | F98: =C98*$C$72 -> 931.84
B99: 暴击等级 | C99: =ROUND($C$74*VLOOKUP(B99,$F$17:$G$37,2,0)/$G$17,0) -> 4032 | E99: =C99*$C$71 -> 806.4 | F99: =C99*$C$72 -> 645.12
B100: 暴击伤害等级 | C100: =ROUND($C$74*VLOOKUP(B100,$F$17:$G$37,2,0)/$G$17,0) -> 4928 | E100: =C100*$C$71 -> 985.6 | F100: =C100*$C$72 -> 788.48
B101: 能量回复等级 | C101: =ROUND($C$74*VLOOKUP(B101,$F$17:$G$39,2,0)/$G$17,0) -> 4032 | E101: =C101*$C$71 -> 806.4 | F101: =C101*$C$72 -> 645.12
B102: 攻击百分比 | C102: =$C$74*VLOOKUP(B102,$F$17:$G$37,2,0)/$G$17 -> 0.448 | E102: =C102*$C$71 -> 0.0896 | F102: =C102*$C$72 -> 0.07168
B103: 攻击百分比 | C103: =$C$74*VLOOKUP(B103,$F$17:$G$37,2,0)/$G$17 -> 0.448 | E103: =C103*$C$71 -> 0.0896 | F103: =C103*$C$72 -> 0.07168
B104: 生命百分比 | C104: =$C$74*VLOOKUP(B104,$F$17:$G$37,2,0)/$G$17 -> 0.448 | E104: =C104*$C$71 -> 0.0896 | F104: =C104*$C$72 -> 0.07168
B105: 防御百分比 | C105: =$C$74*VLOOKUP(B105,$F$17:$G$37,2,0)/$G$17 -> 0.448 | E105: =C105*$C$71 -> 0.0896 | F105: =C105*$C$72 -> 0.07168
B106: 格挡等级 | C106: =ROUND($C$74*VLOOKUP(B106,$F$17:$G$39,2,0)/$G$17,0) -> 4480 | E106: =C106*$C$71 -> 896 | F106: =C106*$C$72 -> 716.8
B108: 攻击力 | C108: =D13 -> 9000 | E108: =C108*$C$71 -> 1800 | F108: =C108*$C$72 -> 1440
B109: 攻击力 | C109: =D13 -> 9000 | E109: =C109*$C$71 -> 1800 | F109: =C109*$C$72 -> 1440
B110: 防御 | C110: =E13 -> 6000 | E110: =C110*$C$71 -> 1200 | F110: =C110*$C$72 -> 960
B111: 生命 | C111: =C13 -> 30000 | E111: =C111*$C$71 -> 6000 | F111: =C111*$C$72 -> 4800
B115: 旅券副属性
B117: 部位数量 | C117: 6
B118: 每个部位词条数 | C118: 2
B120: 单词条数值 | C120: =C49/C117/C118 -> 0.238
B121: 基础属性占比 | C121: 0.286
B122: 每级属性成长 | C122: =(1-C121)/(C66)*C118 -> 0.2856
B124: 副词条属性
E125: 1级属性 | F125: 成长属性
B126: 暴击等级 | C126: =$C$120*VLOOKUP(B126,$F$17:$G$37,2,0)/$G$17 -> 2142 | E126: =C126*$C$121 -> 612.612 | F126: =C126*$C$122 -> 611.7552
B127: 暴击伤害等级 | C127: =$C$120*VLOOKUP(B127,$F$17:$G$37,2,0)/$G$17 -> 2618 | E127: =C127*$C$121 -> 748.748 | F127: =C127*$C$122 -> 747.7008
B128: 攻击百分比 | C128: =$C$120*VLOOKUP(B128,$F$17:$G$37,2,0)/$G$17 -> 0.238 | E128: =C128*$C$121 -> 0.068068 | F128: =C128*$C$122 -> 0.0679728
B129: 攻击百分比 | C129: =$C$120*VLOOKUP(B129,$F$17:$G$37,2,0)/$G$17 -> 0.238 | E129: =C129*$C$121 -> 0.068068 | F129: =C129*$C$122 -> 0.0679728
B130: 生命百分比 | C130: =$C$120*VLOOKUP(B130,$F$17:$G$37,2,0)/$G$17 -> 0.238 | E130: =C130*$C$121 -> 0.068068 | F130: =C130*$C$122 -> 0.0679728
B131: 防御百分比 | C131: =$C$120*VLOOKUP(B131,$F$17:$G$37,2,0)/$G$17 -> 0.238 | E131: =C131*$C$121 -> 0.068068 | F131: =C131*$C$122 -> 0.0679728
B132: 攻击力 | C132: =C108/5 -> 1800 | E132: =ROUND(C132*$C$121,0) -> 515 | F132: =ROUND(C132*$C$122,0) -> 514
B133: 攻击力 | C133: =C109/5 -> 1800 | E133: =ROUND(C133*$C$121,0) -> 515 | F133: =ROUND(C133*$C$122,0) -> 514
B134: 防御 | C134: =C110/5 -> 1200 | E134: =ROUND(C134*$C$121,0) -> 343 | F134: =ROUND(C134*$C$122,0) -> 343
B135: 生命 | C135: =C111/5 -> 6000 | E135: =ROUND(C135*$C$121,0) -> 1716 | F135: =ROUND(C135*$C$122,0) -> 1714
B138: 毕业计算
B140: 部位1 | C140: =10*9/2 -> 45
B141: 部位2 | C141: =10*9/2 -> 45
...

Sheet 配置页-旅券
B2: 主属性
A3: 品质 | B3: 生命 | C3: 生命 | D3: 攻击力 | E3: =D3 -> 攻击力 | F3: 攻击力 | G3: =F3 -> 攻击力 | H3: 防御 | I3: =H3 -> 防御 | J3: 生命百分比 | K3: =J3 -> 生命百分比 | L3: 攻击百分比 | M3: =L3 -> 攻击百分比 | N3: 攻击百分比 | O3: =N3 -> 攻击百分比 | P3: 防御百分比 | Q3: =P3 -> 防御百分比 | R3: 普攻伤害加成 | S3: =R3 -> 普攻伤害加成 | T3: 技能伤害加成 | U3: =T3 -> 技能伤害加成 | V3: 必杀伤害加成 | W3: =V3 -> 必杀伤害加成 | X3: 治疗率 | Y3: =X3 -> 治疗率 | Z3: 技能冷却等级 | AA3: =Z3 -> 技能冷却等级 | AB3: 暴击等级 | AC3: =AB3 -> 暴击等级 | AD3: 暴击伤害等级 | AE3: =AD3 -> 暴击伤害等级 | AF3: 能量回复等级 | AG3: =AF3 -> 能量回复等级 | AH3: 格挡等级 | AI3: =AH3 -> 格挡等级
A4: 2 | B4: =B$7*旅券!$C56 -> 2400 | C4: =C$7*旅券!$C56 -> 1920 | D4: =D$7*旅券!$C56 -> 720 | E4: =E$7*旅券!$C56 -> 576 | F4: =F$7*旅券!$C56 -> 720 | G4: =G$7*旅券!$C56 -> 576 | H4: =H$7*旅券!$C56 -> 480 | I4: =I$7*旅券!$C56 -> 384 | ... AI4: =AI$7*旅券!$C56 -> 288
A5: 3 | B5: =B$7*旅券!$C57 -> 3600 | C5: =C$7*旅券!$C57 -> 2880 | D5: =D$7*旅券!$C57 -> 1080 | E5: =E$7*旅券!$C57 -> 864 | F5: =F$7*旅券!$C57 -> 1080 | G5: =G$7*旅券!$C57 -> 864 | H5: =H$7*旅券!$C57 -> 720 | I5: =I$7*旅券!$C57 -> 576 | ... AI5: =AI$7*旅券!$C57 -> 432
A6: 4 | B6: =B$7*旅券!$C58 -> 4800 | C6: =C$7*旅券!$C58 -> 3840 | D6: =D$7*旅券!$C58 -> 1440 | E6: =E$7*旅券!$C58 -> 1152 | F6: =F$7*旅券!$C58 -> 1440 | G6: =G$7*旅券!$C58 -> 1152 | H6: =H$7*旅券!$C58 -> 960 | I6: =I$7*旅券!$C58 -> 768 | ... AI6: =AI$7*旅券!$C58 -> 576
A7: 5 | B7: =ROUND(VLOOKUP(B$3,旅券!$B$94:$F$111,4,0),-1) -> 6000 | C7: =ROUND(VLOOKUP(C$3,旅券!$B$94:$F$111,5,0),-1) -> 4800 | D7: =ROUND(VLOOKUP(D$3,旅券!$B$94:$F$111,4,0),-1) -> 1800 | E7: =ROUND(VLOOKUP(E$3,旅券!$B$94:$F$111,5,0),-1) -> 1440 | F7: =ROUND(VLOOKUP(F$3,旅券!$B$94:$F$111,4,0),-1) -> 1800 | G7: =ROUND(VLOOKUP(G$3,旅券!$B$94:$F$111,5,0),-1) -> 1440 | H7: =ROUND(VLOOKUP(H$3,旅券!$B$94:$F$111,4,0),-1) -> 1200 | I7: =ROUND(VLOOKUP(I$3,旅券!$B$94:$F$111,5,0),-1) -> 960 | J7: =ROUND(VLOOKUP(J$3,旅券!$B$94:$F$111,4,0),3) -> 0.09 | K7: =ROUND(VLOOKUP(K$3,旅券!$B$94:$F$111,5,0),3) -> 0.072 | L7: =ROUND(VLOOKUP(L$3,旅券!$B$94:$F$111,4,0),3) -> 0.09 | M7: =ROUND(VLOOKUP(M$3,旅券!$B$94:$F$111,5,0),3) -> 0.072 | N7: =ROUND(VLOOKUP(N$3,旅券!$B$94:$F$111,4,0),3) -> 0.09 | O7: =ROUND(VLOOKUP(O$3,旅券!$B$94:$F$111,5,0),3) -> 0.072 | P7: =ROUND(VLOOKUP(P$3,旅券!$B$94:$F$111,4,0),3) -> 0.09 | Q7: =ROUND(VLOOKUP(Q$3,旅券!$B$94:$F$111,5,0),3) -> 0.072 | R7: =ROUND(VLOOKUP(R$3,旅券!$B$94:$F$111,4,0),3) -> 0.081 | S7: =ROUND(VLOOKUP(S$3,旅券!$B$94:$F$111,5,0),3) -> 0.065 | T7: =ROUND(VLOOKUP(T$3,旅券!$B$94:$F$111,4,0),3) -> 0.108 | U7: =ROUND(VLOOKUP(U$3,旅券!$B$94:$F$111,5,0),3) -> 0.086 | V7: =ROUND(VLOOKUP(V$3,旅券!$B$94:$F$111,4,0),3) -> 0.108 | W7: =ROUND(VLOOKUP(W$3,旅券!$B$94:$F$111,5,0),3) -> 0.086 | X7: =ROUND(VLOOKUP(X$3,旅券!$B$94:$F$111,4,0),3) -> 0.045 | Y7: =ROUND(VLOOKUP(Y$3,旅券!$B$94:$F$111,5,0),3) -> 0.036 | Z7: =ROUND(VLOOKUP(Z$3,旅券!$B$94:$F$111,4,0),-1) -> 1160 | AA7: =ROUND(VLOOKUP(AA$3,旅券!$B$94:$F$111,5,0),-1) -> 930 | AB7: =ROUND(VLOOKUP(AB$3,旅券!$B$94:$F$111,4,0),-1) -> 810 | AC7: =ROUND(VLOOKUP(AC$3,旅券!$B$94:$F$111,5,0),-1) -> 650 | AD7: =ROUND(VLOOKUP(AD$3,旅券!$B$94:$F$111,4,0),-1) -> 990 | AE7: =ROUND(VLOOKUP(AE$3,旅券!$B$94:$F$111,5,0),-1) -> 790 | AF7: =ROUND(VLOOKUP(AF$3,旅券!$B$94:$F$111,4,0),-1) -> 810 | AG7: =ROUND(VLOOKUP(AG$3,旅券!$B$94:$F$111,5,0),-1) -> 650 | AH7: =ROUND(VLOOKUP(AH$3,旅券!$B$94:$F$111,4,0),-1) -> 900 | AI7: =ROUND(VLOOKUP(AI$3,旅券!$B$94:$F$111,5,0),-1) -> 720
B10: 副属性
A12: 品质 | B12: 暴击等级 | C12: 暴击伤害等级 | D12: 攻击百分比 | E12: 攻击百分比 | F12: 生命百分比 | G12: 防御百分比 | H12: 当前行是否有效
A13: 2 | B13: =ROUND(B$16*旅券!$C56,0) -> 245 | C13: =ROUND(C$16*旅券!$C56,0) -> 300 | D13: =ROUND(D$16*旅券!$C56,3) -> 0.027 | E13: =ROUND(E$16*旅券!$C56,3) -> 0.027 | F13: =ROUND(F$16*旅券!$C56,3) -> 0.027 | G13: =ROUND(G$16*旅券!$C56,3) -> 0.027 | H13: true
A14: 3 | B14: =ROUND(B$16*旅券!$C57,0) -> 368 | C14: =ROUND(C$16*旅券!$C57,0) -> 449 | D14: =ROUND(D$16*旅券!$C57,3) -> 0.041 | E14: =ROUND(E$16*旅券!$C57,3) -> 0.041 | F14: =ROUND(F$16*旅券!$C57,3) -> 0.041 | G14: =ROUND(G$16*旅券!$C57,3) -> 0.041 | H14: true
A15: 4 | B15: =ROUND(B$16*旅券!$C58,0) -> 490 | C15: =ROUND(C$16*旅券!$C58,0) -> 599 | D15: =ROUND(D$16*旅券!$C58,3) -> 0.054 | E15: =ROUND(E$16*旅券!$C58,3) -> 0.054 | F15: =ROUND(F$16*旅券!$C58,3) -> 0.054 | G15: =ROUND(G$16*旅券!$C58,3) -> 0.054 | H15: true
A16: 5 | B16: =ROUND(旅券!$E$126,0) -> 613 | C16: =ROUND(旅券!$E$127,0) -> 749 | D16: =ROUND(旅券!$E$128,3) -> 0.068 | E16: =ROUND(旅券!$E$129,3) -> 0.068 | F16: =ROUND(旅券!$E$130,3) -> 0.068 | G16: =ROUND(旅券!$E$131,3) -> 0.068 | H16: true

Sheet 配置页-推荐邮票
A1: ##var | B1: ID | C1: HeroId | D1: ## | E1: Priority | F1: StrategyId | G1: PrimAttr | H1: SecAttr | I1: IsValid
A2: ##type | B2: int | C2: int | E2: int | F2: int | G2: (array#sep=;),string | H2: (array#sep=;),string | I2: bool
A3: ##group
A4: ## | B4: 排序 | C4: 武将ID | D4: 武将名称（辅助） | E4: 推荐优先级(1=最高) | F4: 旅券套装ID | G4: 推荐主属性(4号位;5号位;6号位) | H4: 推荐副属性 | I4: 当前行是否有效
B5: =ROW()-4 -> 1 | C5: 1001 | D5: 星海 | E5: 1 | F5: 3 | G5: PhysicsAttackBonus;Crit;CritDmgBonus | H5: PhysicsAttackBonus;Crit;CritDmgBonus | I5: true
B6: =ROW()-4 -> 2 | C6: 1001 | D6: 星海 | E6: 2 | F6: 12 | G6: PhysicsAttackBonus;Crit;CritDmgBonus | H6: PhysicsAttackBonus;Crit;CritDmgBonus | I6: true
B7: =ROW()-4 -> 3 | C7: 1001 | D7: 星海 | E7: 3 | F7: 4 | G7: PhysicsAttackBonus;Crit;CritDmgBonus | H7: PhysicsAttackBonus;Crit;CritDmgBonus | I7: true
B8: =ROW()-4 -> 4 | C8: 1001 | D8: 星海 | E8: 4 | F8: 11 | G8: PhysicsAttackBonus;Crit;CritDmgBonus | H8: PhysicsAttackBonus;Crit;CritDmgBonus | I8: true
B9: =ROW()-4 -> 5 | C9: 1002 | D9: 大暑 | E9: 1 | F9: 16 | G9: ArmorBonus;HpBonus;EnergyPreAddBonus | H9: ArmorBonus;HpBonus;PhysicsAttackBonus | I9: true
B10: =ROW()-4 -> 6 | C10: 1002 | D10: 大暑 | E10: 2 | F10: 13 | G10: ArmorBonus;HpBonus;EnergyPreAddBonus | H10: ArmorBonus;HpBonus;PhysicsAttackBonus | I10: true
B11: =ROW()-4 -> 7 | C11: 1002 | D11: 大暑 | E11: 3 | F11: 15 | G11: ArmorBonus;HpBonus;EnergyPreAddBonus | H11: ArmorBonus;HpBonus;PhysicsAttackBonus | I11: true
B12: =ROW()-4 -> 8 | C12: 1002 | D12: 大暑 | E12: 4 | F12: 18 | G12: ArmorBonus;HpBonus;EnergyPreAddBonus | H12: ArmorBonus;HpBonus;PhysicsAttackBonus | I12: true
B13: =ROW()-4 -> 9 | C13: 1003 | D13: 塔拉夏 | E13: 1 | F13: 16 | G13: HpBonus;MagicAttackBonus;Crit | H13: HpBonus;MagicAttackBonus;Crit;ArmorBonus | I13: true
B14: =ROW()-4 -> 10 | C14: 1003 | D14: 塔拉夏 | E14: 2 | F14: 13 | G14: HpBonus;MagicAttackBonus;Crit | H14: HpBonus;MagicAttackBonus;Crit;ArmorBonus | I14: true
B15: =ROW()-4 -> 11 | C15: 1003 | D15: 塔拉夏 | E15: 3 | F15: 15 | G15: HpBonus;MagicAttackBonus;Crit | H15: HpBonus;MagicAttackBonus;Crit;ArmorBonus | I15: true
B16: =ROW()-4 -> 12 | C16: 1003 | D16: 塔拉夏 | E16: 4 | F16: 18 | G16: HpBonus;MagicAttackBonus;Crit | H16: HpBonus;MagicAttackBonus;Crit;ArmorBonus | I16: true
... B116: =ROW()-4 -> 112 | C116: 1040 | D116: 小寒 | E116: 4 | F116: 22 | G116: MagicAttackBonus;EnergyPreAddBonus;HpBonus | H116: MagicAttackBonus;HpBonus;ArmorBonus | I116: true

Sheet 炮台养成数值
B2: 炮台养成是独立于其他养成模块的特殊养成
B3: 只在竞技场（PVPVE）中使用
B4: 玩法简介：两个玩家同时打相同的关卡，如果没清理掉的怪会撞到玩家的屏障，导致掉血，最后血量百分比更高的玩家获胜
B6: 炮台只有两个属性
B7: 生命 | C7: 作用于PVPVE中的玩家屏障数值，具体计算方式为：屏障生命=玩家基础生命+所有炮台生命之和
B8: 攻击 | C8: 作用于PVPVE中的怪攻击击力数值，具体计算方式为：怪攻击击=怪物基础攻击+所有炮台攻击之和
B10: 参数区
C11: 炮台等级上限 | D11: 突破次数
B12: B | C12: 30 | D12: 2
B13: A | C13: 40 | D13: 3
B14: S | C14: 50 | D14: 4
B16: 品阶系数 | C16: 品阶系数在角色初始、升级、升阶和星盘处投放的基础属性数值需要乘上一个百分比
B17: B | C17: 0.5
B18: A | C18: 0.75
B19: S | C19: 1
B20: 水晶基础生命 | C20: 10000 | D20: 炮台上限生命 | E20: 9000 | F20: 炮台数量 | G20: 3 | H20: 单炮台生命 | I20: =E20/$G$20 -> 3000
B21: 水晶基础攻击 | C21: 0 | D21: 炮台上限攻击 | E21: 900 | H21: 单炮台攻击 | I21: =E21/$G$20 -> 300
B23: 正式数值区
B25: S炮台系数 | F25: A炮台系数 | J25: B炮台系数
B27: 等级 | C27: 生命 | D27: 攻击 | F27: 等级 | G27: 生命 | H27: 攻击 | J27: 等级 | K27: 生命 | L27: 攻击
B28: {=_xlfn.SEQUENCE(C14,1,1,1)} -> 1 | C28: =$I$20/$C$14*B28 -> 60 | D28: =$I$21/$C$14*B28 -> 6 | F28: {=_xlfn.SEQUENCE(C13,1,1,1)} -> 1 | G28: =C28*$C$18 -> 45 | H28: =INT(D28*$C$18) -> 4 | J28: {=_xlfn.SEQUENCE(C12,1,1,1)} -> 1 | K28: =C28*$C$17 -> 30 | L28: =INT(D28*$C$17) -> 3
B29: 2 | C29: =$I$20/$C$14*B29 -> 120 | D29: =$I$21/$C$14*B29 -> 12 | F29: 2 | G29: =C29*$C$18 -> 90 | H29: =INT(D29*$C$18) -> 9 | J29: 2 | K29: =C29*$C$17 -> 60 | L29: =INT(D29*$C$17) -> 6
B30: 3 | C30: =$I$20/$C$14*B30 -> 180 | D30: =$I$21/$C$14*B30 -> 18 | F30: 3 | G30: =C30*$C$18 -> 135 | H30: =INT(D30*$C$18) -> 13 | J30: 3 | K30: =C30*$C$17 -> 90 | L30: =INT(D30*$C$17) -> 9
B31: 4 | C31: =$I$20/$C$14*B31 -> 240 | D31: =$I$21/$C$14*B31 -> 24 | F31: 4 | G31: =C31*$C$18 -> 180 | H31: =INT(D31*$C$18) -> 18 | J31: 4 | K31: =C31*$C$17 -> 120 | L31: =INT(D31*$C$17) -> 12
B32: 5 | C32: =$I$20/$C$14*B32 -> 300 | D32: =$I$21/$C$14*B32 -> 30 | F32: 5 | G32: =C32*$C$18 -> 225 | H32: =INT(D32*$C$18) -> 22 | J32: 5 | K32: =C32*$C$17 -> 150 | L32: =INT(D32*$C$17) -> 15
B33: 6 | C33: =$I$20/$C$14*B33 -> 360 | D33: =$I$21/$C$14*B33 -> 36 | F33: 6 | G33: =C33*$C$18 -> 270 | H33: =INT(D33*$C$18) -> 27 | J33: 6 | K33: =C33*$C$17 -> 180 | L33: =INT(D33*$C$17) -> 18
B34: 7 | C34: =$I$20/$C$14*B34 -> 420 | D34: =$I$21/$C$14*B34 -> 42 | F34: 7 | G34: =C34*$C$18 -> 315 | H34: =INT(D34*$C$18) -> 31 | J34: 7 | K34: =C34*$C$17 -> 210 | L34: =INT(D34*$C$17) -> 21
B35: 8 | C35: =$I$20/$C$14*B35 -> 480 | D35: =$I$21/$C$14*B35 -> 48 | F35: 8 | G35: =C35*$C$18 -> 360 | H35: =INT(D35*$C$18) -> 36 | J35: 8 | K35: =C35*$C$17 -> 240 | L35: =INT(D35*$C$17) -> 24
B36: 9 | C36: =$I$20/$C$14*B36 -> 540 | D36: =$I$21/$C$14*B36 -> 54 | F36: 9 | G36: =C36*$C$18 -> 405 | H36: =INT(D36*$C$18) -> 40 | J36: 9 | K36: =C36*$C$17 -> 270 | L36: =INT(D36*$C$17) -> 27
B37: 10 | C37: =$I$20/$C$14*B37 -> 600 | D37: =$I$21/$C$14*B37 -> 60 | F37: 10 | G37: =C37*$C$18 -> 450 | H37: =INT(D37*$C$18) -> 45 | J37: 10 | K37: =C37*$C$17 -> 300 | L37: =INT(D37*$C$17) -> 30
B38: 11 | C38: =$I$20/$C$14*B38 -> 660 | D38: =$I$21/$C$14*B38 -> 66 | F38: 11 | G38: =C38*$C$18 -> 495 | H38: =INT(D38*$C$18) -> 49 | J38: 11 | K38: =C38*$C$17 -> 330 | L38: =INT(D38*$C$17) -> 33
B39: 12 | C39: =$I$20/$C$14*B39 -> 720 | D39: =$I$21/$C$14*B39 -> 72 | F39: 12 | G39: =C39*$C$18 -> 540 | H39: =INT(D39*$C$18) -> 54 | J39: 12 | K39: =C39*$C$17 -> 360 | L39: =INT(D39*$C$17) -> 36
B40: 13 | C40: =$I$20/$C$14*B40 -> 780 | D40: =$I$21/$C$14*B40 -> 78 | F40: 13 | G40: =C40*$C$18 -> 585 | H40: =INT(D40*$C$18) -> 58 | J40: 13 | K40: =C40*$C$17 -> 390 | L40: =INT(D40*$C$17) -> 39
... B57: 30 | C57: =$I$20/$C$14*B57 -> 1800 | D57: =$I$21/$C$14*B57 -> 180 | F57: 30 | G57: =C57*$C$18 -> 1350 | H57: =INT(D57*$C$18) -> 135 | J57: 30 | K57: =C57*$C$17 -> 900 | L57: =INT(D57*$C$17) -> 90
B58: 31 | C58: =$I$20/$C$14*B58 -> 1860 | D58: =$I$21/$C$14*B58 -> 186 | F58: 31 | G58: =C58*$C$18 -> 1395 | H58: =INT(D58*$C$18) -> 139
B59: 32 | C59: =$I$20/$C$14*B59 -> 1920 | D59: =$I$21/$C$14*B59 -> 192 | F59: 32 | G59: =C59*$C$18 -> 1440 | H59: =INT(D59*$C$18) -> 144
B60: 33 | C60: =$I$20/$C$14*B60 -> 1980 | D60: =$I$21/$C$14*B60 -> 198 | F60: 33 | G60: =C60*$C$18 -> 1485 | H60: =INT(D60*$C$18) -> 148
B61: 34 | C61: =$I$20/$C$14*B61 -> 2040 | D61: =$I$21/$C$14*B61 -> 204 | F61: 34 | G61: =C61*$C$18 -> 1530 | H61: =INT(D61*$C$18) -> 153
B62: 35 | C62: =$I$20/$C$14*B62 -> 2100 | D62: =$I$21/$C$14*B62 -> 210 | F62: 35 | G62: =C62*$C$18 -> 1575 | H62: =INT(D62*$C$18) -> 157
B63: 36 | C63: =$I$20/$C$14*B63 -> 2160 | D63: =$I$21/$C$14*B63 -> 216 | F63: 36 | G63: =C63*$C$18 -> 1620 | H63: =INT(D63*$C$18) -> 162
B64: 37 | C64: =$I$20/$C$14*B64 -> 2220 | D64: =$I$21/$C$14*B64 -> 222 | F64: 37 | G64: =C64*$C$18 -> 1665 | H64: =INT(D64*$C$18) -> 166
B65: 38 | C65: =$I$20/$C$14*B65 -> 2280 | D65: =$I$21/$C$14*B65 -> 228 | F65: 38 | G65: =C65*$C$18 -> 1710 | H65: =INT(D65*$C$18) -> 171
B66: 39 | C66: =$I$20/$C$14*B66 -> 2340 | D66: =$I$21/$C$14*B66 -> 234 | F66: 39 | G66: =C66*$C$18 -> 1755 | H66: =INT(D66*$C$18) -> 175
B67: 40 | C67: =$I$20/$C$14*B67 -> 2400 | D67: =$I$21/$C$14*B67 -> 240 | F67: 40 | G67: =C67*$C$18 -> 1800 | H67: =INT(D67*$C$18) -> 180
B68: 41 | C68: =$I$20/$C$14*B68 -> 2460 | D68: =$I$21/$C$14*B68 -> 246
B69: 42 | C69: =$I$20/$C$14*B69 -> 2520 | D69: =$I$21/$C$14*B69 -> 252
B70: 43 | C70: =$I$20/$C$14*B70 -> 2580 | D70: =$I$21/$C$14*B70 -> 258
B71: 44 | C71: =$I$20/$C$14*B71 -> 2640 | D71: =$I$21/$C$14*B71 -> 264
B72: 45 | C72: =$I$20/$C$14*B72 -> 2700 | D72: =$I$21/$C$14*B72 -> 270
B73: 46 | C73: =$I$20/$C$14*B73 -> 2760 | D73: =$I$21/$C$14*B73 -> 276
B74: 47 | C74: =$I$20/$C$14*B74 -> 2820 | D74: =$I$21/$C$14*B74 -> 282
B75: 48 | C75: =$I$20/$C$14*B75 -> 2880 | D75: =$I$21/$C$14*B75 -> 288
B76: 49 | C76: =$I$20/$C$14*B76 -> 2940 | D76: =$I$21/$C$14*B76 -> 294
B77: 50 | C77: =$I$20/$C$14*B77 -> 3000 | D77: =$I$21/$C$14*B77 -> 300

Sheet 设计页-映射装备数值
B2: 主角装备数值概述 | K2: 映射装备属性
K3: 攻击百分比
B4: 1 | C4: 玩家终局养成系统，用随机词条带来究极坑深，承载后期玩家的日活和养成目标，投放的属性占比很大 | K4: 攻击百分比
K5: 防御百分比
B6: 2 | C6: 投放基础属性、基础属性%和普通二级属性 | K6: 生命百分比
K7: 冷却缩减
B8: 3 | C8: 主属性固定，副属性做强的词条与上下限随机 | K8: 必杀回复速度
K9: 暴击率
B10: 4 | C10: 每个装备上会有孔位，数量随机，可以镶嵌宝石和铭文，每个装备上的宝石和铭文可以组成套装 | K10: 暴击伤害
K11: 物理伤害加成
B12: 5 | C12: 宝石可以合成高级宝石，铭文暂时不行 | K12: 魔法伤害加成
K13: 攻击力
C14: 总体的感受应该如下：玩家全力去追求一套毕业的装备，还是词条、孔位上理论上是会有最优解 | K14: 攻击力
K15: 防御
K16: 生命
B25: 6 | C25: 预计投放属性
C27: 基础属性 | O27: 装备副属性+宝石属性
G28: 预计全部基础属性% | K28: 预计偏向全部二级属性 | O28: 预计偏向基础属性%+二级属性+稀有二级属性
C29: 生命 | D29: 攻击 | E29: 防御 | G29: 生命 | H29: 攻击 | I29: 防御 | K29: 偏向值 | O29: 偏向值
C30: =养成属性规划!D43 -> 50000 | D30: =养成属性规划!E43 -> 15000 | E30: =养成属性规划!F43 -> 10000 | G30: =养成属性规划!J43 -> 2.4 | H30: =养成属性规划!K43 -> 2.4 | I30: =养成属性规划!L43 -> 2.4 | K30: =养成属性规划!M43 -> 1.6 | O30: =养成属性规划!P43+养成属性规划!S43 -> 7
B39: 装备主属性
C41: 基础属性分配 | F41: 主属性基础属性
C43: 装备主属性 | D43: 0.75 | F43: 生命 | G43: 攻击 | H43: 防御
C44: 宝石 | D44: 0.25 | F44: =C30*$D$43 -> 37500 | G44: =D30*$D$43 -> 11250 | H44: =E30*$D$43 -> 7500
C47: 部位类型 | D47: 部位再分类 | E47: 主属性1 | F47: 属性占比 | G47: 主属性2 | H47: 属性占比 | K47: 总计
C48: 武器 | D48: 手炮 | E48: 攻击 | F48: 0.5 | G48: 攻击 | H48: 0.5 | K48: 生命 | L48: =SUMIF($G$48:$G$57,K48,$H$48:$H$57)+SUMIF($E$48:$E$57,K48,$F$48:$F$57) -> 1 | O48: 以攻击百分比为基准的属性定价
D49: 枪 | E49: 攻击 | F49: 0.5 | G49: 暴击 | H49: 0.8 | K49: 攻击 | L49: =SUMIF($G$48:$G$57,K49,$H$48:$H$57)+SUMIF($E$48:$E$57,K49,$F$48:$F$57)-F48 -> 2.5 | O49: 攻击百分比 | Q49: =属性定价!$C$6 -> 0.01
D50: 权杖 | E50: 攻击 | F50: 0.5 | G50: 暴击 | H50: 0.8 | K50: 攻击 | L50: =SUMIF($G$48:$G$57,K50,$H$48:$H$57)+SUMIF($E$48:$E$57,K50,$F$48:$F$57)-F48 -> 2.5 | O50: 防御百分比 | Q50: =属性定价!$C$7 -> 0.01
C51: 头盔 | D51: / | E51: 生命 | F51: 0.5 | G51: 攻击% | H51: 1 | K51: 防御 | L51: =SUMIF($G$48:$G$57,K51,$H$48:$H$57)+SUMIF($E$48:$E$57,K51,$F$48:$F$57) -> 1 | O51: 生命百分比 | Q51: =属性定价!$C$8 -> 0.01
C52: 铠甲 | E52: 防御 | F52: 0.5 | G52: 防御% | H52: 1 | J52: 二级 | K52: 暴击 | L52: =SUMIF($G$48:$G$57,K52,$H$48:$H$57)+SUMIF($E$48:$E$57,K52,$F$48:$F$57)-H49 -> 1.6 | O52: 普攻速度百分比 | Q52: =属性定价!$C$9 -> 0
C53: 手套 | E53: 防御 | F53: 0.5 | G53: 攻击% | H53: 1 | K53: 暴击伤害 | L53: =SUMIF($G$48:$G$57,K53,$H$48:$H$57)+SUMIF($E$48:$E$57,K53,$F$48:$F$57) -> 1 | O53: 必杀回复速度 | Q53: =属性定价!$C$10 -> 0.0033
C54: 腰带 | E54: 生命 | F54: 0.5 | G54: 生命% | H54: 1 | K54: 攻击% | L54: =SUMIF($G$48:$G$57,K54,$H$48:$H$57)+SUMIF($E$48:$E$57,K54,$F$48:$F$57) -> 2 | O54: 暴击率 | Q54: =属性定价!$C$11 -> 0.0018
C55: 鞋子 | E55: 攻击 | F55: 0.5 | G55: 冷却缩减 | H55: 0.7 | K55: 攻击% | L55: =SUMIF($G$48:$G$57,K55,$H$48:$H$57)+SUMIF($E$48:$E$57,K55,$F$48:$F$57) -> 2 | O55: 暴击伤害 | Q55: =属性定价!$C$12 -> 0.0054
C56: 装置 | E56: 攻击 | F56: 0.5 | G56: 能量回复速度% | H56: 0.7 | K56: 防御% | L56: =SUMIF($G$48:$G$57,K56,$H$48:$H$57)+SUMIF($E$48:$E$57,K56,$F$48:$F$57) -> 1 | O56: 各种伤害增加 | Q56: =属性定价!$C$13 -> 0.0033
C57: 饰品 | E57: 暴击 | F57: 0.8 | G57: 暴击伤害 | H57: 1 | K57: 生命% | L57: =SUMIF($G$48:$G$57,K57,$H$48:$H$57)+SUMIF($E$48:$E$57,K57,$F$48:$F$57) -> 1 | O57: 普攻伤害加成 | Q57: =属性定价!$C$14 -> 0.009
K58: 能量回复速度% | L58: =SUMIF($G$48:$G$57,K58,$H$48:$H$57)+SUMIF($E$48:$E$57,K58,$F$48:$F$57) -> 0.7 | O58: 技能伤害加成 | Q58: =属性定价!$C$15 -> 0.012
K59: 冷却缩减 | L59: =SUMIF($G$48:$G$57,K59,$H$48:$H$57)+SUMIF($E$48:$E$57,K59,$F$48:$F$57) -> 0.7 | O59: 必杀伤害加成 | Q59: =属性定价!$C$16 -> 0.012
L60: =SUM(L54:L57) -> 6 | M60: =SUM(L52:L59)-L60 -> 4 | O60: 治疗率 | Q60: =属性定价!$C$17 -> 0.005
K61: 单个偏向值 | L61: =G30/L60 -> 0.4 | M61: =K30/M60 -> 0.4 | O61: 冷却缩减 | Q61: =属性定价!$C$18 -> 0.0025
O62: 物理伤害加成 | Q62: =属性定价!$C$19 -> 0.0042
C63: 装备面板属性1=品质系数*（装备基础属性1+（装备等级-1）*属性成长1），面板显示四舍五入 | O63: 魔法伤害加成 | Q63: =属性定价!$C$20 -> 0.0042
C64: 装备面板属性2=品质系数*（装备基础属性2+（装备等级-1）*属性成长2），面板显示四舍五入 | N64: 5000 | O64: 暴击等级 | Q64: =属性定价!$C$21 -> 90
N65: 2500 | O65: 暴击伤害等级 | Q65: =属性定价!$C$22 -> 110
C66: 满级属性 | N66: 2850 | O66: 能量回复等级 | Q66: =属性定价!$C$23 -> 90
N67: 5000 | O67: 技能冷却等级 | Q67: =属性定价!$C$24 -> 130
C68: 武器 | G68: 美化后 | O68: 攻击百分比 | Q68: =属性定价!$C$25 -> 0.01
C69: 攻击 | D69: 攻击 | E69: 暴击等级 | G69: 攻击 | H69: 攻击 | I69: 暴击等级 | O69: 攻击百分比 | Q69: =属性定价!$C$26 -> 0.01
C70: =ROUND(F48*G44,-2) -> 5600 | D70: =ROUND(F49*G44,-2) -> 5600 | E70: =ROUND(H49*M61*Q64*100,-2) -> 2900 | G70: =MROUND(C70,0.5%) -> 5600 | H70: =MROUND(D70,0.5%) -> 5600 | I70: =MROUND(E70,0.5%) -> 2900 | L70: =I70+C98 -> 5800 | M70: =L70/N64 -> 1.16 | O70: 格挡率 | Q70: =属性定价!$C$27 -> 0.0033333333
L71: =D98 -> 4400 | M71: =L71/N65 -> 1.76 | O71: 格挡等级 | Q71: =属性定价!$C$28 -> 100
C72: 头盔 | L72: =H94 -> 2520 | M72: =L72/N66 -> 0.88421053
C73: 生命 | D73: 攻击% | G73: 生命 | H73: 攻击% | L73: =H90 -> 3640 | M73: =L73/N67 -> 0.728
C74: =F51*F44 -> 18750 | D74: =Q49*100*L61*H51 -> 0.4 | G74: =MROUND(C74,0.5%) -> 18750 | H74: =MROUND(D74,0.5%) -> 0.4
C76: 铠甲 | G76: 铠甲
C77: 防御 | D77: 防御% | G77: 防御 | H77: 防御%
C78: =F52*H44 -> 3750 | D78: =H52*L61*Q50*100 -> 0.4 | G78: =MROUND(C78,0.5%) -> 3750 | H78: =MROUND(D78,0.5%) -> 0.4
C80: 手套 | G80: 手套
C81: 防御 | D81: 攻击% | G81: 防御 | H81: 攻击%
C82: =$H$44*F53 -> 3750 | D82: =Q49*100*H53*L61 -> 0.4 | G82: =MROUND(C82,0.5%) -> 3750 | H82: =MROUND(D82,0.5%) -> 0.4
C84: 腰带 | G84: 腰带
C85: 生命 | D85: 生命% | G85: 生命 | H85: 生命%
C86: =F44*$F$54 -> 18750 | D86: =L61*H54*Q51*100 -> 0.4 | G86: =MROUND(C86,0.5%) -> 18750 | H86: =MROUND(D86,0.5%) -> 0.4
C88: 鞋子 | G88: 鞋子
C89: 攻击 | D89: 冷却缩减等级 | G89: 攻击 | H89: 冷却缩减等级
C90: =ROUND(F55*G44,-2) -> 5600 | D90: =ROUND(H55*M61*Q67*100,-1) -> 3640 | G90: =MROUND(C90,0.5%) -> 5600 | H90: =MROUND(D90,0.5%) -> 3640
C92: 装置 | G92: 装置
C93: 攻击 | D93: 能量回复等级 | G93: 攻击 | H93: 能量回复等级
C94: =ROUND(F56*G44,-2) -> 5600 | D94: =ROUND(Q66*M61*100*H56,-1) -> 2520 | G94: =MROUND(C94,0.5%) -> 5600 | H94: =MROUND(D94,0.5%) -> 2520
C96: 饰品 | G96: 饰品
C97: 暴击等级 | D97: 暴击伤害等级 | G97: 暴击等级 | H97: 暴击伤害等级
C98: =ROUND(F57*100*Q64*M61,-2) -> 2900 | D98: =ROUND(H57*Q65*100*M61,-1) -> 4400 | G98: =MROUND(C98,0.5%) -> 2900 | H98: =MROUND(D98,0.5%) -> 4400
C101: 0级属性
C103: 0级属性占比 | E103: 0.1 | G103: 每级成长属性 | H103: =(1-E103)/(E108) -> 0.015
C105: 等级上限 | D105: 普通 | E105: 30
D106: 稀有 | E106: 40
D107: 史诗 | E107: 50
D108: 传说 | E108: 60
C112: 0级属性 | G112: 每级成长属性 | K112: 1级属性
C115: 武器 | G115: 武器 | K115: 武器
C116: 攻击 | D116: 攻击 | E116: 暴击等级 | G116: 攻击 | H116: 攻击 | I116: 暴击等级 | K116: 攻击 | L116: 攻击 | M116: 暴击等级
C117: =$E$103*G70 -> 560 | D117: =$E$103*H70 -> 560 | E117: =ROUND($E$103*I70,0) -> 290 | G117: =ROUND($H$103*G70,0) -> 84 | H117: =ROUND($H$103*H70,0) -> 84 | I117: =ROUND($H$103*I70,0) -> 44 | K117: =C117+G117 -> 644 | L117: =D117+H117 -> 644 | M117: =E117+I117 -> 334
C118: 头盔 | G118: 头盔 | K118: 头盔
C119: 生命 | D119: 攻击% | G119: 生命 | H119: 攻击% | K119: 生命 | L119: 攻击%
C120: =$E$103*G74 -> 1875 | D120: =$E$103*H74 -> 0.04 | G120: =ROUND($H$103*G74,2) -> 281.25 | H120: =ROUND($H$103*H74,5) -> 0.006 | K120: =C120+G120 -> 2156.25 | L120: =D120+H120 -> 0.046
C122: 铠甲 | G122: 铠甲 | K122: 铠甲
C123: 防御 | D123: 防御% | G123: 防御 | H123: 防御% | K123: 防御 | L123: 防御%
C124: =$E$103*G78 -> 375 | D124: =$E$103*H78 -> 0.04 | G124: =ROUND($H$103*G78,2) -> 56.25 | H124: =ROUND($H$103*H78,5) -> 0.006 | K124: =C124+G124 -> 431.25 | L124: =D124+H124 -> 0.046
C126: 手套 | G126: 手套 | K126: 手套
C127: 防御 | D127: 攻击% | G127: 防御 | H127: 攻击% | K127: 防御 | L127: 攻击%
C128: =$E$103*G82 -> 375 | D128: =$E$103*H82 -> 0.04 | G128: =ROUND($H$103*G82,2) -> 56.25 | H128: =ROUND($H$103*H82,5) -> 0.006 | K128: =C128+G128 -> 431.25 | L128: =D128+H128 -> 0.046
C130: 腰带 | G130: 腰带 | K130: 腰带
C131: 生命 | D131: 生命% | G131: 生命 | H131: 生命% | K131: 生命 | L131: 生命%
C132: =$E$103*G86 -> 1875 | D132: =$E$103*H86 -> 0.04 | G132: =ROUND($H$103*G86,2) -> 281.25 | H132: =ROUND($H$103*H86,5) -> 0.006 | K132: =C132+G132 -> 2156.25 | L132: =D132+H132 -> 0.046
C134: 鞋子 | G134: 鞋子 | K134: 鞋子
C135: 攻击 | D135: 冷却缩减等级 | G135: 攻击 | H135: 冷却缩减等级 | K135: 攻击 | L135: 冷却缩减等级
C136: =$E$103*G90 -> 560 | D136: =ROUND($E$103*H90,0) -> 364 | G136: =ROUND($H$103*G90,0) -> 84 | H136: =ROUND($H$103*H90,0) -> 55 | K136: =C136+G136 -> 644 | L136: =D136+H136 -> 419
C138: 装置 | G138: 装置 | K138: 装置
C139: 攻击 | D139: 能量回复等级 | G139: 攻击 | H139: 能量回复等级 | K139: 攻击 | L139: 能量回复等级
C140: =$E$103*G94 -> 560 | D140: =ROUND($E$103*H94,0) -> 252 | G140: =ROUND($H$103*G94,0) -> 84 | H140: =ROUND($H$103*H94,0) -> 38 | K140: =C140+G140 -> 644 | L140: =D140+H140 -> 290
C142: 饰品 | G142: 饰品 | K142: 饰品
C143: 暴击等级 | D143: 暴击伤害等级 | G143: 暴击等级 | H143: 暴击伤害等级 | K143: 暴击等级 | L143: 暴击伤害等级
...

Sheet 映射装备数值
A1: 稀有度部分
A2: 品质 | B2: 等级上限 | C2: 主属性品质系数 | D2: 副属性品质系数 | E2: 孔位上限 | F2: 孔位下限 | G2: 副词条上限 | H2: 副词条下限 | I2: 分解基础经验 | J2: 分解额外道具获得 | K2: 打孔道具消耗 | L2: 打孔金币消耗
A3: 蓝 | B3: 30 | C3: ='设计页-映射装备数值'!D150 -> 0.3 | D3: ='设计页-映射装备数值'!H164 -> 0.3 | E3: ='设计页-映射装备数值'!D314 -> 2 | F3: ='设计页-映射装备数值'!C314 -> 0 | G3: 2 | H3: 1 | I3: 500 | K3: 蓝色打孔器 | L3: 1000
A4: 紫 | B4: 40 | C4: ='设计页-映射装备数值'!D151 -> 0.5 | D4: ='设计页-映射装备数值'!H165 -> 0.5 | E4: ='设计页-映射装备数值'!D315 -> 2 | F4: ='设计页-映射装备数值'!C315 -> 0 | G4: 3 | H4: 1 | I4: 1500 | K4: 紫色打孔器 | L4: 1000
A5: 金 | B5: 50 | C5: ='设计页-映射装备数值'!D152 -> 0.75 | D5: ='设计页-映射装备数值'!H166 -> 0.75 | E5: ='设计页-映射装备数值'!D316 -> 2 | F5: ='设计页-映射装备数值'!C316 -> 0 | G5: 4 | H5: 2 | I5: 5000 | J5: 史诗装备材料5 | K5: 金色打孔器 | L5: 1000
A6: 红 | B6: 60 | C6: ='设计页-映射装备数值'!D153 -> 1 | D6: ='设计页-映射装备数值'!H167 -> 1 | E6: ='设计页-映射装备数值'!D317 -> 2 | F6: ='设计页-映射装备数值'!C317 -> 0 | G6: 5 | H6: 5 | I6: 10000 | J6: 传说装备材料5 | K6: 红色打孔器 | L6: 1000
A8: 主属性部分 | B8: 品质系数*（装备基础属性+（装备等级-1）*属性成长） | O8: 分解部分
A9: 部位 | B9: 部位再分类 | C9: 稀有度 | D9: 主属性1 | E9: 基础属性 | F9: 属性成长系数 | G9: 1级数值 | H9: 满级数值 | I9: 主属性2 | J9: 基础属性 | K9: 属性成长系数 | L9: 1级数值 | M9: 满级数值 | O9: 分解经验系数
A10: 武器 | B10: 仪器 | C10: 蓝 | D10: 攻击 | E10: =VLOOKUP($C10,$A$3:$L$6,3,0)*E13 -> 168 | F10: =VLOOKUP($C10,$A$3:$L$6,3,0)*F13 -> 25.2 | G10: =VLOOKUP($C10,$A$3:$L$6,3,0)*G13 -> 193.2 | H10: =E10+VLOOKUP(C10,$A$3:$L$6,2,0)*F10 -> 924 | I10: 暴击等级 | J10: =VLOOKUP($C10,$A$3:$L$6,3,0)*J13 -> 87 | K10: =VLOOKUP($C10,$A$3:$L$6,3,0)*K13 -> 13.2 | L10: =VLOOKUP($C10,$A$3:$L$6,3,0)*L13 -> 100.2 | M10: =J10+VLOOKUP(C10,$A$3:$L$6,2,0)*K10 -> 483 | O10: 0.8
A11: 武器 | B11: 仪器 | C11: 紫 | D11: 攻击 | E11: =VLOOKUP($C11,$A$3:$L$6,3,0)*E13 -> 280 | F11: =VLOOKUP($C11,$A$3:$L$6,3,0)*F13 -> 42 | G11: =VLOOKUP($C11,$A$3:$L$6,3,0)*G13 -> 322 | H11: =E11+VLOOKUP(C11,$A$3:$L$6,2,0)*F11 -> 1960 | I11: 暴击等级 | J11: =VLOOKUP($C11,$A$3:$L$6,3,0)*J13 -> 145 | K11: =VLOOKUP($C11,$A$3:$L$6,3,0)*K13 -> 22 | L11: =VLOOKUP($C11,$A$3:$L$6,3,0)*L13 -> 167 | M11: =J11+VLOOKUP(C11,$A$3:$L$6,2,0)*K11 -> 1025
A12: 武器 | B12: 仪器 | C12: 金 | D12: 攻击 | E12: =VLOOKUP($C12,$A$3:$L$6,3,0)*E13 -> 420 | F12: =VLOOKUP($C12,$A$3:$L$6,3,0)*F13 -> 63 | G12: =VLOOKUP($C12,$A$3:$L$6,3,0)*G13 -> 483 | H12: =E12+VLOOKUP(C12,$A$3:$L$6,2,0)*F12 -> 3570 | I12: 暴击等级 | J12: =VLOOKUP($C12,$A$3:$L$6,3,0)*J13 -> 217.5 | K12: =VLOOKUP($C12,$A$3:$L$6,3,0)*K13 -> 33 | L12: =VLOOKUP($C12,$A$3:$L$6,3,0)*L13 -> 250.5 | M12: =J12+VLOOKUP(C12,$A$3:$L$6,2,0)*K12 -> 1867.5 | O12: 分解后获得的经验=分解基础经验+当前装备已有经验*分解经验系数
A13: 武器 | B13: 仪器 | C13: 红 | D13: 攻击 | E13: ='设计页-映射装备数值'!C117 -> 560 | F13: ='设计页-映射装备数值'!G117 -> 84 | G13: =E13+F13 -> 644 | H13: =E13+VLOOKUP(C13,$A$3:$L$6,2,0)*F13 -> 5600 | I13: 暴击等级 | J13: ='设计页-映射装备数值'!E117 -> 290 | K13: ='设计页-映射装备数值'!I117 -> 44 | L13: =J13+K13 -> 334 | M13: =J13+VLOOKUP(C13,$A$3:$L$6,2,0)*K13 -> 2930
A14: 武器 | B14: 枪炮 | C14: 蓝 | D14: 攻击 | E14: =VLOOKUP($C14,$A$3:$L$6,3,0)*E17 -> 168 | F14: =VLOOKUP($C14,$A$3:$L$6,3,0)*F17 -> 25.2 | G14: =VLOOKUP($C14,$A$3:$L$6,3,0)*G17 -> 193.2 | H14: =E14+VLOOKUP(C14,$A$3:$L$6,2,0)*F14 -> 924 | I14: 攻击 | J14: =VLOOKUP($C14,$A$3:$L$6,3,0)*J17 -> 168 | K14: =VLOOKUP($C14,$A$3:$L$6,3,0)*K17 -> 25.2 | L14: =VLOOKUP($C14,$A$3:$L$6,3,0)*L17 -> 193.2 | M14: =J14+VLOOKUP(C14,$A$3:$L$6,2,0)*K14 -> 924
A15: 武器 | B15: 枪炮 | C15: 紫 | D15: 攻击 | E15: =VLOOKUP($C15,$A$3:$L$6,3,0)*E17 -> 280 | F15: =VLOOKUP($C15,$A$3:$L$6,3,0)*F17 -> 42 | G15: =VLOOKUP($C15,$A$3:$L$6,3,0)*G17 -> 322 | H15: =E15+VLOOKUP(C15,$A$3:$L$6,2,0)*F15 -> 1960 | I15: 攻击 | J15: =VLOOKUP($C15,$A$3:$L$6,3,0)*J17 -> 280 | K15: =VLOOKUP($C15,$A$3:$L$6,3,0)*K17 -> 42 | L15: =VLOOKUP($C15,$A$3:$L$6,3,0)*L17 -> 322 | M15: =J15+VLOOKUP(C15,$A$3:$L$6,2,0)*K15 -> 1960 | O15: 评分计算
A16: 武器 | B16: 枪炮 | C16: 金 | D16: 攻击 | E16: =VLOOKUP($C16,$A$3:$L$6,3,0)*E17 -> 420 | F16: =VLOOKUP($C16,$A$3:$L$6,3,0)*F17 -> 63 | G16: =VLOOKUP($C16,$A$3:$L$6,3,0)*G17 -> 483 | H16: =E16+VLOOKUP(C16,$A$3:$L$6,2,0)*F16 -> 3570 | I16: 攻击 | J16: =VLOOKUP($C16,$A$3:$L$6,3,0)*J17 -> 420 | K16: =VLOOKUP($C16,$A$3:$L$6,3,0)*K17 -> 63 | L16: =VLOOKUP($C16,$A$3:$L$6,3,0)*L17 -> 483 | M16: =J16+VLOOKUP(C16,$A$3:$L$6,2,0)*K16 -> 3570 | O16: 评分系数A | P16: 评分系数B
A17: 武器 | B17: 枪炮 | C17: 红 | D17: 攻击 | E17: ='设计页-映射装备数值'!C117 -> 560 | F17: ='设计页-映射装备数值'!G117 -> 84 | G17: =E17+F17 -> 644 | H17: =E17+VLOOKUP(C17,$A$3:$L$6,2,0)*F17 -> 5600 | I17: 攻击 | J17: ='设计页-映射装备数值'!D117 -> 560 | K17: ='设计页-映射装备数值'!H117 -> 84 | L17: =J17+K17 -> 644 | M17: =J17+VLOOKUP(C17,$A$3:$L$6,2,0)*K17 -> 5600 | O17: 20 | P17: 1.25
A18: 武器 | B18: 权杖 | C18: 蓝 | D18: 攻击 | E18: =VLOOKUP($C18,$A$3:$L$6,3,0)*E21 -> 168 | F18: =VLOOKUP($C18,$A$3:$L$6,3,0)*F21 -> 25.2 | G18: =VLOOKUP($C18,$A$3:$L$6,3,0)*G21 -> 193.2 | H18: =E18+VLOOKUP(C18,$A$3:$L$6,2,0)*F18 -> 924 | I18: 暴击等级 | J18: =VLOOKUP($C18,$A$3:$L$6,3,0)*J21 -> 87 | K18: =VLOOKUP($C18,$A$3:$L$6,3,0)*K21 -> 13.2 | L18: =VLOOKUP($C18,$A$3:$L$6,3,0)*L21 -> 100.2 | M18: =J18+VLOOKUP(C18,$A$3:$L$6,2,0)*K18 -> 483
A19: 武器 | B19: 权杖 | C19: 紫 | D19: 攻击 | E19: =VLOOKUP($C19,$A$3:$L$6,3,0)*E21 -> 280 | F19: =VLOOKUP($C19,$A$3:$L$6,3,0)*F21 -> 42 | G19: =VLOOKUP($C19,$A$3:$L$6,3,0)*G21 -> 322 | H19: =E19+VLOOKUP(C19,$A$3:$L$6,2,0)*F19 -> 1960 | I19: 暴击等级 | J19: =VLOOKUP($C19,$A$3:$L$6,3,0)*J21 -> 145 | K19: =VLOOKUP($C19,$A$3:$L$6,3,0)*K21 -> 22 | L19: =VLOOKUP($C19,$A$3:$L$6,3,0)*L21 -> 167 | M19: =J19+VLOOKUP(C19,$A$3:$L$6,2,0)*K19 -> 1025 | O19: 评分=A*装备等级上限*品质系数+B*（词条1评分基础值*词条1的roll值百分比+词条2评分基础值*词条2的roll值百分比+词条3评分基础值*词条3的roll值百分比+词条4评分基础值*词条4的roll值百分比)
A20: 武器 | B20: 权杖 | C20: 金 | D20: 攻击 | E20: =VLOOKUP($C20,$A$3:$L$6,3,0)*E21 -> 420 | F20: =VLOOKUP($C20,$A$3:$L$6,3,0)*F21 -> 63 | G20: =VLOOKUP($C20,$A$3:$L$6,3,0)*G21 -> 483 | H20: =E20+VLOOKUP(C20,$A$3:$L$6,2,0)*F20 -> 3570 | I20: 暴击等级 | J20: =VLOOKUP($C20,$A$3:$L$6,3,0)*J21 -> 217.5 | K20: =VLOOKUP($C20,$A$3:$L$6,3,0)*K21 -> 33 | L20: =VLOOKUP($C20,$A$3:$L$6,3,0)*L21 -> 250.5 | M20: =J20+VLOOKUP(C20,$A$3:$L$6,2,0)*K20 -> 1867.5
A21: 武器 | B21: 权杖 | C21: 红 | D21: 攻击 | E21: ='设计页-映射装备数值'!D117 -> 560 | F21: ='设计页-映射装备数值'!H117 -> 84 | G21: =E21+F21 -> 644 | H21: =E21+VLOOKUP(C21,$A$3:$L$6,2,0)*F21 -> 5600 | I21: 暴击等级 | J21: ='设计页-映射装备数值'!E117 -> 290 | K21: ='设计页-映射装备数值'!I117 -> 44 | L21: =J21+K21 -> 334 | M21: =J21+VLOOKUP(C21,$A$3:$L$6,2,0)*K21 -> 2930
X22: 宝石三合一同时每次消耗金币
A23: 头盔 | B23: 无 | C23: 蓝 | D23: 生命 | E23: =VLOOKUP($C23,$A$3:$L$6,3,0)*E26 -> 562.5 | F23: =VLOOKUP($C23,$A$3:$L$6,3,0)*F26 -> 84.375 | G23: =VLOOKUP($C23,$A$3:$L$6,3,0)*G26 -> 646.875 | H23: =E23+VLOOKUP(C23,$A$3:$L$6,2,0)*F23 -> 3093.75 | I23: 攻击加成 | J23: =VLOOKUP($C23,$A$3:$L$6,3,0)*J26 -> 0.012 | K23: =VLOOKUP($C23,$A$3:$L$6,3,0)*K26 -> 0.0018 | L23: =VLOOKUP($C23,$A$3:$L$6,3,0)*L26 -> 0.0138 | M23: =J23+VLOOKUP(C23,$A$3:$L$6,2,0)*K23 -> 0.066 | X23: 合成消耗金币数量
A24: 头盔 | B24: 无 | C24: 紫 | D24: 生命 | E24: =VLOOKUP($C24,$A$3:$L$6,3,0)*E26 -> 937.5 | F24: =VLOOKUP($C24,$A$3:$L$6,3,0)*F26 -> 140.625 | G24: =VLOOKUP($C24,$A$3:$L$6,3,0)*G26 -> 1078.125 | H24: =E24+VLOOKUP(C24,$A$3:$L$6,2,0)*F24 -> 6562.5 | I24: 攻击加成 | J24: =VLOOKUP($C24,$A$3:$L$6,3,0)*J26 -> 0.02 | K24: =VLOOKUP($C24,$A$3:$L$6,3,0)*K26 -> 0.003 | L24: =VLOOKUP($C24,$A$3:$L$6,3,0)*L26 -> 0.023 | M24: =J24+VLOOKUP(C24,$A$3:$L$6,2,0)*K24 -> 0.14 | X24: 1000
A25: 头盔 | B25: 无 | C25: 金 | D25: 生命 | E25: =VLOOKUP($C25,$A$3:$L$6,3,0)*E26 -> 1406.25 | F25: =VLOOKUP($C25,$A$3:$L$6,3,0)*F26 -> 210.9375 | G25: =VLOOKUP($C25,$A$3:$L$6,3,0)*G26 -> 1617.1875 | H25: =E25+VLOOKUP(C25,$A$3:$L$6,2,0)*F25 -> 11953.125 | I25: 攻击加成 | J25: =VLOOKUP($C25,$A$3:$L$6,3,0)*J26 -> 0.03 | K25: =VLOOKUP($C25,$A$3:$L$6,3,0)*K26 -> 0.0045 | L25: =VLOOKUP($C25,$A$3:$L$6,3,0)*L26 -> 0.0345 | M25: =J25+VLOOKUP(C25,$A$3:$L$6,2,0)*K25 -> 0.255 | O25: 宝石部分 | P25: 8级以及之后的数值暂未投放
A26: 头盔 | B26: 无 | C26: 红 | D26: 生命 | E26: ='设计页-映射装备数值'!C120 -> 1875 | F26: ='设计页-映射装备数值'!G120 -> 281.25 | G26: =E26+F26 -> 2156.25 | H26: =E26+VLOOKUP(C26,$A$3:$L$6,2,0)*F26 -> 18750 | I26: 攻击加成 | J26: ='设计页-映射装备数值'!D120 -> 0.04 | K26: ='设计页-映射装备数值'!H120 -> 0.006 | L26: =J26+K26 -> 0.046 | M26: =J26+VLOOKUP(C26,$A$3:$L$6,2,0)*K26 -> 0.4 | O26: 宝石颜色 | P26: 红 | Q26: 蓝 | R26: 黄 | S26: 绿 | T26: 紫 | U26: 橙 | V26: 青 | W26: 白
O27: 属性 | P27: 攻击 | Q27: 攻击 | R27: 防御 | S27: 生命 | T27: 技能冷却等级 | U27: 能量回复等级 | V27: 暴击等级 | W27: 暴击伤害等级
A28: 盔甲 | B28: 无 | C28: 蓝 | D28: 防御力 | E28: =VLOOKUP($C28,$A$3:$L$6,3,0)*E31 -> 112.5 | F28: =VLOOKUP($C28,$A$3:$L$6,3,0)*F31 -> 16.875 | G28: =VLOOKUP($C28,$A$3:$L$6,3,0)*G31 -> 129.375 | H28: =E28+VLOOKUP(C28,$A$3:$L$6,2,0)*F28 -> 618.75 | I28: 防御加成 | J28: =VLOOKUP($C28,$A$3:$L$6,3,0)*J31 -> 0.012 | K28: =VLOOKUP($C28,$A$3:$L$6,3,0)*K31 -> 0.0018 | L28: =VLOOKUP($C28,$A$3:$L$6,3,0)*L31 -> 0.0138 | M28: =J28+VLOOKUP(C28,$A$3:$L$6,2,0)*K28 -> 0.066 | O28: 1 | P28: ='设计页-映射装备数值'!D290 -> 330 | Q28: ='设计页-映射装备数值'!E290 -> 330 | R28: ='设计页-映射装备数值'!F290 -> 220 | S28: ='设计页-映射装备数值'!G290 -> 1100 | T28: ='设计页-映射装备数值'!H290 -> 130 | U28: ='设计页-映射装备数值'!I290 -> 90 | V28: ='设计页-映射装备数值'!J290 -> 90 | W28: ='设计页-映射装备数值'!K290 -> 110
A29: 盔甲 | B29: 无 | C29: 紫 | D29: 防御力 | E29: =VLOOKUP($C29,$A$3:$L$6,3,0)*E31 -> 187.5 | F29: =VLOOKUP($C29,$A$3:$L$6,3,0)*F31 -> 28.125 | G29: =VLOOKUP($C29,$A$3:$L$6,3,0)*G31 -> 215.625 | H29: =E29+VLOOKUP(C29,$A$3:$L$6,2,0)*F29 -> 1312.5 | I29: 防御加成 | J29: =VLOOKUP($C29,$A$3:$L$6,3,0)*J31 -> 0.02 | K29: =VLOOKUP($C29,$A$3:$L$6,3,0)*K31 -> 0.003 | L29: =VLOOKUP($C29,$A$3:$L$6,3,0)*L31 -> 0.023 | M29: =J29+VLOOKUP(C29,$A$3:$L$6,2,0)*K29 -> 0.14 | O29: 2 | P29: ='设计页-映射装备数值'!D291 -> 490 | Q29: ='设计页-映射装备数值'!E291 -> 490 | R29: ='设计页-映射装备数值'!F291 -> 330 | S29: ='设计页-映射装备数值'!G291 -> 1650 | T29: ='设计页-映射装备数值'!H291 -> 200 | U29: ='设计页-映射装备数值'!I291 -> 140 | V29: ='设计页-映射装备数值'!J291 -> 140 | W29: ='设计页-映射装备数值'!K291 -> 170
A30: 盔甲 | B30: 无 | C30: 金 | D30: 防御力 | E30: =VLOOKUP($C30,$A$3:$L$6,3,0)*E31 -> 281.25 | F30: =VLOOKUP($C30,$A$3:$L$6,3,0)*F31 -> 42.1875 | G30: =VLOOKUP($C30,$A$3:$L$6,3,0)*G31 -> 323.4375 | H30: =E30+VLOOKUP(C30,$A$3:$L$6,2,0)*F30 -> 2390.625 | I30: 防御加成 | J30: =VLOOKUP($C30,$A$3:$L$6,3,0)*J31 -> 0.03 | K30: =VLOOKUP($C30,$A$3:$L$6,3,0)*K31 -> 0.0045 | L30: =VLOOKUP($C30,$A$3:$L$6,3,0)*L31 -> 0.0345 | M30: =J30+VLOOKUP(C30,$A$3:$L$6,2,0)*K30 -> 0.255 | O30: 3 | P30: ='设计页-映射装备数值'!D292 -> 740 | Q30: ='设计页-映射装备数值'!E292 -> 740 | R30: ='设计页-映射装备数值'!F292 -> 490 | S30: ='设计页-映射装备数值'!G292 -> 2470 | T30: ='设计页-映射装备数值'!H292 -> 300 | U30: ='设计页-映射装备数值'!I292 -> 210 | V30: ='设计页-映射装备数值'!J292 -> 210 | W30: ='设计页-映射装备数值'!K292 -> 250
A31: 盔甲 | B31: 无 | C31: 红 | D31: 防御力 | E31: ='设计页-映射装备数值'!C124 -> 375 | F31: ='设计页-映射装备数值'!G124 -> 56.25 | G31: =E31+F31 -> 431.25 | H31: =E31+VLOOKUP(C31,$A$3:$L$6,2,0)*F31 -> 3750 | I31: 防御加成 | J31: ='设计页-映射装备数值'!D124 -> 0.04 | K31: ='设计页-映射装备数值'!H124 -> 0.006 | L31: =J31+K31 -> 0.046 | M31: =J31+VLOOKUP(C31,$A$3:$L$6,2,0)*K31 -> 0.4 | O31: 4 | P31: ='设计页-映射装备数值'!D293 -> 1110 | Q31: ='设计页-映射装备数值'!E293 -> 1110 | R31: ='设计页-映射装备数值'!F293 -> 740 | S31: ='设计页-映射装备数值'!G293 -> 3700 | T31: ='设计页-映射装备数值'!H293 -> 450 | U31: ='设计页-映射装备数值'!I293 -> 310 | V31: ='设计页-映射装备数值'!J293 -> 310 | W31: ='设计页-映射装备数值'!K293 -> 380
O32: 5 | P32: ='设计页-映射装备数值'!D294 -> 1670 | Q32: ='设计页-映射装备数值'!E294 -> 1670 | R32: ='设计页-映射装备数值'!F294 -> 1110 | S32: ='设计页-映射装备数值'!G294 -> 5560 | T32: ='设计页-映射装备数值'!H294 -> 670 | U32: ='设计页-映射装备数值'!I294 -> 470 | V32: ='设计页-映射装备数值'!J294 -> 470 | W32: ='设计页-映射装备数值'!K294 -> 570
A33: 手套 | B33: 无 | C33: 蓝 | D33: 防御力 | E33: =VLOOKUP($C33,$A$3:$L$6,3,0)*E36 -> 112.5 | F33: =VLOOKUP($C33,$A$3:$L$6,3,0)*F36 -> 16.875 | G33: =VLOOKUP($C33,$A$3:$L$6,3,0)*G36 -> 129.375 | H33: =E33+VLOOKUP(C33,$A$3:$L$6,2,0)*F33 -> 618.75 | I33: 攻击加成 | J33: =VLOOKUP($C33,$A$3:$L$6,3,0)*J36 -> 0.012 | K33: =VLOOKUP($C33,$A$3:$L$6,3,0)*K36 -> 0.0018 | L33: =VLOOKUP($C33,$A$3:$L$6,3,0)*L36 -> 0.0138 | M33: =J33+VLOOKUP(C33,$A$3:$L$6,2,0)*K33 -> 0.066 | O33: 6 | P33: ='设计页-映射装备数值'!D295 -> 2500 | Q33: ='设计页-映射装备数值'!E295 -> 2500 | R33: ='设计页-映射装备数值'!F295 -> 1670 | S33: ='设计页-映射装备数值'!G295 -> 8330 | T33: ='设计页-映射装备数值'!H295 -> 1010 | U33: ='设计页-映射装备数值'!I295 -> 700 | V33: ='设计页-映射装备数值'!J295 -> 700 | W33: ='设计页-映射装备数值'!K295 -> 860
A34: 手套 | B34: 无 | C34: 紫 | D34: 防御力 | E34: =VLOOKUP($C34,$A$3:$L$6,3,0)*E36 -> 187.5 | F34: =VLOOKUP($C34,$A$3:$L$6,3,0)*F36 -> 28.125 | G34: =VLOOKUP($C34,$A$3:$L$6,3,0)*G36 -> 215.625 | H34: =E34+VLOOKUP(C34,$A$3:$L$6,2,0)*F34 -> 1312.5 | I34: 攻击加成 | J34: =VLOOKUP($C34,$A$3:$L$6,3,0)*J36 -> 0.02 | K34: =VLOOKUP($C34,$A$3:$L$6,3,0)*K36 -> 0.003 | L34: =VLOOKUP($C34,$A$3:$L$6,3,0)*L36 -> 0.023 | M34: =J34+VLOOKUP(C34,$A$3:$L$6,2,0)*K34 -> 0.14 | O34: 7 | P34: ='设计页-映射装备数值'!D296 -> 3750 | Q34: ='设计页-映射装备数值'!E296 -> 3750 | R34: ='设计页-映射装备数值'!F296 -> 2500 | S34: ='设计页-映射装备数值'!G296 -> 12500 | T34: ='设计页-映射装备数值'!H296 -> 1520 | U34: ='设计页-映射装备数值'!I296 -> 1050 | V34: ='设计页-映射装备数值'!J296 -> 1050 | W34: ='设计页-映射装备数值'!K296 -> 1280
A35: 手套 | B35: 无 | C35: 金 | D35: 防御力 | E35: =VLOOKUP($C35,$A$3:$L$6,3,0)*E36 -> 281.25 | F35: =VLOOKUP($C35,$A$3:$L$6,3,0)*F36 -> 42.1875 | G35: =VLOOKUP($C35,$A$3:$L$6,3,0)*G36 -> 323.4375 | H35: =E35+VLOOKUP(C35,$A$3:$L$6,2,0)*F35 -> 2390.625 | I35: 攻击加成 | J35: =VLOOKUP($C35,$A$3:$L$6,3,0)*J36 -> 0.03 | K35: =VLOOKUP($C35,$A$3:$L$6,3,0)*K36 -> 0.0045 | L35: =VLOOKUP($C35,$A$3:$L$6,3,0)*L36 -> 0.0345 | M35: =J35+VLOOKUP(C35,$A$3:$L$6,2,0)*K35 -> 0.255 | O35: 8 | P35: ='设计页-映射装备数值'!D297 -> 5630 | Q35: ='设计页-映射装备数值'!E297 -> 5630 | R35: ='设计页-映射装备数值'!F297 -> 3750 | S35: ='设计页-映射装备数值'!G297 -> 18750 | T35: ='设计页-映射装备数值'!H297 -> 2280 | U35: ='设计页-映射装备数值'!I297 -> 1580 | V35: ='设计页-映射装备数值'!J297 -> 1580 | W35: ='设计页-映射装备数值'!K297 -> 1920
A36: 手套 | B36: 无 | C36: 红 | D36: 防御力 | E36: ='设计页-映射装备数值'!C128 -> 375 | F36: ='设计页-映射装备数值'!G128 -> 56.25 | G36: =E36+F36 -> 431.25 | H36: =E36+VLOOKUP(C36,$A$3:$L$6,2,0)*F36 -> 3750 | I36: 攻击加成 | J36: ='设计页-映射装备数值'!D128 -> 0.04 | K36: ='设计页-映射装备数值'!H128 -> 0.006 | L36: =J36+K36 -> 0.046 | M36: =J36+VLOOKUP(C36,$A$3:$L$6,2,0)*K36 -> 0.4 | O36: 9 | P36: ='设计页-映射装备数值'!D298 -> 8440 | Q36: ='设计页-映射装备数值'!E298 -> 8440 | R36: ='设计页-映射装备数值'!F298 -> 5630 | S36: ='设计页-映射装备数值'!G298 -> 28130 | T36: ='设计页-映射装备数值'!H298 -> 3410 | U36: ='设计页-映射装备数值'!I298 -> 2360 | V36: ='设计页-映射装备数值'!J298 -> 2360 | W36: ='设计页-映射装备数值'!K298 -> 2890
A38: 腰带 | B38: 无 | C38: 蓝 | D38: 生命 | E38: =VLOOKUP($C38,$A$3:$L$6,3,0)*E41 -> 562.5 | F38: =VLOOKUP($C38,$A$3:$L$6,3,0)*F41 -> 84.375 | G38: =VLOOKUP($C38,$A$3:$L$6,3,0)*G41 -> 646.875 | H38: =E38+VLOOKUP(C38,$A$3:$L$6,2,0)*F38 -> 3093.75 | I38: 生命加成 | J38: =VLOOKUP($C38,$A$3:$L$6,3,0)*J41 -> 0.012 | K38: =VLOOKUP($C38,$A$3:$L$6,3,0)*K41 -> 0.0018 | L38: =VLOOKUP($C38,$A$3:$L$6,3,0)*L41 -> 0.0138 | M38: =J38+VLOOKUP(C38,$A$3:$L$6,2,0)*K38 -> 0.066
A39: 腰带 | B39: 无 | C39: 紫 | D39: 生命 | E39: =VLOOKUP($C39,$A$3:$L$6,3,0)*E41 -> 937.5 | F39: =VLOOKUP($C39,$A$3:$L$6,3,0)*F41 -> 140.625 | G39: =VLOOKUP($C39,$A$3:$L$6,3,0)*G41 -> 1078.125 | H39: =E39+VLOOKUP(C39,$A$3:$L$6,2,0)*F39 -> 6562.5 | I39: 生命加成 | J39: =VLOOKUP($C39,$A$3:$L$6,3,0)*J41 -> 0.02 | K39: =VLOOKUP($C39,$A$3:$L$6,3,0)*K41 -> 0.003 | L39: =VLOOKUP($C39,$A$3:$L$6,3,0)*L41 -> 0.023 | M39: =J39+VLOOKUP(C39,$A$3:$L$6,2,0)*K39 -> 0.14
A40: 腰带 | B40: 无 | C40: 金 | D40: 生命 | E40: =VLOOKUP($C40,$A$3:$L$6,3,0)*E41 -> 1406.25 | F40: =VLOOKUP($C40,$A$3:$L$6,3,0)*F41 -> 210.9375 | G40: =VLOOKUP($C40,$A$3:$L$6,3,0)*G41 -> 1617.1875 | H40: =E40+VLOOKUP(C40,$A$3:$L$6,2,0)*F40 -> 11953.125 | I40: 生命加成 | J40: =VLOOKUP($C40,$A$3:$L$6,3,0)*J41 -> 0.03 | K40: =VLOOKUP($C40,$A$3:$L$6,3,0)*K41 -> 0.0045 | L40: =VLOOKUP($C40,$A$3:$L$6,3,0)*L41 -> 0.0345 | M40: =J40+VLOOKUP(C40,$A$3:$L$6,2,0)*K40 -> 0.255
A41: 腰带 | B41: 无 | C41: 红 | D41: 生命 | E41: ='设计页-映射装备数值'!C132 -> 1875 | F41: ='设计页-映射装备数值'!G132 -> 281.25 | G41: =E41+F41 -> 2156.25 | H41: =E41+VLOOKUP(C41,$A$3:$L$6,2,0)*F41 -> 18750 | I41: 生命加成 | J41: ='设计页-映射装备数值'!D132 -> 0.04 | K41: ='设计页-映射装备数值'!H132 -> 0.006 | L41: =J41+K41 -> 0.046 | M41: =J41+VLOOKUP(C41,$A$3:$L$6,2,0)*K41 -> 0.4
A43: 鞋子 | B43: 无 | C43: 蓝 | D43: 攻击 | E43: =VLOOKUP($C43,$A$3:$L$6,3,0)*E46 -> 168 | F43: =VLOOKUP($C43,$A$3:$L$6,3,0)*F46 -> 25.2 | G43: =VLOOKUP($C43,$A$3:$L$6,3,0)*G46 -> 193.2 | H43: =E43+VLOOKUP(C43,$A$3:$L$6,2,0)*F43 -> 924 | I43: 冷却缩减等级 | J43: =VLOOKUP($C43,$A$3:$L$6,3,0)*J46 -> 109.2 | K43: =VLOOKUP($C43,$A$3:$L$6,3,0)*K46 -> 16.5 | L43: =VLOOKUP($C43,$A$3:$L$6,3,0)*L46 -> 125.7 | M43: =J43+VLOOKUP(C43,$A$3:$L$6,2,0)*K43 -> 604.2
A44: 鞋子 | B44: 无 | C44: 紫 | D44: 攻击 | E44: =VLOOKUP($C44,$A$3:$L$6,3,0)*E46 -> 280 | F44: =VLOOKUP($C44,$A$3:$L$6,3,0)*F46 -> 42 | G44: =VLOOKUP($C44,$A$3:$L$6,3,0)*G46 -> 322 | H44: =E44+VLOOKUP(C44,$A$3:$L$6,2,0)*F44 -> 1960 | I44: 冷却缩减等级 | J44: =VLOOKUP($C44,$A$3:$L$6,3,0)*J46 -> 182 | K44: =VLOOKUP($C44,$A$3:$L$6,3,0)*K46 -> 27.5 | L44: =VLOOKUP($C44,$A$3:$L$6,3,0)*L46 -> 209.5 | M44: =J44+VLOOKUP(C44,$A$3:$L$6,2,0)*K44 -> 1282
A45: 鞋子 | B45: 无 | C45: 金 | D45: 攻击 | E45: =VLOOKUP($C45,$A$3:$L$6,3,0)*E46 -> 420 | F45: =VLOOKUP($C45,$A$3:$L$6,3,0)*F46 -> 63 | G45: =VLOOKUP($C45,$A$3:$L$6,3,0)*G46 -> 483 | H45: =E45+VLOOKUP(C45,$A$3:$L$6,2,0)*F45 -> 3570 | I45: 冷却缩减等级 | J45: =VLOOKUP($C45,$A$3:$L$6,3,0)*J46 -> 273 | K45: =VLOOKUP($C45,$A$3:$L$6,3,0)*K46 -> 41.25 | L45: =VLOOKUP($C45,$A$3:$L$6,3,0)*L46 -> 314.25 | M45: =J45+VLOOKUP(C45,$A$3:$L$6,2,0)*K45 -> 2335.5
A46: 鞋子 | B46: 无 | C46: 红 | D46: 攻击 | E46: ='设计页-映射装备数值'!C136 -> 560 | F46: ='设计页-映射装备数值'!G136 -> 84 | G46: =E46+F46 -> 644 | H46: =E46+VLOOKUP(C46,$A$3:$L$6,2,0)*F46 -> 5600 | I46: 冷却缩减等级 | J46: ='设计页-映射装备数值'!D136 -> 364 | K46: ='设计页-映射装备数值'!H136 -> 55 | L46: =J46+K46 -> 419 | M46: =J46+VLOOKUP(C46,$A$3:$L$6,2,0)*K46 -> 3664
A48: 装置 | B48: 无 | C48: 蓝 | D48: 攻击 | E48: =VLOOKUP($C48,$A$3:$L$6,3,0)*E51 -> 168 | F48: =VLOOKUP($C48,$A$3:$L$6,3,0)*F51 -> 25.2 | G48: =VLOOKUP($C48,$A$3:$L$6,3,0)*G51 -> 193.2 | H48: =E48+VLOOKUP(C48,$A$3:$L$6,2,0)*F48 -> 924 | I48: 能量回复等级 | J48: =VLOOKUP($C48,$A$3:$L$6,3,0)*J51 -> 75.6 | K48: =VLOOKUP($C48,$A$3:$L$6,3,0)*K51 -> 11.4 | L48: =VLOOKUP($C48,$A$3:$L$6,3,0)*L51 -> 87 | M48: =J48+VLOOKUP(C48,$A$3:$L$6,2,0)*K48 -> 417.6
A49: 装置 | B49: 无 | C49: 紫 | D49: 攻击 | E49: =VLOOKUP($C49,$A$3:$L$6,3,0)*E51 -> 280 | F49: =VLOOKUP($C49,$A$3:$L$6,3,0)*F51 -> 42 | G49: =VLOOKUP($C49,$A$3:$L$6,3,0)*G51 -> 322 | H49: =E49+VLOOKUP(C49,$A$3:$L$6,2,0)*F49 -> 1960 | I49: 能量回复等级 | J49: =VLOOKUP($C49,$A$3:$L$6,3,0)*J51 -> 126 | K49: =VLOOKUP($C49,$A$3:$L$6,3,0)*K51 -> 19 | L49: =VLOOKUP($C49,$A$3:$L$6,3,0)*L51 -> 145 | M49: =J49+VLOOKUP(C49,$A$3:$L$6,2,0)*K49 -> 886
A50: 装置 | B50: 无 | C50: 金 | D50: 攻击 | E50: =VLOOKUP($C50,$A$3:$L$6,3,0)*E51 -> 420 | F50: =VLOOKUP($C50,$A$3:$L$6,3,0)*F51 -> 63 | G50: =VLOOKUP($C50,$A$3:$L$6,3,0)*G51 -> 483 | H50: =E50+VLOOKUP(C50,$A$3:$L$6,2,0)*F50 -> 3570 | I50: 能量回复等级 | J50: =VLOOKUP($C50,$A$3:$L$6,3,0)*J51 -> 189 | K50: =VLOOKUP($C50,$A$3:$L$6,3,0)*K51 -> 28.5 | L50: =VLOOKUP($C50,$A$3:$L$6,3,0)*L51 -> 217.5 | M50: =J50+VLOOKUP(C50,$A$3:$L$6,2,0)*K50 -> 1614
A51: 装置 | B51: 无 | C51: 红 | D51: 攻击 | E51: ='设计页-映射装备数值'!C140 -> 560 | F51: ='设计页-映射装备数值'!G140 -> 84 | G51: =E51+F51 -> 644 | H51: =E51+VLOOKUP(C51,$A$3:$L$6,2,0)*F51 -> 5600 | I51: 能量回复等级 | J51: ='设计页-映射装备数值'!D140 -> 252 | K51: ='设计页-映射装备数值'!H140 -> 38 | L51: =J51+K51 -> 290 | M51: =J51+VLOOKUP(C51,$A$3:$L$6,2,0)*K51 -> 2532
A53: 饰品 | B53: 无 | C53: 蓝 | D53: 暴击等级 | E53: =VLOOKUP($C53,$A$3:$L$6,3,0)*E56 -> 87 | F53: =VLOOKUP($C53,$A$3:$L$6,3,0)*F56 -> 13.2 | G53: =VLOOKUP($C53,$A$3:$L$6,3,0)*G56 -> 100.2 | H53: =E53+VLOOKUP(C53,$A$3:$L$6,2,0)*F53 -> 483 | I53: 暴击伤害等级 | J53: =VLOOKUP($C53,$A$3:$L$6,3,0)*J56 -> 132 | K53: =VLOOKUP($C53,$A$3:$L$6,3,0)*K56 -> 19.8 | L53: =VLOOKUP($C53,$A$3:$L$6,3,0)*L56 -> 151.8 | M53: =J53+VLOOKUP(C53,$A$3:$L$6,2,0)*K53 -> 726
A54: 饰品 | B54: 无 | C54: 紫 | D54: 暴击等级 | E54: =VLOOKUP($C54,$A$3:$L$6,3,0)*E56 -> 145 | F54: =VLOOKUP($C54,$A$3:$L$6,3,0)*F56 -> 22 | G54: =VLOOKUP($C54,$A$3:$L$6,3,0)*G56 -> 167 | H54: =E54+VLOOKUP(C54,$A$3:$L$6,2,0)*F54 -> 1025 | I54: 暴击伤害等级 | J54: =VLOOKUP($C54,$A$3:$L$6,3,0)*J56 -> 220 | K54: =VLOOKUP($C54,$A$3:$L$6,3,0)*K56 -> 33 | L54: =VLOOKUP($C54,$A$3:$L$6,3,0)*L56 -> 253 | M54: =J54+VLOOKUP(C54,$A$3:$L$6,2,0)*K54 -> 1540
A55: 饰品 | B55: 无 | C55: 金 | D55: 暴击等级 | E55: =VLOOKUP($C55,$A$3:$L$6,3,0)*E56 -> 217.5 | F55: =VLOOKUP($C55,$A$3:$L$6,3,0)*F56 -> 33 | G55: =VLOOKUP($C55,$A$3:$L$6,3,0)*G56 -> 250.5 | H55: =E55+VLOOKUP(C55,$A$3:$L$6,2,0)*F55 -> 1867.5 | I55: 暴击伤害等级 | J55: =VLOOKUP($C55,$A$3:$L$6,3,0)*J56 -> 330 | K55: =VLOOKUP($C55,$A$3:$L$6,3,0)*K56 -> 49.5 | L55: =VLOOKUP($C55,$A$3:$L$6,3,0)*L56 -> 379.5 | M55: =J55+VLOOKUP(C55,$A$3:$L$6,2,0)*K55 -> 2805
A56: 饰品 | B56: 无 | C56: 红 | D56: 暴击等级 | E56: ='设计页-映射装备数值'!C144 -> 290 | F56: ='设计页-映射装备数值'!G144 -> 44 | G56: =E56+F56 -> 334 | H56: =E56+VLOOKUP(C56,$A$3:$L$6,2,0)*F56 -> 2930 | I56: 暴击伤害等级 | J56: ='设计页-映射装备数值'!D144 -> 440 | K56: ='设计页-映射装备数值'!H144 -> 66 | L56: =J56+K56 -> 506 | M56: =J56+VLOOKUP(C56,$A$3:$L$6,2,0)*K56 -> 4400
A58: 副词条部分
A59: 部位 | B59: 稀有度 | C59: 属性 | D59: 效果 | E59: 数值上限 | F59: 数值下限 | G59: 最小单位 | H59: 权重 | I59: 评分基础值
B60: 蓝 | C60: 攻击百分比 | E60: =ROUND(E108*$D$3,3) -> 0.054 | F60: =ROUND(F108*$D$3,3) -> 0.016 | G60: 0.001 | H60: 100 | I60: =I108*$D$3 -> 60
C61: 攻击百分比 | E61: =ROUND(E109*$D$3,3) -> 0.054 | F61: =ROUND(F109*$D$3,3) -> 0.016 | G61: 0.001 | H61: 100 | I61: =I109*$D$3 -> 60
C62: 防御百分比 | E62: =ROUND(E110*$D$3,3) -> 0.054 | F62: =ROUND(F110*$D$3,3) -> 0.016 | G62: 0.001 | H62: 100 | I62: =I110*$D$3 -> 60
C63: 生命百分比 | E63: =ROUND(E111*$D$3,3) -> 0.054 | F63: =ROUND(F111*$D$3,3) -> 0.016 | G63: 0.001 | H63: 100 | I63: =I111*$D$3 -> 60
C64: 技能冷却等级 | E64: =ROUND(E112*$D$3,3) -> 682.5 | F64: =ROUND(F112*$D$3,0) -> 205 | G64: 1 | H64: 100 | I64: =I112*$D$3 -> 75
C65: 能量回复等级 | E65: =ROUND(E113*$D$3,3) -> 472.5 | F65: =ROUND(F113*$D$3,0) -> 142 | G65: 1 | H65: 100 | I65: =I113*$D$3 -> 75
C66: 暴击等级 | E66: =ROUND(E114*$D$3,3) -> 472.5 | F66: =ROUND(F114*$D$3,0) -> 142 | G66: 1 | H66: 100 | I66: =I114*$D$3 -> 75
C67: 暴击伤害等级 | E67: =ROUND(E115*$D$3,3) -> 577.5 | F67: =ROUND(F115*$D$3,0) -> 173 | G67: 1 | H67: 100 | I67: =I115*$D$3 -> 75
C68: 攻击力 | E68: =ROUND(E116*$D$3,3) -> 900 | F68: =ROUND(F116*$D$3,0) -> 270 | G68: 1 | H68: 100 | I68: =I116*$D$3 -> 30
C69: 攻击击击力 | E69: =ROUND(E117*$D$3,3) -> 900 | F69: =ROUND(F117*$D$3,0) -> 270 | G69: 1 | H69: 100 | I69: =I117*$D$3 -> 30
C70: 防御 | E70: =ROUND(E118*$D$3,3) -> 600 | F70: =ROUND(F118*$D$3,0) -> 180 | G70: 1 | H70: 100 | I70: =I118*$D$3 -> 30
C71: 生命 | E71: =ROUND(E119*$D$3,3) -> 3000 | F71: =ROUND(F119*$D$3,0) -> 900 | G71: 1 | H71: 100 | I71: =I119*$D$3 -> 30
C72: 物理伤害加成 | E72: =ROUND(E120*$D$3,3) -> 0.022 | F72: =ROUND(F120*$D$3,3) -> 0.007 | G72: 0.001 | H72: 100 | I72: =I120*$D$3 -> 90
C73: 魔法伤害加成 | E73: =ROUND(E121*$D$3,3) -> 0.022 | F73: =ROUND(F121*$D$3,3) -> 0.007 | G73: 0.001 | H73: 100 | I73: =I121*$D$3 -> 90
B75: 稀有度 | C75: 属性 | D75: 效果 | E75: 数值上限 | F75: 数值下限 | G75: 最小单位 | H75: 权重 | I75: 评分基础值
B76: 紫 | C76: 攻击百分比 | E76: =ROUND(E108*$D$4,3) -> 0.09 | F76: =ROUND(F108*$D$4,3) -> 0.027 | G76: 0.001 | H76: 100 | I76: =I108*$D$4 -> 100
C77: 攻击百分比 | E77: =ROUND(E109*$D$4,3) -> 0.09 | F77: =ROUND(F109*$D$4,3) -> 0.027 | G77: 0.001 | H77: 100 | I77: =I109*$D$4 -> 100
C78: 防御百分比 | E78: =ROUND(E110*$D$4,3) -> 0.09 | F78: =ROUND(F110*$D$4,3) -> 0.027 | G78: 0.001 | H78: 100 | I78: =I110*$D$4 -> 100
C79: 生命百分比 | E79: =ROUND(E111*$D$4,3) -> 0.09 | F79: =ROUND(F111*$D$4,3) -> 0.027 | G79: 0.001 | H79: 100 | I79: =I111*$D$4 -> 100
C80: 技能冷却等级 | E80: =ROUND(E112*$D$4,3) -> 1137.5 | F80: =ROUND(F112*$D$4,0) -> 342 | G80: 1 | H80: 100 | I80: =I112*$D$4 -> 125
C81: 能量回复等级 | E81: =ROUND(E113*$D$4,3) -> 787.5 | F81: =ROUND(F113*$D$4,0) -> 237 | G81: 1 | H81: 100 | I81: =I113*$D$4 -> 125
C82: 暴击等级 | E82: =ROUND(E114*$D$4,3) -> 787.5 | F82: =ROUND(F114*$D$4,0) -> 237 | G82: 1 | H82: 100 | I82: =I114*$D$4 -> 125
C83: 暴击伤害等级 | E83: =ROUND(E115*$D$4,3) -> 962.5 | F83: =ROUND(F115*$D$4,0) -> 289 | G83: 1 | H83: 100 | I83: =I115*$D$4 -> 125
C84: 攻击力 | E84: =ROUND(E116*$D$4,3) -> 1500 | F84: =ROUND(F116*$D$4,0) -> 450 | G84: 1 | H84: 100 | I84: =I116*$D$4 -> 50
C85: 攻击击击力 | E85: =ROUND(E117*$D$4,3) -> 1500 | F85: =ROUND(F117*$D$4,0) -> 450 | G85: 1 | H85: 100 | I85: =I117*$D$4 -> 50
C86: 防御 | E86: =ROUND(E118*$D$4,3) -> 1000 | F86: =ROUND(F118*$D$4,0) -> 300 | G86: 1 | H86: 100 | I86: =I118*$D$4 -> 50
C87: 生命 | E87: =ROUND(E119*$D$4,3) -> 5000 | F87: =ROUND(F119*$D$4,0) -> 1500 | G87: 1 | H87: 100 | I87: =I119*$D$4 -> 50
C88: 物理伤害加成 | E88: =ROUND(E120*$D$4,3) -> 0.037 | F88: =ROUND(F120*$D$4,3) -> 0.011 | G88: 0.001 | H88: 100 | I88: =I120*$D$4 -> 150
C89: 魔法伤害加成 | E89: =ROUND(E121*$D$4,3) -> 0.037 | F89: =ROUND(F121*$D$4,3) -> 0.011 | G89: 0.001 | H89: 100 | I89: =I121*$D$4 -> 150
B91: 稀有度 | C91: 属性 | D91: 效果 | E91: 数值上限 | F91: 数值下限 | G91: 最小单位 | H91: 权重 | I91: 评分基础值
B92: 金 | C92: 攻击百分比 | E92: =ROUND(E108*$D$5,3) -> 0.135 | F92: =ROUND(F108*$D$5,3) -> 0.041 | G92: 0.001 | H92: 100 | I92: =I108*$D$5 -> 150
C93: 攻击百分比 | E93: =ROUND(E109*$D$5,3) -> 0.135 | F93: =ROUND(F109*$D$5,3) -> 0.041 | G93: 0.001 | H93: 100 | I93: =I109*$D$5 -> 150
C94: 防御百分比 | E94: =ROUND(E110*$D$5,3) -> 0.135 | F94: =ROUND(F110*$D$5,3) -> 0.041 | G94: 0.001 | H94: 100 | I94: =I110*$D$5 -> 150
C95: 生命百分比 | E95: =ROUND(E111*$D$5,3) -> 0.135 | F95: =ROUND(F111*$D$5,3) -> 0.041 | G95: 0.001 | H95: 100 | I95: =I111*$D$5 -> 150
C96: 技能冷却等级 | E96: =ROUND(E112*$D$5,3) -> 1706.25 | F96: =ROUND(F112*$D$5,0) -> 512 | G96: 1 | H96: 100 | I96: =I112*$D$5 -> 187.5
C97: 能量回复等级 | E97: =ROUND(E113*$D$5,3) -> 1181.25 | F97: =ROUND(F113*$D$5,0) -> 355 | G97: 1 | H97: 100 | I97: =I113*$D$5 -> 187.5
C98: 暴击等级 | E98: =ROUND(E114*$D$5,3) -> 1181.25 | F98: =ROUND(F114*$D$5,0) -> 355 | G98: 1 | H98: 100 | I98: =I114*$D$5 -> 187.5
C99: 暴击伤害等级 | E99: =ROUND(E115*$D$5,3) -> 1443.75 | F99: =ROUND(F115*$D$5,0) -> 434 | G99: 1 | H99: 100 | I99: =I115*$D$5 -> 187.5
C100: 攻击力 | E100: =ROUND(E116*$D$5,3) -> 2250 | F100: =ROUND(F116*$D$5,0) -> 675 | G100: 1 | H100: 100 | I100: =I116*$D$5 -> 75
C101: 攻击击击力 | E101: =ROUND(E117*$D$5,3) -> 2250 | F101: =ROUND(F117*$D$5,0) -> 675 | G101: 1 | H101: 100 | I101: =I117*$D$5 -> 75
C102: 防御 | E102: =ROUND(E118*$D$5,3) -> 1500 | F102: =ROUND(F118*$D$5,0) -> 450 | G102: 1 | H102: 100 | I102: =I118*$D$5 -> 75
C103: 生命 | E103: =ROUND(E119*$D$5,3) -> 7500 | F103: =ROUND(F119*$D$5,0) -> 2250 | G103: 1 | H103: 100 | I103: =I119*$D$5 -> 75
C104: 物理伤害加成 | E104: =ROUND(E120*$D$5,3) -> 0.055 | F104: =ROUND(F120*$D$5,3) -> 0.017 | G104: 0.001 | H104: 100 | I104: =I120*$D$5 -> 225
C105: 魔法伤害加成 | E105: =ROUND(E121*$D$5,3) -> 0.055 | F105: =ROUND(F121*$D$5,3) -> 0.017 | G105: 0.001 | H105: 100 | I105: =I121*$D$5 -> 225
B107: 稀有度 | C107: 属性 | D107: 效果 | E107: 数值上限 | F107: 数值下限 | G107: 最小单位 | H107: 权重 | I107: 评分基础值
B108: 红 | C108: 攻击百分比 | E108: ='设计页-映射装备数值'!D214 -> 0.18 | F108: ='设计页-映射装备数值'!C214 -> 0.054 | G108: 0.001 | H108: 100 | I108: ='设计页-映射装备数值'!H214 -> 200
C109: 攻击百分比 | E109: ='设计页-映射装备数值'!D215 -> 0.18 | F109: ='设计页-映射装备数值'!C215 -> 0.054 | G109: 0.001 | H109: 100 | I109: ='设计页-映射装备数值'!H215 -> 200
...

Sheet 配置页-普通装备技能
B2: 装备名称 | C2: buffid | D2: 额外固定副属性 | E2: 额外固定副属性值
B3: =普通映射装备数值!D3 -> 初级喷射器 | C3: 311001 | D3: =普通映射装备数值!U3 -> 攻击 | E3: =普通映射装备数值!V3 -> 0.01 | F3: =_xlfn.CONCAT(D3,E3) -> 攻击0.01
B4: =普通映射装备数值!D4 -> 中级喷射器 | C4: 311101 | D4: =普通映射装备数值!U4 -> 攻击 | E4: =普通映射装备数值!V4 -> 0.015 | F4: =_xlfn.CONCAT(D4,E4) -> 攻击0.015
B5: =普通映射装备数值!D5 -> 高级喷射器 | C5: 311201 | D5: =普通映射装备数值!U5 -> 攻击 | E5: =普通映射装备数值!V5 -> 0.02 | F5: =_xlfn.CONCAT(D5,E5) -> 攻击0.02
B6: =普通映射装备数值!D6 -> 初级逆变器 | C6: 311301 | D6: =普通映射装备数值!U6 -> 攻击 | E6: =普通映射装备数值!V6 -> 0.01 | F6: =_xlfn.CONCAT(D6,E6) -> 攻击0.01
B7: =普通映射装备数值!D7 -> 中级逆变器 | C7: 311401 | D7: =普通映射装备数值!U7 -> 攻击 | E7: =普通映射装备数值!V7 -> 0.015 | F7: =_xlfn.CONCAT(D7,E7) -> 攻击0.015
B8: =普通映射装备数值!D8 -> 高级逆变器 | C8: 311501 | D8: =普通映射装备数值!U8 -> 攻击 | E8: =普通映射装备数值!V8 -> 0.02 | F8: =_xlfn.CONCAT(D8,E8) -> 攻击0.02
B9: =普通映射装备数值!D9 -> 初级切割器 | C9: 311601 | D9: =普通映射装备数值!U9 -> 穿透伤害加成 | E9: =普通映射装备数值!V9 -> 0.02 | F9: =_xlfn.CONCAT(D9,E9) -> 穿透伤害加成0.02
B10: =普通映射装备数值!D10 -> 中级切割器 | C10: 311701 | D10: =普通映射装备数值!U10 -> 穿透伤害加成 | E10: =普通映射装备数值!V10 -> 0.03 | F10: =_xlfn.CONCAT(D10,E10) -> 穿透伤害加成0.03
B11: =普通映射装备数值!D11 -> 高级切割器 | C11: 311801 | D11: =普通映射装备数值!U11 -> 穿透伤害加成 | E11: =普通映射装备数值!V11 -> 0.04 | F11: =_xlfn.CONCAT(D11,E11) -> 穿透伤害加成0.04
B12: =普通映射装备数值!D12 -> 初级旋转机枪 | C12: 311901 | D12: =普通映射装备数值!U12 -> 普攻速度百分比 | E12: =普通映射装备数值!V12 -> 0.018 | F12: =_xlfn.CONCAT(D12,E12) -> 普攻速度百分比0.018
B13: =普通映射装备数值!D13 -> 中级旋转机枪 | C13: 312001 | D13: =普通映射装备数值!U13 -> 普攻速度百分比 | E13: =普通映射装备数值!V13 -> 0.028 | F13: =_xlfn.CONCAT(D13,E13) -> 普攻速度百分比0.028
B14: =普通映射装备数值!D14 -> 高级旋转机枪 | C14: 312101 | D14: =普通映射装备数值!U14 -> 普攻速度百分比 | E14: =普通映射装备数值!V14 -> 0.04 | F14: =_xlfn.CONCAT(D14,E14) -> 普攻速度百分比0.04
... B155: =普通映射装备数值!D155 -> 高级契约指环 | C155: 382201 | D155: =普通映射装备数值!U155 -> 攻击 | E155: =普通映射装备数值!V155 -> 630 | F155: =_xlfn.CONCAT(D155,E155) -> 攻击630

Sheet 普通映射装备数值
G1: 原始 | O1: 最终
C2: ID | D2: 名称 | E2: 部位 | F2: 稀有度 | G2: 主属性1 | H2: 1级数值 | I2: 属性成长系数 | J2: 主属性2 | K2: 1级数值 | L2: 属性成长系数 | M2: 主属性1系数 | N2: 主属性2系数 | O2: 主属性1 | P2: 1级数值 | Q2: 属性成长系数 | R2: 主属性2 | S2: 1级数值 | T2: 属性成长系数 | U2: 额外固定副属性 | V2: 额外固定副属性值 | X2: buffid
C3: 80001 | D3: 初级喷射器 | E3: 仪器 | F3: Blue | G3: =IFERROR(INDEX(映射装备数值!D:D,SUMPRODUCT((映射装备数值!$C$10:$C$56=IF($F3="Blue","蓝",IF($F3="Purple","紫",IF($F3="Orange","金",IF($F3="Red","红",$F3)))))*((映射装备数值!$A$10:$A$56=$E3)+(映射装备数值!$B$10:$B$56=$E3))*ROW(映射装备数值!$A$10:$A$56))),"未匹配") -> 攻击 | H3: =IFERROR(INDEX(映射装备数值!G:G,SUMPRODUCT((映射装备数值!$C$10:$C$56=IF($F3="Blue","蓝",IF($F3="Purple","紫",IF($F3="Orange","金",IF($F3="Red","红",$F3)))))*((映射装备数值!$A$10:$A$56=$E3)+(映射装备数值!$B$10:$B$56=$E3))*ROW(映射装备数值!$A$10:$A$56))),"未匹配") -> 193.2 | I3: =IFERROR(INDEX(映射装备数值!F:F,SUMPRODUCT((映射装备数值!$C$10:$C$56=IF($F3="Blue","蓝",IF($F3="Purple","紫",IF($F3="Orange","金",IF($F3="Red","红",$F3)))))*((映射装备数值!$A$10:$A$56=$E3)+(映射装备数值!$B$10:$B$56=$E3))*ROW(映射装备数值!$A$10:$A$56))),"未匹配") -> 25.2 | J3: =IFERROR(INDEX(映射装备数值!I:I,SUMPRODUCT((映射装备数值!$C$10:$C$56=IF($F3="Blue","蓝",IF($F3="Purple","紫",IF($F3="Orange","金",IF($F3="Red","红",$F3)))))*((映射装备数值!$A$10:$A$56=$E3)+(映射装备数值!$B$10:$B$56=$E3))*ROW(映射装备数值!$A$10:$A$56))),"未匹配") -> 暴击等级 | K3: =IFERROR(INDEX(映射装备数值!L:L,SUMPRODUCT((映射装备数值!$C$10:$C$56=IF($F3="Blue","蓝",IF($F3="Purple","紫",IF($F3="Orange","金",IF($F3="Red","红",$F3)))))*((映射装备数值!$A$10:$A$56=$E3)+(映射装备数值!$B$10:$B$56=$E3))*ROW(映射装备数值!$A$10:$A$56))),"未匹配") -> 100.2 | L3: =IFERROR(INDEX(映射装备数值!K:K,SUMPRODUCT((映射装备数值!$C$10:$C$56=IF($F3="Blue","蓝",IF($F3="Purple","紫",IF($F3="Orange","金",IF($F3="Red","红",$F3)))))*((映射装备数值!$A$10:$A$56=$E3)+(映射装备数值!$B$10:$B$56=$E3))*ROW(映射装备数值!$A$10:$A$56))),"未匹配") -> 13.2 | M3: 1.1 | N3: 0.9 | O3: =G3 -> 攻击 | P3: =ROUND(H3*$M3,IF(H3<1,3,0)) -> 213 | Q3: =ROUND(I3*$M3,IF(I3<1,3,0)) -> 28 | R3: =J3 -> 暴击等级 | S3: =ROUND(K3*$N3,IF(K3<1,3,0)) -> 90 | T3: =ROUND(L3*$N3,IF(L3<1,4,0)) -> 12 | U3: 攻击 | V3: 0.01 | W3: 80001
C4: 80002 | D4: 中级喷射器 | E4: 仪器 | F4: Purple | G4: =IFERROR(INDEX(映射装备数值!D:D,SUMPRODUCT((映射装备数值!$C$10:$C$56=IF($F4="Blue","蓝",IF($F4="Purple","紫",IF($F4="Orange","金",IF($F4="Red","红",$F4)))))*((映射装备数值!$A$10:$A$56=$E4)+(映射装备数值!$B$10:$B$56=$E4))*ROW(映射装备数值!$A$10:$A$56))),"未匹配") -> 攻击 | H4: =IFERROR(INDEX(映射装备数值!G:G,SUMPRODUCT((映射装备数值!$C$10:$C$56=IF($F4="Blue","蓝",IF($F4="Purple","紫",IF($F4="Orange","金",IF($F4="Red","红",$F4)))))*((映射装备数值!$A$10:$A$56=$E4)+(映射装备数值!$B$10:$B$56=$E4))*ROW(映射装备数值!$A$10:$A$56))),"未匹配") -> 322 | I4: =IFERROR(INDEX(映射装备数值!F:F,SUMPRODUCT((映射装备数值!$C$10:$C$56=IF($F4="Blue","蓝",IF($F4="Purple","紫",IF($F4="Orange","金",IF($F4="Red","红",$F4)))))*((映射装备数值!$A$10:$A$56=$E4)+(映射装备数值!$B$10:$B$56=$E4))*ROW(映射装备数值!$A$10:$A$56))),"未匹配") -> 42 | J4: =IFERROR(INDEX(映射装备数值!I:I,SUMPRODUCT((映射装备数值!$C$10:$C$56=IF($F4="Blue","蓝",IF($F4="Purple","紫",IF($F4="Orange","金",IF($F4="Red","红",$F4)))))*((映射装备数值!$A$10:$A$56=$E4)+(映射装备数值!$B$10:$B$56=$E4))*ROW(映射装备数值!$A$10:$A$56))),"未匹配") -> 暴击等级 | K4: =IFERROR(INDEX(映射装备数值!L:L,SUMPRODUCT((映射装备数值!$C$10:$C$56=IF($F4="Blue","蓝",IF($F4="Purple","紫",IF($F4="Orange","金",IF($F4="Red","红",$F4)))))*((映射装备数值!$A$10:$A$56=$E4)+(映射装备数值!$B$10:$B$56=$E4))*ROW(映射装备数值!$A$10:$A$56))),"未匹配") -> 167 | L4: =IFERROR(INDEX(映射装备数值!K:K,SUMPRODUCT((映射装备数值!$C$10:$C$56=IF($F4="Blue","蓝",IF($F4="Purple","紫",IF($F4="Orange","金",IF($F4="Red","红",$F4)))))*((映射装备数值!$A$10:$A$56=$E4)+(映射装备数值!$B$10:$B$56=$E4))*ROW(映射装备数值!$A$10:$A$56))),"未匹配") -> 22 | M4: 1.1 | N4: 0.9 | O4: =G4 -> 攻击 | P4: =ROUND(H4*$M4,IF(H4<1,3,0)) -> 354 | Q4: =ROUND(I4*$M4,IF(I4<1,3,0)) -> 46 | R4: =J4 -> 暴击等级 | S4: =ROUND(K4*$N4,IF(K4<1,3,0)) -> 150 | T4: =ROUND(L4*$N4,IF(L4<1,4,0)) -> 20 | U4: 攻击 | V4: 0.015 | W4: 80002
C5: 80003 | D5: 高级喷射器 | E5: 仪器 | F5: Orange | G5: =IFERROR(INDEX(映射装备数值!D:D,SUMPRODUCT((映射装备数值!$C$10:$C$56=IF($F5="Blue","蓝",IF($F5="Purple","紫",IF($F5="Orange","金",IF($F5="Red","红",$F5)))))*((映射装备数值!$A$10:$A$56=$E5)+(映射装备数值!$B$10:$B$56=$E5))*ROW(映射装备数值!$A$10:$A$56))),"未匹配") -> 攻击 | H5: =IFERROR(INDEX(映射装备数值!G:G,SUMPRODUCT((映射装备数值!$C$10:$C$56=IF($F5="Blue","蓝",IF($F5="Purple","紫",IF($F5="Orange","金",IF($F5="Red","红",$F5)))))*((映射装备数值!$A$10:$A$56=$E5)+(映射装备数值!$B$10:$B$56=$E5))*ROW(映射装备数值!$A$10:$A$56))),"未匹配") -> 483 | I5: =IFERROR(INDEX(映射装备数值!F:F,SUMPRODUCT((映射装备数值!$C$10:$C$56=IF($F5="Blue","蓝",IF($F5="Purple","紫",IF($F5="Orange","金",IF($F5="Red","红",$F5)))))*((映射装备数值!$A$10:$A$56=$E5)+(映射装备数值!$B$10:$B$56=$E5))*ROW(映射装备数值!$A$10:$A$56))),"未匹配") -> 63 | J5: =IFERROR(INDEX(映射装备数值!I:I,SUMPRODUCT((映射装备数值!$C$10:$C$56=IF($F5="Blue","蓝",IF($F5="Purple","紫",IF($F5="Orange","金",IF($F5="Red","红",$F5)))))*((映射装备数值!$A$10:$A$56=$E5)+(映射装备数值!$B$10:$B$56=$E5))*ROW(映射装备数值!$A$10:$A$56))),"未匹配") -> 暴击等级 | K5: =IFERROR(INDEX(映射装备数值!L:L,SUMPRODUCT((映射装备数值!$C$10:$C$56=IF($F5="Blue","蓝",IF($F5="Purple","紫",IF($F5="Orange","金",IF($F5="Red","红",$F5)))))*((映射装备数值!$A$10:$A$56=$E5)+(映射装备数值!$B$10:$B$56=$E5))*ROW(映射装备数值!$A$10:$A$56))),"未匹配") -> 250.5 | L5: =IFERROR(INDEX(映射装备数值!K:K,SUMPRODUCT((映射装备数值!$C$10:$C$56=IF($F5="Blue","蓝",IF($F5="Purple","紫",IF($F5="Orange","金",IF($F5="Red","红",$F5)))))*((映射装备数值!$A$10:$A$56=$E5)+(映射装备数值!$B$10:$B$56=$E5))*ROW(映射装备数值!$A$10:$A$56))),"未匹配") -> 33 | M5: 1.1 | N5: 0.9 | O5: =G5 -> 攻击 | P5: =ROUND(H5*$M5,IF(H5<1,3,0)) -> 531 | Q5: =ROUND(I5*$M5,IF(I5<1,3,0)) -> 69 | R5: =J5 -> 暴击等级 | S5: =ROUND(K5*$N5,IF(K5<1,3,0)) -> 225 | T5: =ROUND(L5*$N5,IF(L5<1,4,0)) -> 30 | U5: 攻击 | V5: 0.02 | W5: 80003
C6: 80004 | D6: 初级逆变器 | E6: 仪器 | F6: Blue | G6: =IFERROR(INDEX(映射装备数值!D:D,SUMPRODUCT((映射装备数值!$C$10:$C$56=IF($F6="Blue","蓝",IF($F6="Purple","紫",IF($F6="Orange","金",IF($F6="Red","红",$F6)))))*((映射装备数值!$A$10:$A$56=$E6)+(映射装备数值!$B$10:$B$56=$E6))*ROW(映射装备数值!$A$10:$A$56))),"未匹配") -> 攻击 | H6: =IFERROR(INDEX(映射装备数值!G:G,SUMPRODUCT((映射装备数值!$C$10:$C$56=IF($F6="Blue","蓝",IF($F6="Purple","紫",IF($F6="Orange","金",IF($F6="Red","红",$F6)))))*((映射装备数值!$A$10:$A$56=$E6)+(映射装备数值!$B$10:$B$56=$E6))*ROW(映射装备数值!$A$10:$A$56))),"未匹配") -> 193.2 | I6: =IFERROR(INDEX(映射装备数值!F:F,SUMPRODUCT((映射装备数值!$C$10:$C$56=IF($F6="Blue","蓝",IF($F6="Purple","紫",IF($F6="Orange","金",IF($F6="Red","红",$F6)))))*((映射装备数值!$A$10:$A$56=$E6)+(映射装备数值!$B$10:$B$56=$E6))*ROW(映射装备数值!$A$10:$A$56))),"未匹配") -> 25.2 | J6: =IFERROR(INDEX(映射装备数值!I:I,SUMPRODUCT((映射装备数值!$C$10:$C$56=IF($F6="Blue","蓝",IF($F6="Purple","紫",IF($F6="Orange","金",IF($F6="Red","红",$F6)))))*((映射装备数值!$A$10:$A$56=$E6)+(映射装备数值!$B$10:$B$56=$E6))*ROW(映射装备数值!$A$10:$A$56))),"未匹配") -> 暴击等级 | K6: =IFERROR(INDEX(映射装备数值!L:L,SUMPRODUCT((映射装备数值!$C$10:$C$56=IF($F6="Blue","蓝",IF($F6="Purple","紫",IF($F6="Orange","金",IF($F6="Red","红",$F6)))))*((映射装备数值!$A$10:$A$56=$E6)+(映射装备数值!$B$10:$B$56=$E6))*ROW(映射装备数值!$A$10:$A$56))),"未匹配") -> 100.2 | L6: =IFERROR(INDEX(映射装备数值!K:K,SUMPRODUCT((映射装备数值!$C$10:$C$56=IF($F6="Blue","蓝",IF($F6="Purple","紫",IF($F6="Orange","金",IF($F6="Red","红",$F6)))))*((映射装备数值!$A$10:$A$56=$E6)+(映射装备数值!$B$10:$B$56=$E6))*ROW(映射装备数值!$A$10:$A$56))),"未匹配") -> 13.2 | M6: 0.95 | N6: 1.05 | O6: =G6 -> 攻击 | P6: =ROUND(H6*$M6,IF(H6<1,3,0)) -> 184 | Q6: =ROUND(I6*$M6,IF(I6<1,3,0)) -> 24 | R6: =J6 -> 暴击等级 | S6: =ROUND(K6*$N6,IF(K6<1,3,0)) -> 105 | T6: =ROUND(L6*$N6,IF(L6<1,4,0)) -> 14 | U6: 攻击 | V6: 0.01 | W6: 80004
C7: 80005 | D7: 中级逆变器 | E7: 仪器 | F7: Purple | G7: =IFERROR(INDEX(映射装备数值!D:D,SUMPRODUCT((映射装备数值!$C$10:$C$56=IF($F7="Blue","蓝",IF($F7="Purple","紫",IF($F7="Orange","金",IF($F7="Red","红",$F7)))))*((映射装备数值!$A$10:$A$56=$E7)+(映射装备数值!$B$10:$B$56=$E7))*ROW(映射装备数值!$A$10:$A$56))),"未匹配") -> 攻击 | H7: =IFERROR(INDEX(映射装备数值!G:G,SUMPRODUCT((映射装备数值!$C$10:$C$56=IF($F7="Blue","蓝",IF($F7="Purple","紫",IF($F7="Orange","金",IF($F7="Red","红",$F7)))))*((映射装备数值!$A$10:$A$56=$E7)+(映射装备数值!$B$10:$B$56=$E7))*ROW(映射装备数值!$A$10:$A$56))),"未匹配") -> 322 | I7: =IFERROR(INDEX(映射装备数值!F:F,SUMPRODUCT((映射装备数值!$C$10:$C$56=IF($F7="Blue","蓝",IF($F7="Purple","紫",IF($F7="Orange","金",IF($F7="Red","红",$F7)))))*((映射装备数值!$A$10:$A$56=$E7)+(映射装备数值!$B$10:$B$56=$E7))*ROW(映射装备数值!$A$10:$A$56))),"未匹配") -> 42 | J7: =IFERROR(INDEX(映射装备数值!I:I,SUMPRODUCT((映射装备数值!$C$10:$C$56=IF($F7="Blue","蓝",IF($F7="Purple","紫",IF($F7="Orange","金",IF($F7="Red","红",$F7)))))*((映射装备数值!$A$10:$A$56=$E7)+(映射装备数值!$B$10:$B$56=$E7))*ROW(映射装备数值!$A$10:$A$56))),"未匹配") -> 暴击等级 | K7: =IFERROR(INDEX(映射装备数值!L:L,SUMPRODUCT((映射装备数值!$C$10:$C$56=IF($F7="Blue","蓝",IF($F7="Purple","紫",IF($F7="Orange","金",IF($F7="Red","红",$F7)))))*((映射装备数值!$A$10:$A$56=$E7)+(映射装备数值!$B$10:$B$56=$E7))*ROW(映射装备数值!$A$10:$A$56))),"未匹配") -> 167 | L7: =IFERROR(INDEX(映射装备数值!K:K,SUMPRODUCT((映射装备数值!$C$10:$C$56=IF($F7="Blue","蓝",IF($F7="Purple","紫",IF($F7="Orange","金",IF($F7="Red","红",$F7)))))*((映射装备数值!$A$10:$A$56=$E7)+(映射装备数值!$B$10:$B$56=$E7))*ROW(映射装备数值!$A$10:$A$56))),"未匹配") -> 22 | M7: 0.95 | N7: 1.05 | O7: =G7 -> 攻击 | P7: =ROUND(H7*$M7,IF(H7<1,3,0)) -> 306 | Q7: =ROUND(I7*$M7,IF(I7<1,3,0)) -> 40 | R7: =J7 -> 暴击等级 | S7: =ROUND(K7*$N7,IF(K7<1,3,0)) -> 175 | T7: =ROUND(L7*$N7,IF(L7<1,4,0)) -> 23 | U7: 攻击 | V7: 0.015 | W7: 80005
C8: 80006 | D8: 高级逆变器 | E8: 仪器 | F8: Orange | G8: =IFERROR(INDEX(映射装备数值!D:D,SUMPRODUCT((映射装备数值!$C$10:$C$56=IF($F8="Blue","蓝",IF($F8="Purple","紫",IF($F8="Orange","金",IF($F8="Red","红",$F8)))))*((映射装备数值!$A$10:$A$56=$E8)+(映射装备数值!$B$10:$B$56=$E8))*ROW(映射装备数值!$A$10:$A$56))),"未匹配") -> 攻击 | H8: =IFERROR(INDEX(映射装备数值!G:G,SUMPRODUCT((映射装备数值!$C$10:$C$56=IF($F8="Blue","蓝",IF($F8="Purple","紫",IF($F8="Orange","金",IF($F8="Red","红",$F8)))))*((映射装备数值!$A$10:$A$56=$E8)+(映射装备数值!$B$10:$B$56=$E8))*ROW(映射装备数值!$A$10:$A$56))),"未匹配") -> 483 | I8: =IFERROR(INDEX(映射装备数值!F:F,SUMPRODUCT((映射装备数值!$C$10:$C$56=IF($F8="Blue","蓝",IF($F8="Purple","紫",IF($F8="Orange","金",IF($F8="Red","红",$F8)))))*((映射装备数值!$A$10:$A$56=$E8)+(映射装备数值!$B$10:$B$56=$E8))*ROW(映射装备数值!$A$10:$A$56))),"未匹配") -> 63 | J8: =IFERROR(INDEX(映射装备数值!I:I,SUMPRODUCT((映射装备数值!$C$10:$C$56=IF($F8="Blue","蓝",IF($F8="Purple","紫",IF($F8="Orange","金",IF($F8="Red","红",$F8)))))*((映射装备数值!$A$10:$A$56=$E8)+(映射装备数值!$B$10:$B$56=$E8))*ROW(映射装备数值!$A$10:$A$56))),"未匹配") -> 暴击等级 | K8: =IFERROR(INDEX(映射装备数值!L:L,SUMPRODUCT((映射装备数值!$C$10:$C$56=IF($F8="Blue","蓝",IF($F8="Purple","紫",IF($F8="Orange","金",IF($F8="Red","红",$F8)))))*((映射装备数值!$A$10:$A$56=$E8)+(映射装备数值!$B$10:$B$56=$E8))*ROW(映射装备数值!$A$10:$A$56))),"未匹配") -> 250.5 | L8: =IFERROR(INDEX(映射装备数值!K:K,SUMPRODUCT((映射装备数值!$C$10:$C$56=IF($F8="Blue","蓝",IF($F8="Purple","紫",IF($F8="Orange","金",IF($F8="Red","红",$F8)))))*((映射装备数值!$A$10:$A$56=$E8)+(映射装备数值!$B$10:$B$56=$E8))*ROW(映射装备数值!$A$10:$A$56))),"未匹配") -> 33 | M8: 0.95 | N8: 1.05 | O8: =G8 -> 攻击 | P8: =ROUND(H8*$M8,IF(H8<1,3,0)) -> 459 | Q8: =ROUND(I8*$M8,IF(I8<1,3,0)) -> 60 | R8: =J8 -> 暴击等级 | S8: =ROUND(K8*$N8,IF(K8<1,3,0)) -> 263 | T8: =ROUND(L8*$N8,IF(L8<1,4,0)) -> 35 | U8: 攻击 | V8: 0.02 | W8: 80006
C9: 80007 | D9: 初级切割器 | E9: 仪器 | F9: Blue | G9: =IFERROR(INDEX(映射装备数值!D:D,SUMPRODUCT((映射装备数值!$C$10:$C$56=IF($F9="Blue","蓝",IF($F9="Purple","紫",IF($F9="Orange","金",IF($F9="Red","红",$F9)))))*((映射装备数值!$A$10:$A$56=$E9)+(映射装备数值!$B$10:$B$56=$E9))*ROW(映射装备数值!$A$10:$A$56))),"未匹配") -> 攻击 | H9: =IFERROR(INDEX(映射装备数值!G:G,SUMPRODUCT((映射装备数值!$C$10:$C$56=IF($F9="Blue","蓝",IF($F9="Purple","紫",IF($F9="Orange","金",IF($F9="Red","红",$F9)))))*((映射装备数值!$A$10:$A$56=$E9)+(映射装备数值!$B$10:$B$56=$E9))*ROW(映射装备数值!$A$10:$A$56))),"未匹配") -> 193.2 | I9: =IFERROR(INDEX(映射装备数值!F:F,SUMPRODUCT((映射装备数值!$C$10:$C$56=IF($F9="Blue","蓝",IF($F9="Purple","紫",IF($F9="Orange","金",IF($F9="Red","红",$F9)))))*((映射装备数值!$A$10:$A$56=$E9)+(映射装备数值!$B$10:$B$56=$E9))*ROW(映射装备数值!$A$10:$A$56))),"未匹配") -> 25.2 | J9: =IFERROR(INDEX(映射装备数值!I:I,SUMPRODUCT((映射装备数值!$C$10:$C$56=IF($F9="Blue","蓝",IF($F9="Purple","紫",IF($F9="Orange","金",IF($F9="Red","红",$F9)))))*((映射装备数值!$A$10:$A$56=$E9)+(映射装备数值!$B$10:$B$56=$E9))*ROW(映射装备数值!$A$10:$A$56))),"未匹配") -> 暴击等级 | K9: =IFERROR(INDEX(映射装备数值!L:L,SUMPRODUCT((映射装备数值!$C$10:$C$56=IF($F9="Blue","蓝",IF($F9="Purple","紫",IF($F9="Orange","金",IF($F9="Red","红",$F9)))))*((映射装备数值!$A$10:$A$56=$E9)+(映射装备数值!$B$10:$B$56=$E9))*ROW(映射装备数值!$A$10:$A$56))),"未匹配") -> 100.2 | L9: =IFERROR(INDEX(映射装备数值!K:K,SUMPRODUCT((映射装备数值!$C$10:$C$56=IF($F9="Blue","蓝",IF($F9="Purple","紫",IF($F9="Orange","金",IF($F9="Red","红",$F9)))))*((映射装备数值!$A$10:$A$56=$E9)+(映射装备数值!$B$10:$B$56=$E9))*ROW(映射装备数值!$A$10:$A$56))),"未匹配") -> 13.2 | M9: 1 | N9: 1 | O9: =G9 -> 攻击 | P9: =ROUND(H9*$M9,IF(H9<1,3,0)) -> 193 | Q9: =ROUND(I9*$M9,IF(I9<1,3,0)) -> 25 | R9: =J9 -> 暴击等级 | S9: =ROUND(K9*$N9,IF(K9<1,3,0)) -> 100 | T9: =ROUND(L9*$N9,IF(L9<1,4,0)) -> 13 | U9: 穿透伤害加成 | V9: 0.02 | W9: 80007
C10: 80008 | D10: 中级切割器 | E10: 仪器 | F10: Purple | G10: =IFERROR(INDEX(映射装备数值!D:D,SUMPRODUCT((映射装备数值!$C$10:$C$56=IF($F10="Blue","蓝",IF($F10="Purple","紫",IF($F10="Orange","金",IF($F10="Red","红",$F10)))))*((映射装备数值!$A$10:$A$56=$E10)+(映射装备数值!$B$10:$B$56=$E10))*ROW(映射装备数值!$A$10:$A$56))),"未匹配") -> 攻击 | H10: =IFERROR(INDEX(映射装备数值!G:G,SUMPRODUCT((映射装备数值!$C$10:$C$56=IF($F10="Blue","蓝",IF($F10="Purple","紫",IF($F10="Orange","金",IF($F10="Red","红",$F10)))))*((映射装备数值!$A$10:$A$56=$E10)+(映射装备数值!$B$10:$B$56=$E10))*ROW(映射装备数值!$A$10:$A$56))),"未匹配") -> 322 | I10: =IFERROR(INDEX(映射装备数值!F:F,SUMPRODUCT((映射装备数值!$C$10:$C$56=IF($F10="Blue","蓝",IF($F10="Purple","紫",IF($F10="Orange","金",IF($F10="Red","红",$F10)))))*((映射装备数值!$A$10:$A$56=$E10)+(映射装备数值!$B$10:$B$56=$E10))*ROW(映射装备数值!$A$10:$A$56))),"未匹配") -> 42 | J10: =IFERROR(INDEX(映射装备数值!I:I,SUMPRODUCT((映射装备数值!$C$10:$C$56=IF($F10="Blue","蓝",IF($F10="Purple","紫",IF($F10="Orange","金",IF($F10="Red","红",$F10)))))*((映射装备数值!$A$10:$A$56=$E10)+(映射装备数值!$B$10:$B$56=$E10))*ROW(映射装备数值!$A$10:$A$56))),"未匹配") -> 暴击等级 | K10: =IFERROR(INDEX(映射装备数值!L:L,SUMPRODUCT((映射装备数值!$C$10:$C$56=IF($F10="Blue","蓝",IF($F10="Purple","紫",IF($F10="Orange","金",IF($F10="Red","红",$F10)))))*((映射装备数值!$A$10:$A$56=$E10)+(映射装备数值!$B$10:$B$56=$E10))*ROW(映射装备数值!$A$10:$A$56))),"未匹配") -> 167 | L10: =IFERROR(INDEX(映射装备数值!K:K,SUMPRODUCT((映射装备数值!$C$10:$C$56=IF($F10="Blue","蓝",IF($F10="Purple","紫",IF($F10="Orange","金",IF($F10="Red","红",$F10)))))*((映射装备数值!$A$10:$A$56=$E10)+(映射装备数值!$B$10:$B$56=$E10))*ROW(映射装备数值!$A$10:$A$56))),"未匹配") -> 22 | M10: 1 | N10: 1 | O10: =G10 -> 攻击 | P10: =ROUND(H10*$M10,IF(H10<1,3,0)) -> 322 | Q10: =ROUND(I10*$M10,IF(I10<1,3,0)) -> 42 | R10: =J10 -> 暴击等级 | S10: =ROUND(K10*$N10,IF(K10<1,3,0)) -> 167 | T10: =ROUND(L10*$N10,IF(L10<1,4,0)) -> 22 | U10: 穿透伤害加成 | V10: 0.03 | W10: 80008
C11: 80009 | D11: 高级切割器 | E11: 仪器 | F11: Orange | G11: =IFERROR(INDEX(映射装备数值!D:D,SUMPRODUCT((映射装备数值!$C$10:$C$56=IF($F11="Blue","蓝",IF($F11="Purple","紫",IF($F11="Orange","金",IF($F11="Red","红",$F11)))))*((映射装备数值!$A$10:$A$56=$E11)+(映射装备数值!$B$10:$B$56=$E11))*ROW(映射装备数值!$A$10:$A$56))),"未匹配") -> 攻击 | H11: =IFERROR(INDEX(映射装备数值!G:G,SUMPRODUCT((映射装备数值!$C$10:$C$56=IF($F11="Blue","蓝",IF($F11="Purple","紫",IF($F11="Orange","金",IF($F11="Red","红",$F11)))))*((映射装备数值!$A$10:$A$56=$E11)+(映射装备数值!$B$10:$B$56=$E11))*ROW(映射装备数值!$A$10:$A$56))),"未匹配") -> 483 | I11: =IFERROR(INDEX(映射装备数值!F:F,SUMPRODUCT((映射装备数值!$C$10:$C$56=IF($F11="Blue","蓝",IF($F11="Purple","紫",IF($F11="Orange","金",IF($F11="Red","红",$F11)))))*((映射装备数值!$A$10:$A$56=$E11)+(映射装备数值!$B$10:$B$56=$E11))*ROW(映射装备数值!$A$10:$A$56))),"未匹配") -> 63 | J11: =IFERROR(INDEX(映射装备数值!I:I,SUMPRODUCT((映射装备数值!$C$10:$C$56=IF($F11="Blue","蓝",IF($F11="Purple","紫",IF($F11="Orange","金",IF($F11="Red","红",$F11)))))*((映射装备数值!$A$10:$A$56=$E11)+(映射装备数值!$B$10:$B$56=$E11))*ROW(映射装备数值!$A$10:$A$56))),"未匹配") -> 暴击等级 | K11: =IFERROR(INDEX(映射装备数值!L:L,SUMPRODUCT((映射装备数值!$C$10:$C$56=IF($F11="Blue","蓝",IF($F11="Purple","紫",IF($F11="Orange","金",IF($F11="Red","红",$F11)))))*((映射装备数值!$A$10:$A$56=$E11)+(映射装备数值!$B$10:$B$56=$E11))*ROW(映射装备数值!$A$10:$A$56))),"未匹配") -> 250.5 | L11: =IFERROR(INDEX(映射装备数值!K:K,SUMPRODUCT((映射装备数值!$C$10:$C$56=IF($F11="Blue","蓝",IF($F11="Purple","紫",IF($F11="Orange","金",IF($F11="Red","红",$F11)))))*((映射装备数值!$A$10:$A$56=$E11)+(映射装备数值!$B$10:$B$56=$E11))*ROW(映射装备数值!$A$10:$A$56))),"未匹配") -> 33 | M11: 1 | N11: 1 | O11: =G11 -> 攻击 | P11: =ROUND(H11*$M11,IF(H11<1,3,0)) -> 483 | Q11: =ROUND(I11*$M11,IF(I11<1,3,0)) -> 63 | R11: =J11 -> 暴击等级 | S11: =ROUND(K11*$N11,IF(K11<1,3,0)) -> 251 | T11: =ROUND(L11*$N11,IF(L11<1,4,0)) -> 33 | U11: 穿透伤害加成 | V11: 0.04 | W11: 80009
C12: 80010 | D12: 初级旋转机枪 | E12: 枪炮 | F12: Blue | G12: =IFERROR(INDEX(映射装备数值!D:D,SUMPRODUCT((映射装备数值!$C$10:$C$56=IF($F12="Blue","蓝",IF($F12="Purple","紫",IF($F12="Orange","金",IF($F12="Red","红",$F12)))))*((映射装备数值!$A$10:$A$56=$E12)+(映射装备数值!$B$10:$B$56=$E12))*ROW(映射装备数值!$A$10:$A$56))),"未匹配") -> 攻击 | H12: =IFERROR(INDEX(映射装备数值!G:G,SUMPRODUCT((映射装备数值!$C$10:$C$56=IF($F12="Blue","蓝",IF($F12="Purple","紫",IF($F12="Orange","金",IF($F12="Red","红",$F12)))))*((映射装备数值!$A$10:$A$56=$E12)+(映射装备数值!$B$10:$B$56=$E12))*ROW(映射装备数值!$A$10:$A$56))),"未匹配") -> 193.2 | I12: =IFERROR(INDEX(映射装备数值!F:F,SUMPRODUCT((映射装备数值!$C$10:$C$56=IF($F12="Blue","蓝",IF($F12="Purple","紫",IF($F12="Orange","金",IF($F12="Red","红",$F12)))))*((映射装备数值!$A$10:$A$56=$E12)+(映射装备数值!$B$10:$B$56=$E12))*ROW(映射装备数值!$A$10:$A$56))),"未匹配") -> 25.2 | J12: =IFERROR(INDEX(映射装备数值!I:I,SUMPRODUCT((映射装备数值!$C$10:$C$56=IF($F12="Blue","蓝",IF($F12="Purple","紫",IF($F12="Orange","金",IF($F12="Red","红",$F12)))))*((映射装备数值!$A$10:$A$56=$E12)+(映射装备数值!$B$10:$B$56=$E12))*ROW(映射装备数值!$A$10:$A$56))),"未匹配") -> 攻击 | K12: =IFERROR(INDEX(映射装备数值!L:L,SUMPRODUCT((映射装备数值!$C$10:$C$56=IF($F12="Blue","蓝",IF($F12="Purple","紫",IF($F12="Orange","金",IF($F12="Red","红",$F12)))))*((映射装备数值!$A$10:$A$56=$E12)+(映射装备数值!$B$10:$B$56=$E12))*ROW(映射装备数值!$A$10:$A$56))),"未匹配") -> 193.2 | L12: =IFERROR(INDEX(映射装备数值!K:K,SUMPRODUCT((映射装备数值!$C$10:$C$56=IF($F12="Blue","蓝",IF($F12="Purple","紫",IF($F12="Orange","金",IF($F12="Red","红",$F12)))))*((映射装备数值!$A$10:$A$56=$E12)+(映射装备数值!$B$10:$B$56=$E12))*ROW(映射装备数值!$A$10:$A$56))),"未匹配") -> 25.2 | M12: 1.15 | N12: 0.85 | O12: =G12 -> 攻击 | P12: =ROUND(H12*$M12,IF(H12<1,3,0)) -> 222 | Q12: =ROUND(I12*$M12,IF(I12<1,3,0)) -> 29 | R12: =J12 -> 攻击 | S12: =ROUND(K12*$N12,IF(K12<1,3,0)) -> 164 | T12: =ROUND(L12*$N12,IF(L12<1,4,0)) -> 21 | U12: 普攻速度百分比 | V12: 0.018 | W12: 80010
C13: 80011 | D13: 中级旋转机枪 | E13: 枪炮 | F13: Purple | G13: =IFERROR(INDEX(映射装备数值!D:D,SUMPRODUCT((映射装备数值!$C$10:$C$56=IF($F13="Blue","蓝",IF($F13="Purple","紫",IF($F13="Orange","金",IF($F13="Red","红",$F13)))))*((映射装备数值!$A$10:$A$56=$E13)+(映射装备数值!$B$10:$B$56=$E13))*ROW(映射装备数值!$A$10:$A$56))),"未匹配") -> 攻击 | H13: =IFERROR(INDEX(映射装备数值!G:G,SUMPRODUCT((映射装备数值!$C$10:$C$56=IF($F13="Blue","蓝",IF($F13="Purple","紫",IF($F13="Orange","金",IF($F13="Red","红",$F13)))))*((映射装备数值!$A$10:$A$56=$E13)+(映射装备数值!$B$10:$B$56=$E13))*ROW(映射装备数值!$A$10:$A$56))),"未匹配") -> 322 | I13: =IFERROR(INDEX(映射装备数值!F:F,SUMPRODUCT((映射装备数值!$C$10:$C$56=IF($F13="Blue","蓝",IF($F13="Purple","紫",IF($F13="Orange","金",IF($F13="Red","红",$F13)))))*((映射装备数值!$A$10:$A$56=$E13)+(映射装备数值!$B$10:$B$56=$E13))*ROW(映射装备数值!$A$10:$A$56))),"未匹配") -> 42 | J13: =IFERROR(INDEX(映射装备数值!I:I,SUMPRODUCT((映射装备数值!$C$10:$C$56=IF($F13="Blue","蓝",IF($F13="Purple","紫",IF($F13="Orange","金",IF($F13="Red","红",$F13)))))*((映射装备数值!$A$10:$A$56=$E13)+(映射装备数值!$B$10:$B$56=$E13))*ROW(映射装备数值!$A$10:$A$56))),"未匹配") -> 攻击 | K13: =IFERROR(INDEX(映射装备数值!L:L,SUMPRODUCT((映射装备数值!$C$10:$C$56=IF($F13="Blue","蓝",IF($F13="Purple","紫",IF($F13="Orange","金",IF($F13="Red","红",$F13)))))*((映射装备数值!$A$10:$A$56=$E13)+(映射装备数值!$B$10:$B$56=$E13))*ROW(映射装备数值!$A$10:$A$56))),"未匹配") -> 322 | L13: =IFERROR(INDEX(映射装备数值!K:K,SUMPRODUCT((映射装备数值!$C$10:$C$56=IF($F13="Blue","蓝",IF($F13="Purple","紫",IF($F13="Orange","金",IF($F13="Red","红",$F13)))))*((映射装备数值!$A$10:$A$56=$E13)+(映射装备数值!$B$10:$B$56=$E13))*ROW(映射装备数值!$A$10:$A$56))),"未匹配") -> 42 | M13: 1.15 | N13: 0.85 | O13: =G13 -> 攻击 | P13: =ROUND(H13*$M13,IF(H13<1,3,0)) -> 370 | Q13: =ROUND(I13*$M13,IF(I13<1,3,0)) -> 48 | R13: =J13 -> 攻击 | S13: =ROUND(K13*$N13,IF(K13<1,3,0)) -> 274 | T13: =ROUND(L13*$N13,IF(L13<1,4,0)) -> 36 | U13: 普攻速度百分比 | V13: 0.028 | W13: 80011
C14: 80012 | D14: 高级旋转机枪 | E14: 枪炮 | F14: Orange | G14: =IFERROR(INDEX(映射装备数值!D:D,SUMPRODUCT((映射装备数值!$C$10:$C$56=IF($F14="Blue","蓝",IF($F14="Purple","紫",IF($F14="Orange","金",IF($F14="Red","红",$F14)))))*((映射装备数值!$A$10:$A$56=$E14)+(映射装备数值!$B$10:$B$56=$E14))*ROW(映射装备数值!$A$10:$A$56))),"未匹配") -> 攻击 | H14: =IFERROR(INDEX(映射装备数值!G:G,SUMPRODUCT((映射装备数值!$C$10:$C$56=IF($F14="Blue","蓝",IF($F14="Purple","紫",IF($F14="Orange","金",IF($F14="Red","红",$F14)))))*((映射装备数值!$A$10:$A$56=$E14)+(映射装备数值!$B$10:$B$56=$E14))*ROW(映射装备数值!$A$10:$A$56))),"未匹配") -> 483 | I14: =IFERROR(INDEX(映射装备数值!F:F,SUMPRODUCT((映射装备数值!$C$10:$C$56=IF($F14="Blue","蓝",IF($F14="Purple","紫",IF($F14="Orange","金",IF($F14="Red","红",$F14)))))*((映射装备数值!$A$10:$A$56=$E14)+(映射装备数值!$B$10:$B$56=$E14))*ROW(映射装备数值!$A$10:$A$56))),"未匹配") -> 63 | J14: =IFERROR(INDEX(映射装备数值!I:I,SUMPRODUCT((映射装备数值!$C$10:$C$56=IF($F14="Blue","蓝",IF($F14="Purple","紫",IF($F14="Orange","金",IF($F14="Red","红",$F14)))))*((映射装备数值!$A$10:$A$56=$E14)+(映射装备数值!$B$10:$B$56=$E14))*ROW(映射装备数值!$A$10:$A$56))),"未匹配") -> 攻击 | K14: =IFERROR(INDEX(映射装备数值!L:L,SUMPRODUCT((映射装备数值!$C$10:$C$56=IF($F14="Blue","蓝",IF($F14="Purple","紫",IF($F14="Orange","金",IF($F14="Red","红",$F14)))))*((映射装备数值!$A$10:$A$56=$E14)+(映射装备数值!$B$10:$B$56=$E14))*ROW(映射装备数值!$A$10:$A$56))),"未匹配") -> 483 | L14: =IFERROR(INDEX(映射装备数值!K:K,SUMPRODUCT((映射装备数值!$C$10:$C$56=IF($F14="Blue","蓝",IF($F14="Purple","紫",IF($F14="Orange","金",IF($F14="Red","红",$F14)))))*((映射装备数值!$A$10:$A$56=$E14)+(映射装备数值!$B$10:$B$56=$E14))*ROW(映射装备数值!$A$10:$A$56))),"未匹配") -> 63 | M14: 1.15 | N14: 0.85 | O14: =G14 -> 攻击 | P14: =ROUND(H14*$M14,IF(H14<1,3,0)) -> 555 | Q14: =ROUND(I14*$M14,IF(I14<1,3,0)) -> 72 | R14: =J14 -> 攻击 | S14: =ROUND(K14*$N14,IF(K14<1,3,0)) -> 411 | T14: =ROUND(L14*$N14,IF(L14<1,4,0)) -> 54 | U14: 普攻速度百分比 | V14: 0.04 | W14: 80012
... C155: 80153 | D155: 高级契约指环 | E155: 饰品 | F155: Orange | G155: =IFERROR(INDEX(映射装备数值!D:D,SUMPRODUCT((映射装备数值!$C$10:$C$56=IF($F155="Blue","蓝",IF($F155="Purple","紫",IF($F155="Orange","金",IF($F155="Red","红",$F155)))))*((映射装备数值!$A$10:$A$56=$E155)+(映射装备数值!$B$10:$B$56=$E155))*ROW(映射装备数值!$A$10:$A$56))),"未匹配") -> 暴击等级 | H155: =IFERROR(INDEX(映射装备数值!G:G,SUMPRODUCT((映射装备数值!$C$10:$C$56=IF($F155="Blue","蓝",IF($F155="Purple","紫",IF($F155="Orange","金",IF($F155="Red","红",$F155)))))*((映射装备数值!$A$10:$A$56=$E155)+(映射装备数值!$B$10:$B$56=$E155))*ROW(映射装备数值!$A$10:$A$56))),"未匹配") -> 250.5 | I155: =IFERROR(INDEX(映射装备数值!F:F,SUMPRODUCT((映射装备数值!$C$10:$C$56=IF($F155="Blue","蓝",IF($F155="Purple","紫",IF($F155="Orange","金",IF($F155="Red","红",$F155)))))*((映射装备数值!$A$10:$A$56=$E155)+(映射装备数值!$B$10:$B$56=$E155))*ROW(映射装备数值!$A$10:$A$56))),"未匹配") -> 33 | J155: =IFERROR(INDEX(映射装备数值!I:I,SUMPRODUCT((映射装备数值!$C$10:$C$56=IF($F155="Blue","蓝",IF($F155="Purple","紫",IF($F155="Orange","金",IF($F155="Red","红",$F155)))))*((映射装备数值!$A$10:$A$56=$E155)+(映射装备数值!$B$10:$B$56=$E155))*ROW(映射装备数值!$A$10:$A$56))),"未匹配") -> 暴击伤害等级 | K155: =IFERROR(INDEX(映射装备数值!L:L,SUMPRODUCT((映射装备数值!$C$10:$C$56=IF($F155="Blue","蓝",IF($F155="Purple","紫",IF($F155="Orange","金",IF($F155="Red","红",$F155)))))*((映射装备数值!$A$10:$A$56=$E155)+(映射装备数值!$B$10:$B$56=$E155))*ROW(映射装备数值!$A$10:$A$56))),"未匹配") -> 379.5 | L155: =IFERROR(INDEX(映射装备数值!K:K,SUMPRODUCT((映射装备数值!$C$10:$C$56=IF($F155="Blue","蓝",IF($F155="Purple","紫",IF($F155="Orange","金",IF($F155="Red","红",$F155)))))*((映射装备数值!$A$10:$A$56=$E155)+(映射装备数值!$B$10:$B$56=$E155))*ROW(映射装备数值!$A$10:$A$56))),"未匹配") -> 49.5 | M155: 1.1 | N155: 0.9 | O155: =G155 -> 暴击等级 | P155: =ROUND(H155*$M155,IF(H155<1,3,0)) -> 276 | Q155: =ROUND(I155*$M155,IF(I155<1,3,0)) -> 36 | R155: =J155 -> 暴击伤害等级 | S155: =ROUND(K155*$N155,IF(K155<1,3,0)) -> 342 | T155: =ROUND(L155*$N155,IF(L155<1,4,0)) -> 45 | U155: 攻击 | V155: 630 | W155: 80153
C156: 80154 | D156: 暗物质时空炮 | E156: 仪器 | F156: Red | G156: =IFERROR(INDEX(映射装备数值!D:D,SUMPRODUCT((映射装备数值!$C$10:$C$56=IF($F156="Blue","蓝",IF($F156="Purple","紫",IF($F156="Orange","金",IF($F156="Red","红",$F156)))))*((映射装备数值!$A$10:$A$56=$E156)+(映射装备数值!$B$10:$B$56=$E156))*ROW(映射装备数值!$A$10:$A$56))),"未匹配") -> 攻击 | H156: =IFERROR(INDEX(映射装备数值!G:G,SUMPRODUCT((映射装备数值!$C$10:$C$56=IF($F156="Blue","蓝",IF($F156="Purple","紫",IF($F156="Orange","金",IF($F156="Red","红",$F156)))))*((映射装备数值!$A$10:$A$56=$E156)+(映射装备数值!$B$10:$B$56=$E156))*ROW(映射装备数值!$A$10:$A$56))),"未匹配") -> 644 | I156: =IFERROR(INDEX(映射装备数值!F:F,SUMPRODUCT((映射装备数值!$C$10:$C$56=IF($F156="Blue","蓝",IF($F156="Purple","紫",IF($F156="Orange","金",IF($F156="Red","红",$F156)))))*((映射装备数值!$A$10:$A$56=$E156)+(映射装备数值!$B$10:$B$56=$E156))*ROW(映射装备数值!$A$10:$A$56))),"未匹配") -> 84 | J156: =IFERROR(INDEX(映射装备数值!I:I,SUMPRODUCT((映射装备数值!$C$10:$C$56=IF($F156="Blue","蓝",IF($F156="Purple","紫",IF($F156="Orange","金",IF($F156="Red","红",$F156)))))*((映射装备数值!$A$10:$A$56=$E156)+(映射装备数值!$B$10:$B$56=$E156))*ROW(映射装备数值!$A$10:$A$56))),"未匹配") -> 暴击等级 | K156: =IFERROR(INDEX(映射装备数值!L:L,SUMPRODUCT((映射装备数值!$C$10:$C$56=IF($F156="Blue","蓝",IF($F156="Purple","紫",IF($F156="Orange","金",IF($F156="Red","红",$F156)))))*((映射装备数值!$A$10:$A$56=$E156)+(映射装备数值!$B$10:$B$56=$E156))*ROW(映射装备数值!$A$10:$A$56))),"未匹配") -> 334 | L156: =IFERROR(INDEX(映射装备数值!K:K,SUMPRODUCT((映射装备数值!$C$10:$C$56=IF($F156="Blue","蓝",IF($F156="Purple","紫",IF($F156="Orange","金",IF($F156="Red","红",$F156)))))*((映射装备数值!$A$10:$A$56=$E156)+(映射装备数值!$B$10:$B$56=$E156))*ROW(映射装备数值!$A$10:$A$56))),"未匹配") -> 44 | M156: 1.08 | N156: 0.92 | O156: =G156 -> 攻击 | P156: =ROUND(H156*$M156,IF(H156<1,3,0)) -> 696 | Q156: =ROUND(I156*$M156,IF(I156<1,3,0)) -> 91 | R156: =J156 -> 暴击等级 | S156: =ROUND(K156*$N156,IF(K156<1,3,0)) -> 307 | T156: =ROUND(L156*$N156,IF(L156<1,4,0)) -> 40 | W156: 80154
C157: 80155 | D157: 轨道跃迁炮 | E157: 仪器 | F157: Red | G157: =IFERROR(INDEX(映射装备数值!D:D,SUMPRODUCT((映射装备数值!$C$10:$C$56=IF($F157="Blue","蓝",IF($F157="Purple","紫",IF($F157="Orange","金",IF($F157="Red","红",$F157)))))*((映射装备数值!$A$10:$A$56=$E157)+(映射装备数值!$B$10:$B$56=$E157))*ROW(映射装备数值!$A$10:$A$56))),"未匹配") -> 攻击 | H157: =IFERROR(INDEX(映射装备数值!G:G,SUMPRODUCT((映射装备数值!$C$10:$C$56=IF($F157="Blue","蓝",IF($F157="Purple","紫",IF($F157="Orange","金",IF($F157="Red","红",$F157)))))*((映射装备数值!$A$10:$A$56=$E157)+(映射装备数值!$B$10:$B$56=$E157))*ROW(映射装备数值!$A$10:$A$56))),"未匹配") -> 644 | I157: =IFERROR(INDEX(映射装备数值!F:F,SUMPRODUCT((映射装备数值!$C$10:$C$56=IF($F157="Blue","蓝",IF($F157="Purple","紫",IF($F157="Orange","金",IF($F157="Red","红",$F157)))))*((映射装备数值!$A$10:$A$56=$E157)+(映射装备数值!$B$10:$B$56=$E157))*ROW(映射装备数值!$A$10:$A$56))),"未匹配") -> 84 | J157: =IFERROR(INDEX(映射装备数值!I:I,SUMPRODUCT((映射装备数值!$C$10:$C$56=IF($F157="Blue","蓝",IF($F157="Purple","紫",IF($F157="Orange","金",IF($F157="Red","红",$F157)))))*((映射装备数值!$A$10:$A$56=$E157)+(映射装备数值!$B$10:$B$56=$E157))*ROW(映射装备数值!$A$10:$A$56))),"未匹配") -> 暴击等级 | K157: =IFERROR(INDEX(映射装备数值!L:L,SUMPRODUCT((映射装备数值!$C$10:$C$56=IF($F157="Blue","蓝",IF($F157="Purple","紫",IF($F157="Orange","金",IF($F157="Red","红",$F157)))))*((映射装备数值!$A$10:$A$56=$E157)+(映射装备数值!$B$10:$B$56=$E157))*ROW(映射装备数值!$A$10:$A$56))),"未匹配") -> 334 | L157: =IFERROR(INDEX(映射装备数值!K:K,SUMPRODUCT((映射装备数值!$C$10:$C$56=IF($F157="Blue","蓝",IF($F157="Purple","紫",IF($F157="Orange","金",IF($F157="Red","红",$F157)))))*((映射装备数值!$A$10:$A$56=$E157)+(映射装备数值!$B$10:$B$56=$E157))*ROW(映射装备数值!$A$10:$A$56))),"未匹配") -> 44 | M157: 0.96 | N157: 1.04 | O157: =G157 -> 攻击 | P157: =ROUND(H157*$M157,IF(H157<1,3,0)) -> 618 | Q157: =ROUND(I157*$M157,IF(I157<1,3,0)) -> 81 | R157: =J157 -> 暴击等级 | S157: =ROUND(K157*$N157,IF(K157<1,3,0)) -> 347 | T157: =ROUND(L157*$N157,IF(L157<1,4,0)) -> 46 | W157: 80155
C158: 80156 | D158: 虚空裂隙激射炮 | E158: 仪器 | F158: Red | G158: =IFERROR(INDEX(映射装备数值!D:D,SUMPRODUCT((映射装备数值!$C$10:$C$56=IF($F158="Blue","蓝",IF($F158="Purple","紫",IF($F158="Orange","金",IF($F158="Red","红",$F158)))))*((映射装备数值!$A$10:$A$56=$E158)+(映射装备数值!$B$10:$B$56=$E158))*ROW(映射装备数值!$A$10:$A$56))),"未匹配") -> 攻击 | H158: =IFERROR(INDEX(映射装备数值!G:G,SUMPRODUCT((映射装备数值!$C$10:$C$56=IF($F158="Blue","蓝",IF($F158="Purple","紫",IF($F158="Orange","金",IF($F158="Red","红",$F158)))))*((映射装备数值!$A$10:$A$56=$E158)+(映射装备数值!$B$10:$B$56=$E158))*ROW(映射装备数值!$A$10:$A$56))),"未匹配") -> 644 | I158: =IFERROR(INDEX(映射装备数值!F:F,SUMPRODUCT((映射装备数值!$C$10:$C$56=IF($F158="Blue","蓝",IF($F158="Purple","紫",IF($F158="Orange","金",IF($F158="Red","红",$F158)))))*((映射装备数值!$A$10:$A$56=$E158)+(映射装备数值!$B$10:$B$56=$E158))*ROW(映射装备数值!$A$10:$A$56))),"未匹配") -> 84 | J158: =IFERROR(INDEX(映射装备数值!I:I,SUMPRODUCT((映射装备数值!$C$10:$C$56=IF($F158="Blue","蓝",IF($F158="Purple","紫",IF($F158="Orange","金",IF($F158="Red","红",$F158)))))*((映射装备数值!$A$10:$A$56=$E158)+(映射装备数值!$B$10:$B$56=$E158))*ROW(映射装备数值!$A$10:$A$56))),"未匹配") -> 暴击等级 | K158: =IFERROR(INDEX(映射装备数值!L:L,SUMPRODUCT((映射装备数值!$C$10:$C$56=IF($F158="Blue","蓝",IF($F158="Purple","紫",IF($F158="Orange","金",IF($F158="Red","红",$F158)))))*((映射装备数值!$A$10:$A$56=$E158)+(映射装备数值!$B$10:$B$56=$E158))*ROW(映射装备数值!$A$10:$A$56))),"未匹配") -> 334 | L158: =IFERROR(INDEX(映射装备数值!K:K,SUMPRODUCT((映射装备数值!$C$10:$C$56=IF($F158="Blue","蓝",IF($F158="Purple","紫",IF($F158="Orange","金",IF($F158="Red","红",$F158)))))*((映射装备数值!$A$10:$A$56=$E158)+(映射装备数值!$B$10:$B$56=$E158))*ROW(映射装备数值!$A$10:$A$56))),"未匹配") -> 44 | M158: 1.12 | N158: 0.88 | O158: =G158 -> 攻击 | P158: =ROUND(H158*$M158,IF(H158<1,3,0)) -> 721 | Q158: =ROUND(I158*$M158,IF(I158<1,3,0)) -> 94 | R158: =J158 -> 暴击等级 | S158: =ROUND(K158*$N158,IF(K158<1,3,0)) -> 294 | T158: =ROUND(L158*$N158,IF(L158<1,4,0)) -> 39 | W158: 80156
C159: 80157 | D159: 零号脉冲枪 | E159: 枪炮 | F159: Red | G159: =IFERROR(INDEX(映射装备数值!D:D,SUMPRODUCT((映射装备数值!$C$10:$C$56=IF($F159="Blue","蓝",IF($F159="Purple","紫",IF($F159="Orange","金",IF($F159="Red","红",$F159)))))*((映射装备数值!$A$10:$A$56=$E159)+(映射装备数值!$B$10:$B$56=$E159))*ROW(映射装备数值!$A$10:$A$56))),"未匹配") -> 攻击 | H159: =IFERROR(INDEX(映射装备数值!G:G,SUMPRODUCT((映射装备数值!$C$10:$C$56=IF($F159="Blue","蓝",IF($F159="Purple","紫",IF($F159="Orange","金",IF($F159="Red","红",$F159)))))*((映射装备数值!$A$10:$A$56=$E159)+(映射装备数值!$B$10:$B$56=$E159))*ROW(映射装备数值!$A$10:$A$56))),"未匹配") -> 644 | I159: =IFERROR(INDEX(映射装备数值!F:F,SUMPRODUCT((映射装备数值!$C$10:$C$56=IF($F159="Blue","蓝",IF($F159="Purple","紫",IF($F159="Orange","金",IF($F159="Red","红",$F159)))))*((映射装备数值!$A$10:$A$56=$E159)+(映射装备数值!$B$10:$B$56=$E159))*ROW(映射装备数值!$A$10:$A$56))),"未匹配") -> 84 | J159: =IFERROR(INDEX(映射装备数值!I:I,SUMPRODUCT((映射装备数值!$C$10:$C$56=IF($F159="Blue","蓝",IF($F159="Purple","紫",IF($F159="Orange","金",IF($F159="Red","红",$F159)))))*((映射装备数值!$A$10:$A$56=$E159)+(映射装备数值!$B$10:$B$56=$E159))*ROW(映射装备数值!$A$10:$A$56))),"未匹配") -> 攻击 | K159: =IFERROR(INDEX(映射装备数值!L:L,SUMPRODUCT((映射装备数值!$C$10:$C$56=IF($F159="Blue","蓝",IF($F159="Purple","紫",IF($F159="Orange","金",IF($F159="Red","红",$F159)))))*((映射装备数值!$A$10:$A$56=$E159)+(映射装备数值!$B$10:$B$56=$E159))*ROW(映射装备数值!$A$10:$A$56))),"未匹配") -> 644 | L159: =IFERROR(INDEX(映射装备数值!K:K,SUMPRODUCT((映射装备数值!$C$10:$C$56=IF($F159="Blue","蓝",IF($F159="Purple","紫",IF($F159="Orange","金",IF($F159="Red","红",$F159)))))*((映射装备数值!$A$10:$A$56=$E159)+(映射装备数值!$B$10:$B$56=$E159))*ROW(映射装备数值!$A$10:$A$56))),"未匹配") -> 84 | M159: 1.08 | N159: 0.92 | O159: =G159 -> 攻击 | P159: =ROUND(H159*$M159,IF(H159<1,3,0)) -> 696 | Q159: =ROUND(I159*$M159,IF(I159<1,3,0)) -> 91 | R159: =J159 -> 攻击 | S159: =ROUND(K159*$N159,IF(K159<1,3,0)) -> 592 | T159: =ROUND(L159*$N159,IF(L159<1,4,0)) -> 77 | W159: 80157
C160: 80158 | D160: 天机动能枪 | E160: 枪炮 | F160: Red | G160: =IFERROR(INDEX(映射装备数值!D:D,SUMPRODUCT((映射装备数值!$C$10:$C$56=IF($F160="Blue","蓝",IF($F160="Purple","紫",IF($F160="Orange","金",IF($F160="Red","红",$F160)))))*((映射装备数值!$A$10:$A$56=$E160)+(映射装备数值!$B$10:$B$56=$E160))*ROW(映射装备数值!$A$10:$A$56))),"未匹配") -> 攻击 | H160: =IFERROR(INDEX(映射装备数值!G:G,SUMPRODUCT((映射装备数值!$C$10:$C$56=IF($F160="Blue","蓝",IF($F160="Purple","紫",IF($F160="Orange","金",IF($F160="Red","红",$F160)))))*((映射装备数值!$A$10:$A$56=$E160)+(映射装备数值!$B$10:$B$56=$E160))*ROW(映射装备数值!$A$10:$A$56))),"未匹配") -> 644 | I160: =IFERROR(INDEX(映射装备数值!F:F,SUMPRODUCT((映射装备数值!$C$10:$C$56=IF($F160="Blue","蓝",IF($F160="Purple","紫",IF($F160="Orange","金",IF($F160="Red","红",$F160)))))*((映射装备数值!$A$10:$A$56=$E160)+(映射装备数值!$B$10:$B$56=$E160))*ROW(映射装备数值!$A$10:$A$56))),"未匹配") -> 84 | J160: =IFERROR(INDEX(映射装备数值!I:I,SUMPRODUCT((映射装备数值!$C$10:$C$56=IF($F160="Blue","蓝",IF($F160="Purple","紫",IF($F160="Orange","金",IF($F160="Red","红",$F160)))))*((映射装备数值!$A$10:$A$56=$E160)+(映射装备数值!$B$10:$B$56=$E160))*ROW(映射装备数值!$A$10:$A$56))),"未匹配") -> 攻击 | K160: =IFERROR(INDEX(映射装备数值!L:L,SUMPRODUCT((映射装备数值!$C$10:$C$56=IF($F160="Blue","蓝",IF($F160="Purple","紫",IF($F160="Orange","金",IF($F160="Red","红",$F160)))))*((映射装备数值!$A$10:$A$56=$E160)+(映射装备数值!$B$10:$B$56=$E160))*ROW(映射装备数值!$A$10:$A$56))),"未匹配") -> 644 | L160: =IFERROR(INDEX(映射装备数值!K:K,SUMPRODUCT((映射装备数值!$C$10:$C$56=IF($F160="Blue","蓝",IF($F160="Purple","紫",IF($F160="Orange","金",IF($F160="Red","红",$F160)))))*((映射装备数值!$A$10:$A$56=$E160)+(映射装备数值!$B$10:$B$56=$E160))*ROW(映射装备数值!$A$10:$A$56))),"未匹配") -> 84 | M160: 1.18 | N160: 0.82 | O160: =G160 -> 攻击 | P160: =ROUND(H160*$M160,IF(H160<1,3,0)) -> 760 | Q160: =ROUND(I160*$M160,IF(I160<1,3,0)) -> 99 | R160: =J160 -> 攻击 | S160: =ROUND(K160*$N160,IF(K160<1,3,0)) -> 528 | T160: =ROUND(L160*$N160,IF(L160<1,4,0)) -> 69 | W160: 80158
C161: 80159 | D161: 不朽骸枪 | E161: 枪炮 | F161: Red | G161: =IFERROR(INDEX(映射装备数值!D:D,SUMPRODUCT((映射装备数值!$C$10:$C$56=IF($F161="Blue","蓝",IF($F161="Purple","紫",IF($F161="Orange","金",IF($F161="Red","红",$F161)))))*((映射装备数值!$A$10:$A$56=$E161)+(映射装备数值!$B$10:$B$56=$E161))*ROW(映射装备数值!$A$10:$A$56))),"未匹配") -> 攻击 | H161: =IFERROR(INDEX(映射装备数值!G:G,SUMPRODUCT((映射装备数值!$C$10:$C$56=IF($F161="Blue","蓝",IF($F161="Purple","紫",IF($F161="Orange","金",IF($F161="Red","红",$F161)))))*((映射装备数值!$A$10:$A$56=$E161)+(映射装备数值!$B$10:$B$56=$E161))*ROW(映射装备数值!$A$10:$A$56))),"未匹配") -> 644 | I161: =IFERROR(INDEX(映射装备数值!F:F,SUMPRODUCT((映射装备数值!$C$10:$C$56=IF($F161="Blue","蓝",IF($F161="Purple","紫",IF($F161="Orange","金",IF($F161="Red","红",$F161)))))*((映射装备数值!$A$10:$A$56=$E161)+(映射装备数值!$B$10:$B$56=$E161))*ROW(映射装备数值!$A$10:$A$56))),"未匹配") -> 84 | J161: =IFERROR(INDEX(映射装备数值!I:I,SUMPRODUCT((映射装备数值!$C$10:$C$56=IF($F161="Blue","蓝",IF($F161="Purple","紫",IF($F161="Orange","金",IF($F161="Red","红",$F161)))))*((映射装备数值!$A$10:$A$56=$E161)+(映射装备数值!$B$10:$B$56=$E161))*ROW(映射装备数值!$A$10:$A$56))),"未匹配") -> 攻击 | K161: =IFERROR(INDEX(映射装备数值!L:L,SUMPRODUCT((映射装备数值!$C$10:$C$56=IF($F161="Blue","蓝",IF($F161="Purple","紫",IF($F161="Orange","金",IF($F161="Red","红",$F161)))))*((映射装备数值!$A$10:$A$56=$E161)+(映射装备数值!$B$10:$B$56=$E161))*ROW(映射装备数值!$A$10:$A$56))),"未匹配") -> 644 | L161: =IFERROR(INDEX(映射装备数值!K:K,SUMPRODUCT((映射装备数值!$C$10:$C$56=IF($F161="Blue","蓝",IF($F161="Purple","紫",IF($F161="Orange","金",IF($F161="Red","红",$F161)))))*((映射装备数值!$A$10:$A$56=$E161)+(映射装备数值!$B$10:$B$56=$E161))*ROW(映射装备数值!$A$10:$A$56))),"未匹配") -> 84 | M161: 1.15 | N161: 0.85 | O161: =G161 -> 攻击 | P161: =ROUND(H161*$M161,IF(H161<1,3,0)) -> 741 | Q161: =ROUND(I161*$M161,IF(I161<1,3,0)) -> 97 | R161: =J161 -> 攻击 | S161: =ROUND(K161*$N161,IF(K161<1,3,0)) -> 547 | T161: =ROUND(L161*$N161,IF(L161<1,4,0)) -> 71 | W161: 80159
C162: 80160 | D162: 时痕圣音法杖 | E162: 权杖 | F162: Red | G162: =IFERROR(INDEX(映射装备数值!D:D,SUMPRODUCT((映射装备数值!$C$10:$C$56=IF($F162="Blue","蓝",IF($F162="Purple","紫",IF($F162="Orange","金",IF($F162="Red","红",$F162)))))*((映射装备数值!$A$10:$A$56=$E162)+(映射装备数值!$B$10:$B$56=$E162))*ROW(映射装备数值!$A$10:$A$56))),"未匹配") -> 攻击 | H162: =IFERROR(INDEX(映射装备数值!G:G,SUMPRODUCT((映射装备数值!$C$10:$C$56=IF($F162="Blue","蓝",IF($F162="Purple","紫",IF($F162="Orange","金",IF($F162="Red","红",$F162)))))*((映射装备数值!$A$10:$A$56=$E162)+(映射装备数值!$B$10:$B$56=$E162))*ROW(映射装备数值!$A$10:$A$56))),"未匹配") -> 644 | I162: =IFERROR(INDEX(映射装备数值!F:F,SUMPRODUCT((映射装备数值!$C$10:$C$56=IF($F162="Blue","蓝",IF($F162="Purple","紫",IF($F162="Orange","金",IF($F162="Red","红",$F162)))))*((映射装备数值!$A$10:$A$56=$E162)+(映射装备数值!$B$10:$B$56=$E162))*ROW(映射装备数值!$A$10:$A$56))),"未匹配") -> 84 | J162: =IFERROR(INDEX(映射装备数值!I:I,SUMPRODUCT((映射装备数值!$C$10:$C$56=IF($F162="Blue","蓝",IF($F162="Purple","紫",IF($F162="Orange","金",IF($F162="Red","红",$F162)))))*((映射装备数值!$A$10:$A$56=$E162)+(映射装备数值!$B$10:$B$56=$E162))*ROW(映射装备数值!$A$10:$A$56))),"未匹配") -> 暴击等级 | K162: =IFERROR(INDEX(映射装备数值!L:L,SUMPRODUCT((映射装备数值!$C$10:$C$56=IF($F162="Blue","蓝",IF($F162="Purple","紫",IF($F162="Orange","金",IF($F162="Red","红",$F162)))))*((映射装备数值!$A$10:$A$56=$E162)+(映射装备数值!$B$10:$B$56=$E162))*ROW(映射装备数值!$A$10:$A$56))),"未匹配") -> 334 | L162: =IFERROR(INDEX(映射装备数值!K:K,SUMPRODUCT((映射装备数值!$C$10:$C$56=IF($F162="Blue","蓝",IF($F162="Purple","紫",IF($F162="Orange","金",IF($F162="Red","红",$F162)))))*((映射装备数值!$A$10:$A$56=$E162)+(映射装备数值!$B$10:$B$56=$E162))*ROW(映射装备数值!$A$10:$A$56))),"未匹配") -> 44 | M162: 1.16 | N162: 0.84 | O162: =G162 -> 攻击 | P162: =ROUND(H162*$M162,IF(H162<1,3,0)) -> 747 | Q162: =ROUND(I162*$M162,IF(I162<1,3,0)) -> 97 | R162: =J162 -> 暴击等级 | S162: =ROUND(K162*$N162,IF(K162<1,3,0)) -> 281 | T162: =ROUND(L162*$N162,IF(L162<1,4,0)) -> 37 | W162: 80160
C163: 80161 | D163: 永夜残响权杖 | E163: 权杖 | F163: Red | G163: =IFERROR(INDEX(映射装备数值!D:D,SUMPRODUCT((映射装备数值!$C$10:$C$56=IF($F163="Blue","蓝",IF($F163="Purple","紫",IF($F163="Orange","金",IF($F163="Red","红",$F163)))))*((映射装备数值!$A$10:$A$56=$E163)+(映射装备数值!$B$10:$B$56=$E163))*ROW(映射装备数值!$A$10:$A$56))),"未匹配") -> 攻击 | H163: =IFERROR(INDEX(映射装备数值!G:G,SUMPRODUCT((映射装备数值!$C$10:$C$56=IF($F163="Blue","蓝",IF($F163="Purple","紫",IF($F163="Orange","金",IF($F163="Red","红",$F163)))))*((映射装备数值!$A$10:$A$56=$E163)+(映射装备数值!$B$10:$B$56=$E163))*ROW(映射装备数值!$A$10:$A$56))),"未匹配") -> 644 | I163: =IFERROR(INDEX(映射装备数值!F:F,SUMPRODUCT((映射装备数值!$C$10:$C$56=IF($F163="Blue","蓝",IF($F163="Purple","紫",IF($F163="Orange","金",IF($F163="Red","红",$F163)))))*((映射装备数值!$A$10:$A$56=$E163)+(映射装备数值!$B$10:$B$56=$E163))*ROW(映射装备数值!$A$10:$A$56))),"未匹配") -> 84 | J163: =IFERROR(INDEX(映射装备数值!I:I,SUMPRODUCT((映射装备数值!$C$10:$C$56=IF($F163="Blue","蓝",IF($F163="Purple","紫",IF($F163="Orange","金",IF($F163="Red","红",$F163)))))*((映射装备数值!$A$10:$A$56=$E163)+(映射装备数值!$B$10:$B$56=$E163))*ROW(映射装备数值!$A$10:$A$56))),"未匹配") -> 暴击等级 | K163: =IFERROR(INDEX(映射装备数值!L:L,SUMPRODUCT((映射装备数值!$C$10:$C$56=IF($F163="Blue","蓝",IF($F163="Purple","紫",IF($F163="Orange","金",IF($F163="Red","红",$F163)))))*((映射装备数值!$A$10:$A$56=$E163)+(映射装备数值!$B$10:$B$56=$E163))*ROW(映射装备数值!$A$10:$A$56))),"未匹配") -> 334 | L163: =IFERROR(INDEX(映射装备数值!K:K,SUMPRODUCT((映射装备数值!$C$10:$C$56=IF($F163="Blue","蓝",IF($F163="Purple","紫",IF($F163="Orange","金",IF($F163="Red","红",$F163)))))*((映射装备数值!$A$10:$A$56=$E163)+(映射装备数值!$B$10:$B$56=$E163))*ROW(映射装备数值!$A$10:$A$56))),"未匹配") -> 44 | M163: 1.1 | N163: 0.9 | O163: =G163 -> 攻击 | P163: =ROUND(H163*$M163,IF(H163<1,3,0)) -> 708 | Q163: =ROUND(I163*$M163,IF(I163<1,3,0)) -> 92 | R163: =J163 -> 暴击等级 | S163: =ROUND(K163*$N163,IF(K163<1,3,0)) -> 301 | T163: =ROUND(L163*$N163,IF(L163<1,4,0)) -> 40 | W163: 80161
C164: 80162 | D164: 悼亡者咒缚杖 | E164: 权杖 | F164: Red | G164: =IFERROR(INDEX(映射装备数值!D:D,SUMPRODUCT((映射装备数值!$C$10:$C$56=IF($F164="Blue","蓝",IF($F164="Purple","紫",IF($F164="Orange","金",IF($F164="Red","红",$F164)))))*((映射装备数值!$A$10:$A$56=$E164)+(映射装备数值!$B$10:$B$56=$E164))*ROW(映射装备数值!$A$10:$A$56))),"未匹配") -> 攻击 | H164: =IFERROR(INDEX(映射装备数值!G:G,SUMPRODUCT((映射装备数值!$C$10:$C$56=IF($F164="Blue","蓝",IF($F164="Purple","紫",IF($F164="Orange","金",IF($F164="Red","红",$F164)))))*((映射装备数值!$A$10:$A$56=$E164)+(映射装备数值!$B$10:$B$56=$E164))*ROW(映射装备数值!$A$10:$A$56))),"未匹配") -> 644 | I164: =IFERROR(INDEX(映射装备数值!F:F,SUMPRODUCT((映射装备数值!$C$10:$C$56=IF($F164="Blue","蓝",IF($F164="Purple","紫",IF($F164="Orange","金",IF($F164="Red","红",$F164)))))*((映射装备数值!$A$10:$A$56=$E164)+(映射装备数值!$B$10:$B$56=$E164))*ROW(映射装备数值!$A$10:$A$56))),"未匹配") -> 84 | J164: =IFERROR(INDEX(映射装备数值!I:I,SUMPRODUCT((映射装备数值!$C$10:$C$56=IF($F164="Blue","蓝",IF($F164="Purple","紫",IF($F164="Orange","金",IF($F164="Red","红",$F164)))))*((映射装备数值!$A$10:$A$56=$E164)+(映射装备数值!$B$10:$B$56=$E164))*ROW(映射装备数值!$A$10:$A$56))),"未匹配") -> 暴击等级 | K164: =IFERROR(INDEX(映射装备数值!L:L,SUMPRODUCT((映射装备数值!$C$10:$C$56=IF($F164="Blue","蓝",IF($F164="Purple","紫",IF($F164="Orange","金",IF($F164="Red","红",$F164)))))*((映射装备数值!$A$10:$A$56=$E164)+(映射装备数值!$B$10:$B$56=$E164))*ROW(映射装备数值!$A$10:$A$56))),"未匹配") -> 334 | L164: =IFERROR(INDEX(映射装备数值!K:K,SUMPRODUCT((映射装备数值!$C$10:$C$56=IF($F164="Blue","蓝",IF($F164="Purple","紫",IF($F164="Orange","金",IF($F164="Red","红",$F164)))))*((映射装备数值!$A$10:$A$56=$E164)+(映射装备数值!$B$10:$B$56=$E164))*ROW(映射装备数值!$A$10:$A$56))),"未匹配") -> 44 | M164: 1.12 | N164: 0.88 | O164: =G164 -> 攻击 | P164: =ROUND(H164*$M164,IF(H164<1,3,0)) -> 721 | Q164: =ROUND(I164*$M164,IF(I164<1,3,0)) -> 94 | R164: =J164 -> 暴击等级 | S164: =ROUND(K164*$N164,IF(K164<1,3,0)) -> 294 | T164: =ROUND(L164*$N164,IF(L164<1,4,0)) -> 39 | W164: 80162
C165: 80163 | D165: 活体交感护盔 | E165: 头盔 | F165: Red | G165: =IFERROR(INDEX(映射装备数值!D:D,SUMPRODUCT((映射装备数值!$C$10:$C$56=IF($F165="Blue","蓝",IF($F165="Purple","紫",IF($F165="Orange","金",IF($F165="Red","红",$F165)))))*((映射装备数值!$A$10:$A$56=$E165)+(映射装备数值!$B$10:$B$56=$E165))*ROW(映射装备数值!$A$10:$A$56))),"未匹配") -> 生命 | H165: =IFERROR(INDEX(映射装备数值!G:G,SUMPRODUCT((映射装备数值!$C$10:$C$56=IF($F165="Blue","蓝",IF($F165="Purple","紫",IF($F165="Orange","金",IF($F165="Red","红",$F165)))))*((映射装备数值!$A$10:$A$56=$E165)+(映射装备数值!$B$10:$B$56=$E165))*ROW(映射装备数值!$A$10:$A$56))),"未匹配") -> 2156.25 | I165: =IFERROR(INDEX(映射装备数值!F:F,SUMPRODUCT((映射装备数值!$C$10:$C$56=IF($F165="Blue","蓝",IF($F165="Purple","紫",IF($F165="Orange","金",IF($F165="Red","红",$F165)))))*((映射装备数值!$A$10:$A$56=$E165)+(映射装备数值!$B$10:$B$56=$E165))*ROW(映射装备数值!$A$10:$A$56))),"未匹配") -> 281.25 | J165: =IFERROR(INDEX(映射装备数值!I:I,SUMPRODUCT((映射装备数值!$C$10:$C$56=IF($F165="Blue","蓝",IF($F165="Purple","紫",IF($F165="Orange","金",IF($F165="Red","红",$F165)))))*((映射装备数值!$A$10:$A$56=$E165)+(映射装备数值!$B$10:$B$56=$E165))*ROW(映射装备数值!$A$10:$A$56))),"未匹配") -> 攻击加成 | K165: =IFERROR(INDEX(映射装备数值!L:L,SUMPRODUCT((映射装备数值!$C$10:$C$56=IF($F165="Blue","蓝",IF($F165="Purple","紫",IF($F165="Orange","金",IF($F165="Red","红",$F165)))))*((映射装备数值!$A$10:$A$56=$E165)+(映射装备数值!$B$10:$B$56=$E165))*ROW(映射装备数值!$A$10:$A$56))),"未匹配") -> 0.046 | L165: =IFERROR(INDEX(映射装备数值!K:K,SUMPRODUCT((映射装备数值!$C$10:$C$56=IF($F165="Blue","蓝",IF($F165="Purple","紫",IF($F165="Orange","金",IF($F165="Red","红",$F165)))))*((映射装备数值!$A$10:$A$56=$E165)+(映射装备数值!$B$10:$B$56=$E165))*ROW(映射装备数值!$A$10:$A$56))),"未匹配") -> 0.006 | M165: 1.2 | N165: 0.8 | O165: =G165 -> 生命 | P165: =ROUND(H165*$M165,IF(H165<1,3,0)) -> 2588 | Q165: =ROUND(I165*$M165,IF(I165<1,3,0)) -> 338 | R165: =J165 -> 攻击加成 | S165: =ROUND(K165*$N165,IF(K165<1,3,0)) -> 0.037 | T165: =ROUND(L165*$N165,IF(L165<1,4,0)) -> 0.0048 | W165: 80163
C166: 80164 | D166: 同感幻觉终端 | E166: 头盔 | F166: Red | G166: =IFERROR(INDEX(映射装备数值!D:D,SUMPRODUCT((映射装备数值!$C$10:$C$56=IF($F166="Blue","蓝",IF($F166="Purple","紫",IF($F166="Orange","金",IF($F166="Red","红",$F166)))))*((映射装备数值!$A$10:$A$56=$E166)+(映射装备数值!$B$10:$B$56=$E166))*ROW(映射装备数值!$A$10:$A$56))),"未匹配") -> 生命 | H166: =IFERROR(INDEX(映射装备数值!G:G,SUMPRODUCT((映射装备数值!$C$10:$C$56=IF($F166="Blue","蓝",IF($F166="Purple","紫",IF($F166="Orange","金",IF($F166="Red","红",$F166)))))*((映射装备数值!$A$10:$A$56=$E166)+(映射装备数值!$B$10:$B$56=$E166))*ROW(映射装备数值!$A$10:$A$56))),"未匹配") -> 2156.25 | I166: =IFERROR(INDEX(映射装备数值!F:F,SUMPRODUCT((映射装备数值!$C$10:$C$56=IF($F166="Blue","蓝",IF($F166="Purple","紫",IF($F166="Orange","金",IF($F166="Red","红",$F166)))))*((映射装备数值!$A$10:$A$56=$E166)+(映射装备数值!$B$10:$B$56=$E166))*ROW(映射装备数值!$A$10:$A$56))),"未匹配") -> 281.25 | J166: =IFERROR(INDEX(映射装备数值!I:I,SUMPRODUCT((映射装备数值!$C$10:$C$56=IF($F166="Blue","蓝",IF($F166="Purple","紫",IF($F166="Orange","金",IF($F166="Red","红",$F166)))))*((映射装备数值!$A$10:$A$56=$E166)+(映射装备数值!$B$10:$B$56=$E166))*ROW(映射装备数值!$A$10:$A$56))),"未匹配") -> 攻击加成 | K166: =IFERROR(INDEX(映射装备数值!L:L,SUMPRODUCT((映射装备数值!$C$10:$C$56=IF($F166="Blue","蓝",IF($F166="Purple","紫",IF($F166="Orange","金",IF($F166="Red","红",$F166)))))*((映射装备数值!$A$10:$A$56=$E166)+(映射装备数值!$B$10:$B$56=$E166))*ROW(映射装备数值!$A$10:$A$56))),"未匹配") -> 0.046 | L166: =IFERROR(INDEX(映射装备数值!K:K,SUMPRODUCT((映射装备数值!$C$10:$C$56=IF($F166="Blue","蓝",IF($F166="Purple","紫",IF($F166="Orange","金",IF($F166="Red","红",$F166)))))*((映射装备数值!$A$10:$A$56=$E166)+(映射装备数值!$B$10:$B$56=$E166))*ROW(映射装备数值!$A$10:$A$56))),"未匹配") -> 0.006 | M166: 1.25 | N166: 0.75 | O166: =G166 -> 生命 | P166: =ROUND(H166*$M166,IF(H166<1,3,0)) -> 2695 | Q166: =ROUND(I166*$M166,IF(I166<1,3,0)) -> 352 | R166: =J166 -> 攻击加成 | S166: =ROUND(K166*$N166,IF(K166<1,3,0)) -> 0.035 | T166: =ROUND(L166*$N166,IF(L166<1,4,0)) -> 0.0045 | W166: 80164
C167: 80165 | D167: 末日支配帽 | E167: 头盔 | F167: Red | G167: =IFERROR(INDEX(映射装备数值!D:D,SUMPRODUCT((映射装备数值!$C$10:$C$56=IF($F167="Blue","蓝",IF($F167="Purple","紫",IF($F167="Orange","金",IF($F167="Red","红",$F167)))))*((映射装备数值!$A$10:$A$56=$E167)+(映射装备数值!$B$10:$B$56=$E167))*ROW(映射装备数值!$A$10:$A$56))),"未匹配") -> 生命 | H167: =IFERROR(INDEX(映射装备数值!G:G,SUMPRODUCT((映射装备数值!$C$10:$C$56=IF($F167="Blue","蓝",IF($F167="Purple","紫",IF($F167="Orange","金",IF($F167="Red","红",$F167)))))*((映射装备数值!$A$10:$A$56=$E167)+(映射装备数值!$B$10:$B$56=$E167))*ROW(映射装备数值!$A$10:$A$56))),"未匹配") -> 2156.25 | I167: =IFERROR(INDEX(映射装备数值!F:F,SUMPRODUCT((映射装备数值!$C$10:$C$56=IF($F167="Blue","蓝",IF($F167="Purple","紫",IF($F167="Orange","金",IF($F167="Red","红",$F167)))))*((映射装备数值!$A$10:$A$56=$E167)+(映射装备数值!$B$10:$B$56=$E167))*ROW(映射装备数值!$A$10:$A$56))),"未匹配") -> 281.25 | J167: =IFERROR(INDEX(映射装备数值!I:I,SUMPRODUCT((映射装备数值!$C$10:$C$56=IF($F167="Blue","蓝",IF($F167="Purple","紫",IF($F167="Orange","金",IF($F167="Red","红",$F167)))))*((映射装备数值!$A$10:$A$56=$E167)+(映射装备数值!$B$10:$B$56=$E167))*ROW(映射装备数值!$A$10:$A$56))),"未匹配") -> 攻击加成 | K167: =IFERROR(INDEX(映射装备数值!L:L,SUMPRODUCT((映射装备数值!$C$10:$C$56=IF($F167="Blue","蓝",IF($F167="Purple","紫",IF($F167="Orange","金",IF($F167="Red","红",$F167)))))*((映射装备数值!$A$10:$A$56=$E167)+(映射装备数值!$B$10:$B$56=$E167))*ROW(映射装备数值!$A$10:$A$56))),"未匹配") -> 0.046 | L167: =IFERROR(INDEX(映射装备数值!K:K,SUMPRODUCT((映射装备数值!$C$10:$C$56=IF($F167="Blue","蓝",IF($F167="Purple","紫",IF($F167="Orange","金",IF($F167="Red","红",$F167)))))*((映射装备数值!$A$10:$A$56=$E167)+(映射装备数值!$B$10:$B$56=$E167))*ROW(映射装备数值!$A$10:$A$56))),"未匹配") -> 0.006 | M167: 1 | N167: 1 | O167: =G167 -> 生命 | P167: =ROUND(H167*$M167,IF(H167<1,3,0)) -> 2156 | Q167: =ROUND(I167*$M167,IF(I167<1,3,0)) -> 281 | R167: =J167 -> 攻击加成 | S167: =ROUND(K167*$N167,IF(K167<1,3,0)) -> 0.046 | T167: =ROUND(L167*$N167,IF(L167<1,4,0)) -> 0.006 | W167: 80165
... C192: 80190 | D192: 不灭辉光坠 | E192: 饰品 | F192: Red | G192: =IFERROR(INDEX(映射装备数值!D:D,SUMPRODUCT((映射装备数值!$C$10:$C$56=IF($F192="Blue","蓝",IF($F192="Purple","紫",IF($F192="Orange","金",IF($F192="Red","红",$F192)))))*((映射装备数值!$A$10:$A$56=$E192)+(映射装备数值!$B$10:$B$56=$E192))*ROW(映射装备数值!$A$10:$A$56))),"未匹配") -> 暴击等级 | H192: =IFERROR(INDEX(映射装备数值!G:G,SUMPRODUCT((映射装备数值!$C$10:$C$56=IF($F192="Blue","蓝",IF($F192="Purple","紫",IF($F192="Orange","金",IF($F192="Red","红",$F192)))))*((映射装备数值!$A$10:$A$56=$E192)+(映射装备数值!$B$10:$B$56=$E192))*ROW(映射装备数值!$A$10:$A$56))),"未匹配") -> 334 | I192: =IFERROR(INDEX(映射装备数值!F:F,SUMPRODUCT((映射装备数值!$C$10:$C$56=IF($F192="Blue","蓝",IF($F192="Purple","紫",IF($F192="Orange","金",IF($F192="Red","红",$F192)))))*((映射装备数值!$A$10:$A$56=$E192)+(映射装备数值!$B$10:$B$56=$E192))*ROW(映射装备数值!$A$10:$A$56))),"未匹配") -> 44 | J192: =IFERROR(INDEX(映射装备数值!I:I,SUMPRODUCT((映射装备数值!$C$10:$C$56=IF($F192="Blue","蓝",IF($F192="Purple","紫",IF($F192="Orange","金",IF($F192="Red","红",$F192)))))*((映射装备数值!$A$10:$A$56=$E192)+(映射装备数值!$B$10:$B$56=$E192))*ROW(映射装备数值!$A$10:$A$56))),"未匹配") -> 暴击伤害等级 | K192: =IFERROR(INDEX(映射装备数值!L:L,SUMPRODUCT((映射装备数值!$C$10:$C$56=IF($F192="Blue","蓝",IF($F192="Purple","紫",IF($F192="Orange","金",IF($F192="Red","红",$F192)))))*((映射装备数值!$A$10:$A$56=$E192)+(映射装备数值!$B$10:$B$56=$E192))*ROW(映射装备数值!$A$10:$A$56))),"未匹配") -> 506 | L192: =IFERROR(INDEX(映射装备数值!K:K,SUMPRODUCT((映射装备数值!$C$10:$C$56=IF($F192="Blue","蓝",IF($F192="Purple","紫",IF($F192="Orange","金",IF($F192="Red","红",$F192)))))*((映射装备数值!$A$10:$A$56=$E192)+(映射装备数值!$B$10:$B$56=$E192))*ROW(映射装备数值!$A$10:$A$56))),"未匹配") -> 66 | M192: 1 | N192: 1 | O192: =G192 -> 暴击等级 | P192: =ROUND(H192*$M192,IF(H192<1,3,0)) -> 334 | Q192: =ROUND(I192*$M192,IF(I192<1,3,0)) -> 44 | R192: =J192 -> 暴击伤害等级 | S192: =ROUND(K192*$N192,IF(K192<1,3,0)) -> 506 | T192: =ROUND(L192*$N192,IF(L192<1,4,0)) -> 66 | W192: 80190

Sheet 映射装备主属性配置
F3: 主属性1 | G3: 1级数值 | H3: 属性成长系数 | I3: 主属性2 | J3: 1级数值 | K3: 属性成长系数
C4: 攻击 | D4: PhysicsAttack | E4: 80001 | F4: =VLOOKUP(普通映射装备数值!O3,$C$4:$D$15,2,0) -> PhysicsAttack | G4: =普通映射装备数值!P3 -> 213 | H4: =普通映射装备数值!Q3 -> 28 | I4: =VLOOKUP(普通映射装备数值!R3,$C$4:$D$15,2,0) -> CritLevel | J4: =普通映射装备数值!S3 -> 90 | K4: =普通映射装备数值!T3 -> 12
C5: 攻击 | D5: MagicAttack | E5: 80002 | F5: =VLOOKUP(普通映射装备数值!O4,$C$4:$D$15,2,0) -> PhysicsAttack | G5: =普通映射装备数值!P4 -> 354 | H5: =普通映射装备数值!Q4 -> 46 | I5: =VLOOKUP(普通映射装备数值!R4,$C$4:$D$15,2,0) -> CritLevel | J5: =普通映射装备数值!S4 -> 150 | K5: =普通映射装备数值!T4 -> 20
C6: 生命 | D6: Hp | E6: 80003 | F6: =VLOOKUP(普通映射装备数值!O5,$C$4:$D$15,2,0) -> PhysicsAttack | G6: =普通映射装备数值!P5 -> 531 | H6: =普通映射装备数值!Q5 -> 69 | I6: =VLOOKUP(普通映射装备数值!R5,$C$4:$D$15,2,0) -> CritLevel | J6: =普通映射装备数值!S5 -> 225 | K6: =普通映射装备数值!T5 -> 30
C7: 防御力 | D7: Armor | E7: 80004 | F7: =VLOOKUP(普通映射装备数值!O6,$C$4:$D$15,2,0) -> PhysicsAttack | G7: =普通映射装备数值!P6 -> 184 | H7: =普通映射装备数值!Q6 -> 24 | I7: =VLOOKUP(普通映射装备数值!R6,$C$4:$D$15,2,0) -> CritLevel | J7: =普通映射装备数值!S6 -> 105 | K7: =普通映射装备数值!T6 -> 14
C8: 攻击加成 | D8: PhysicsAttackBonus | E8: 80005 | F8: =VLOOKUP(普通映射装备数值!O7,$C$4:$D$15,2,0) -> PhysicsAttack | G8: =普通映射装备数值!P7 -> 306 | H8: =普通映射装备数值!Q7 -> 40 | I8: =VLOOKUP(普通映射装备数值!R7,$C$4:$D$15,2,0) -> CritLevel | J8: =普通映射装备数值!S7 -> 175 | K8: =普通映射装备数值!T7 -> 23
C9: 防御加成 | D9: ArmorBonus | E9: 80006 | F9: =VLOOKUP(普通映射装备数值!O8,$C$4:$D$15,2,0) -> PhysicsAttack | G9: =普通映射装备数值!P8 -> 459 | H9: =普通映射装备数值!Q8 -> 60 | I9: =VLOOKUP(普通映射装备数值!R8,$C$4:$D$15,2,0) -> CritLevel | J9: =普通映射装备数值!S8 -> 263 | K9: =普通映射装备数值!T8 -> 35
C10: 攻击加成 | D10: MagicAttackBonus | E10: 80007 | F10: =VLOOKUP(普通映射装备数值!O9,$C$4:$D$15,2,0) -> PhysicsAttack | G10: =普通映射装备数值!P9 -> 193 | H10: =普通映射装备数值!Q9 -> 25 | I10: =VLOOKUP(普通映射装备数值!R9,$C$4:$D$15,2,0) -> CritLevel | J10: =普通映射装备数值!S9 -> 100 | K10: =普通映射装备数值!T9 -> 13
C11: 生命加成 | D11: HpBonus | E11: 80008 | F11: =VLOOKUP(普通映射装备数值!O10,$C$4:$D$15,2,0) -> PhysicsAttack | G11: =普通映射装备数值!P10 -> 322 | H11: =普通映射装备数值!Q10 -> 42 | I11: =VLOOKUP(普通映射装备数值!R10,$C$4:$D$15,2,0) -> CritLevel | J11: =普通映射装备数值!S10 -> 167 | K11: =普通映射装备数值!T10 -> 22
C12: 冷却缩减等级 | D12: CoolDownReduceLevel | E12: 80009 | F12: =VLOOKUP(普通映射装备数值!O11,$C$4:$D$15,2,0) -> PhysicsAttack | G12: =普通映射装备数值!P11 -> 483 | H12: =普通映射装备数值!Q11 -> 63 | I12: =VLOOKUP(普通映射装备数值!R11,$C$4:$D$15,2,0) -> CritLevel | J12: =普通映射装备数值!S11 -> 251 | K12: =普通映射装备数值!T11 -> 33
C13: 能量回复等级 | D13: EnergyPreAddBonusLevel | E13: 80010 | F13: =VLOOKUP(普通映射装备数值!O12,$C$4:$D$15,2,0) -> PhysicsAttack | G13: =普通映射装备数值!P12 -> 222 | H13: =普通映射装备数值!Q12 -> 29 | I13: =VLOOKUP(普通映射装备数值!R12,$C$4:$D$15,2,0) -> PhysicsAttack | J13: =普通映射装备数值!S12 -> 164 | K13: =普通映射装备数值!T12 -> 21
C14: 暴击等级 | D14: CritLevel | E14: 80011 | F14: =VLOOKUP(普通映射装备数值!O13,$C$4:$D$15,2,0) -> PhysicsAttack | G14: =普通映射装备数值!P13 -> 370 | H14: =普通映射装备数值!Q13 -> 48 | I14: =VLOOKUP(普通映射装备数值!R13,$C$4:$D$15,2,0) -> PhysicsAttack | J14: =普通映射装备数值!S13 -> 274 | K14: =普通映射装备数值!T13 -> 36
C15: 暴击伤害等级 | D15: CritDmgBonusLevel | E15: 80012 | F15: =VLOOKUP(普通映射装备数值!O14,$C$4:$D$15,2,0) -> PhysicsAttack | G15: =普通映射装备数值!P14 -> 555 | H15: =普通映射装备数值!Q14 -> 72 | I15: =VLOOKUP(普通映射装备数值!R14,$C$4:$D$15,2,0) -> PhysicsAttack | J15: =普通映射装备数值!S14 -> 411 | K15: =普通映射装备数值!T14 -> 54
E16: 80013 | F16: =VLOOKUP(普通映射装备数值!O15,$C$4:$D$15,2,0) -> PhysicsAttack | G16: =普通映射装备数值!P15 -> 174 | H16: =普通映射装备数值!Q15 -> 23 | I16: =VLOOKUP(普通映射装备数值!R15,$C$4:$D$15,2,0) -> PhysicsAttack | J16: =普通映射装备数值!S15 -> 213 | K16: =普通映射装备数值!T15 -> 28
E17: 80014 | F17: =VLOOKUP(普通映射装备数值!O16,$C$4:$D$15,2,0) -> PhysicsAttack | G17: =普通映射装备数值!P16 -> 290 | H17: =普通映射装备数值!Q16 -> 38 | I17: =VLOOKUP(普通映射装备数值!R16,$C$4:$D$15,2,0) -> PhysicsAttack | J17: =普通映射装备数值!S16 -> 354 | K17: =普通映射装备数值!T16 -> 46
E18: 80015 | F18: =VLOOKUP(普通映射装备数值!O17,$C$4:$D$15,2,0) -> PhysicsAttack | G18: =普通映射装备数值!P17 -> 435 | H18: =普通映射装备数值!Q17 -> 57 | I18: =VLOOKUP(普通映射装备数值!R17,$C$4:$D$15,2,0) -> PhysicsAttack | J18: =普通映射装备数值!S17 -> 531 | K18: =普通映射装备数值!T17 -> 69
E19: 80016 | F19: =VLOOKUP(普通映射装备数值!O18,$C$4:$D$15,2,0) -> PhysicsAttack | G19: =普通映射装备数值!P18 -> 193 | H19: =普通映射装备数值!Q18 -> 25 | I19: =VLOOKUP(普通映射装备数值!R18,$C$4:$D$15,2,0) -> PhysicsAttack | J19: =普通映射装备数值!S18 -> 193 | K19: =普通映射装备数值!T18 -> 25
E20: 80017 | F20: =VLOOKUP(普通映射装备数值!O19,$C$4:$D$15,2,0) -> PhysicsAttack | G20: =普通映射装备数值!P19 -> 322 | H20: =普通映射装备数值!Q19 -> 42 | I20: =VLOOKUP(普通映射装备数值!R19,$C$4:$D$15,2,0) -> PhysicsAttack | J20: =普通映射装备数值!S19 -> 322 | K20: =普通映射装备数值!T19 -> 42
E21: 80018 | F21: =VLOOKUP(普通映射装备数值!O20,$C$4:$D$15,2,0) -> PhysicsAttack | G21: =普通映射装备数值!P20 -> 483 | H21: =普通映射装备数值!Q20 -> 63 | I21: =VLOOKUP(普通映射装备数值!R20,$C$4:$D$15,2,0) -> PhysicsAttack | J21: =普通映射装备数值!S20 -> 483 | K21: =普通映射装备数值!T20 -> 63
E22: 80019 | F22: =VLOOKUP(普通映射装备数值!O21,$C$4:$D$15,2,0) -> PhysicsAttack | G22: =普通映射装备数值!P21 -> 193 | H22: =普通映射装备数值!Q21 -> 25 | I22: =VLOOKUP(普通映射装备数值!R21,$C$4:$D$15,2,0) -> CritLevel | J22: =普通映射装备数值!S21 -> 100 | K22: =普通映射装备数值!T21 -> 13
E23: 80020 | F23: =VLOOKUP(普通映射装备数值!O22,$C$4:$D$15,2,0) -> PhysicsAttack | G23: =普通映射装备数值!P22 -> 322 | H23: =普通映射装备数值!Q22 -> 42 | I23: =VLOOKUP(普通映射装备数值!R22,$C$4:$D$15,2,0) -> CritLevel | J23: =普通映射装备数值!S22 -> 167 | K23: =普通映射装备数值!T22 -> 22
E24: 80021 | F24: =VLOOKUP(普通映射装备数值!O23,$C$4:$D$15,2,0) -> PhysicsAttack | G24: =普通映射装备数值!P23 -> 483 | H24: =普通映射装备数值!Q23 -> 63 | I24: =VLOOKUP(普通映射装备数值!R23,$C$4:$D$15,2,0) -> CritLevel | J24: =普通映射装备数值!S23 -> 251 | K24: =普通映射装备数值!T23 -> 33
E25: 80022 | F25: =VLOOKUP(普通映射装备数值!O24,$C$4:$D$15,2,0) -> PhysicsAttack | G25: =普通映射装备数值!P24 -> 222 | H25: =普通映射装备数值!Q24 -> 29 | I25: =VLOOKUP(普通映射装备数值!R24,$C$4:$D$15,2,0) -> CritLevel | J25: =普通映射装备数值!S24 -> 85 | K25: =普通映射装备数值!T24 -> 11
E26: 80023 | F26: =VLOOKUP(普通映射装备数值!O25,$C$4:$D$15,2,0) -> PhysicsAttack | G26: =普通映射装备数值!P25 -> 370 | H26: =普通映射装备数值!Q25 -> 48 | I26: =VLOOKUP(普通映射装备数值!R25,$C$4:$D$15,2,0) -> CritLevel | J26: =普通映射装备数值!S25 -> 142 | K26: =普通映射装备数值!T25 -> 19
E27: 80024 | F27: =VLOOKUP(普通映射装备数值!O26,$C$4:$D$15,2,0) -> PhysicsAttack | G27: =普通映射装备数值!P26 -> 555 | H27: =普通映射装备数值!Q26 -> 72 | I27: =VLOOKUP(普通映射装备数值!R26,$C$4:$D$15,2,0) -> CritLevel | J27: =普通映射装备数值!S26 -> 213 | K27: =普通映射装备数值!T26 -> 28
... E193: 80190 | F193: =VLOOKUP(普通映射装备数值!O192,$C$4:$D$15,2,0) -> CritLevel | G193: =普通映射装备数值!P192 -> 334 | H193: =普通映射装备数值!Q192 -> 44 | I193: =VLOOKUP(普通映射装备数值!R192,$C$4:$D$15,2,0) -> CritDmgBonusLevel | J193: =普通映射装备数值!S192 -> 506 | K193: =普通映射装备数值!T192 -> 66

Sheet 草稿页-映射装备副属性配置
B2: 攻击百分比 | C2: 301 | D2: 100 | F2: =C2 -> 301 | G2: , | H2: =D2 -> 100 | I2: ; | J2: =_xlfn.CONCAT(F2,G2,H2,I2) -> 301,100; | K2: =_xlfn.CONCAT(J2:J15) -> 301,100;302,100;303,100;304,100;305,100;306,100;307,100;308,100;309,100;310,100;311,100;312,100;313,100;314,100
B3: 攻击百分比 | C3: =C2+1 -> 302 | D3: 100 | F3: =C3 -> 302 | G3: , | H3: =D3 -> 100 | I3: ; | J3: =_xlfn.CONCAT(F3,G3,H3,I3) -> 302,100;
B4: 防御百分比 | C4: =C3+1 -> 303 | D4: 100 | F4: =C4 -> 303 | G4: , | H4: =D4 -> 100 | I4: ; | J4: =_xlfn.CONCAT(F4,G4,H4,I4) -> 303,100;
B5: 生命百分比 | C5: =C4+1 -> 304 | D5: 100 | F5: =C5 -> 304 | G5: , | H5: =D5 -> 100 | I5: ; | J5: =_xlfn.CONCAT(F5,G5,H5,I5) -> 304,100;
B6: 攻击力 | C6: =C5+1 -> 305 | D6: 100 | F6: =C6 -> 305 | G6: , | H6: =D6 -> 100 | I6: ; | J6: =_xlfn.CONCAT(F6,G6,H6,I6) -> 305,100;
B7: 攻击力 | C7: =C6+1 -> 306 | D7: 100 | F7: =C7 -> 306 | G7: , | H7: =D7 -> 100 | I7: ; | J7: =_xlfn.CONCAT(F7,G7,H7,I7) -> 306,100;
B8: 防御 | C8: =C7+1 -> 307 | D8: 100 | F8: =C8 -> 307 | G8: , | H8: =D8 -> 100 | I8: ; | J8: =_xlfn.CONCAT(F8,G8,H8,I8) -> 307,100;
B9: 生命 | C9: =C8+1 -> 308 | D9: 100 | F9: =C9 -> 308 | G9: , | H9: =D9 -> 100 | I9: ; | J9: =_xlfn.CONCAT(F9,G9,H9,I9) -> 308,100;
C10: =C9+1 -> 309 | D10: 100 | F10: =C10 -> 309 | G10: , | H10: =D10 -> 100 | I10: ; | J10: =_xlfn.CONCAT(F10,G10,H10,I10) -> 309,100;
C11: =C10+1 -> 310 | D11: 100 | F11: =C11 -> 310 | G11: , | H11: =D11 -> 100 | I11: ; | J11: =_xlfn.CONCAT(F11,G11,H11,I11) -> 310,100;
C12: =C11+1 -> 311 | D12: 100 | F12: =C12 -> 311 | G12: , | H12: =D12 -> 100 | I12: ; | J12: =_xlfn.CONCAT(F12,G12,H12,I12) -> 311,100;
C13: =C12+1 -> 312 | D13: 100 | F13: =C13 -> 312 | G13: , | H13: =D13 -> 100 | I13: ; | J13: =_xlfn.CONCAT(F13,G13,H13,I13) -> 312,100;
C14: =C13+1 -> 313 | D14: 100 | F14: =C14 -> 313 | G14: , | H14: =D14 -> 100 | I14: ; | J14: =_xlfn.CONCAT(F14,G14,H14,I14) -> 313,100;
C15: =C14+1 -> 314 | D15: 100 | F15: =C15 -> 314 | G15: , | H15: =D15 -> 100 | J15: =_xlfn.CONCAT(F15,G15,H15,I15) -> 314,100
B18: 映射装备属性 | G18: 旅券属性 | K18: 映射装备主属性 | R18: 映射装备副属性 | V18: 数值上限 | W18: 数值下限
B19: 攻击百分比 | G19: 普攻伤害加成 | K19: 属性 | M19: 基础数值 | N19: 属性成长系数 | O19: 1级数值 | P19: 属性成长系数 | R19: 1 | S19: PhysicsAttackBonus | T19: 攻击加成 | U19: 红色 | V19: =映射装备数值!E108 -> 0.18 | W19: =映射装备数值!F108 -> 0.054
B20: 攻击百分比 | G20: 技能伤害加成 | K20: PhysicsAttack | L20: 攻击 | M20: =映射装备数值!E13 -> 560 | N20: =映射装备数值!F13 -> 84 | O20: =M20+N20 -> 644 | P20: =N20 -> 84 | R20: 2 | S20: MagicAttackBonus | T20: 攻击加成 | V20: =映射装备数值!E109 -> 0.18 | W20: =映射装备数值!F109 -> 0.054
B21: 防御百分比 | G21: 必杀伤害加成 | K21: CritLevel | L21: 暴击等级 | M21: =映射装备数值!J13 -> 290 | N21: =映射装备数值!K13 -> 44 | O21: =M21+N21 -> 334 | P21: =N21 -> 44 | R21: 3 | S21: ArmorBonus | T21: 防御力加成 | V21: =映射装备数值!E110 -> 0.18 | W21: =映射装备数值!F110 -> 0.054
B22: 生命百分比 | G22: 单体伤害加成 | K22: PhysicsAttack | L22: 攻击 | M22: =映射装备数值!E17 -> 560 | N22: =映射装备数值!F17 -> 84 | O22: =M22+N22 -> 644 | P22: =N22 -> 84 | R22: 4 | S22: HpBonus | T22: 生命加成 | V22: =映射装备数值!E111 -> 0.18 | W22: =映射装备数值!F111 -> 0.054
B23: 普攻速度百分比 | G23: 穿透伤害加成 | K23: MagicAttack | L23: 攻击 | M23: =映射装备数值!J17 -> 560 | N23: =映射装备数值!K17 -> 84 | O23: =M23+N23 -> 644 | P23: =N23 -> 84 | R23: 5 | S23: CoolDownReduceLevel | T23: 技能冷却等级 | V23: =映射装备数值!E112 -> 2275 | W23: =映射装备数值!F112 -> 683
B24: 必杀回复速度 | G24: 范围伤害加成 | K24: MagicAttack | L24: 攻击 | M24: =映射装备数值!E21 -> 560 | N24: =映射装备数值!F21 -> 84 | O24: =M24+N24 -> 644 | P24: =N24 -> 84 | R24: 6 | S24: EnergyPreAddBonusLevel | T24: 能量回复速度 | V24: =映射装备数值!E113 -> 1575 | W24: =映射装备数值!F113 -> 473
B25: 暴击率 | G25: 持续伤害加成 | K25: CritLevel | L25: 暴击 | M25: =映射装备数值!J21 -> 290 | N25: =映射装备数值!K21 -> 44 | O25: =M25+N25 -> 334 | P25: =N25 -> 44 | R25: 7 | S25: CritLevel | T25: 暴击 | V25: =映射装备数值!E114 -> 1575 | W25: =映射装备数值!F114 -> 473
B26: 暴击伤害 | G26: 攻击力 | K26: Hp | L26: 生命 | M26: =映射装备数值!E26 -> 1875 | N26: =映射装备数值!F26 -> 281.25 | O26: =M26+N26 -> 2156.25 | P26: =N26 -> 281.25 | R26: 8 | S26: CritDmgBonusLevel | T26: 暴击伤害 | V26: =映射装备数值!E115 -> 1925 | W26: =映射装备数值!F115 -> 578
B27: 物理伤害加成 | G27: 攻击力 | K27: PhysicsAttackBonus | L27: 攻击加成 | M27: =映射装备数值!J26 -> 0.04 | N27: =映射装备数值!K26 -> 0.006 | O27: =M27+N27 -> 0.046 | P27: =N27 -> 0.006 | R27: 9 | S27: PhysicsAttack | T27: 攻击 | V27: =映射装备数值!E116 -> 3000 | W27: =映射装备数值!F116 -> 900
B28: 魔法伤害加成 | G28: 防御 | K28: Armor | L28: 防御力 | M28: =映射装备数值!E31 -> 375 | N28: =映射装备数值!F31 -> 56.25 | O28: =M28+N28 -> 431.25 | P28: =N28 -> 56.25 | R28: 10 | S28: MagicAttack | T28: 攻击 | V28: =映射装备数值!E117 -> 3000 | W28: =映射装备数值!F117 -> 900
B29: 攻击力 | G29: 生命 | K29: ArmorBonus | L29: 防御力加成 | M29: =映射装备数值!J31 -> 0.04 | N29: =映射装备数值!K31 -> 0.006 | O29: =M29+N29 -> 0.046 | P29: =N29 -> 0.006 | R29: 11 | S29: Armor | T29: 防御力 | V29: =映射装备数值!E118 -> 2000 | W29: =映射装备数值!F118 -> 600
B30: 攻击力 | G30: 治疗率 | K30: Armor | L30: 防御力 | M30: =映射装备数值!E31 -> 375 | N30: =映射装备数值!F31 -> 56.25 | O30: =M30+N30 -> 431.25 | P30: =N30 -> 56.25 | R30: 12 | S30: Hp | T30: 生命 | V30: =映射装备数值!E119 -> 10000 | W30: =映射装备数值!F119 -> 3000
B31: 防御 | G31: 受到治疗效果 | K31: MagicAttackBonus | L31: 攻击加成 | M31: =映射装备数值!J36 -> 0.04 | N31: =映射装备数值!K36 -> 0.006 | O31: =M31+N31 -> 0.046 | P31: =N31 -> 0.006 | R31: 13 | S31: PhysicsDmgBonus | T31: 普攻伤害加成 | V31: =映射装备数值!E120 -> 0.0735 | W31: =映射装备数值!F120 -> 0.02205
B32: 生命 | G32: 冷却缩减 | K32: Hp | L32: 生命 | M32: =映射装备数值!E41 -> 1875 | N32: =映射装备数值!F41 -> 281.25 | O32: =M32+N32 -> 2156.25 | P32: =N32 -> 281.25 | R32: 14 | S32: MagicDmgBonus | T32: 技能伤害加成 | V32: =映射装备数值!E121 -> 0.0735 | W32: =映射装备数值!F121 -> 0.02205
G33: 暴击率 | K33: HpBonus | L33: 生命加成 | M33: =映射装备数值!J41 -> 0.04 | N33: =映射装备数值!K41 -> 0.006 | O33: =M33+N33 -> 0.046 | P33: =N33 -> 0.006 | R33: 101 | S33: PhysicsAttackBonus | T33: 攻击加成 | U33: 金色 | V33: =映射装备数值!E92 -> 0.135 | W33: =映射装备数值!F92 -> 0.041
G34: 暴击伤害 | K34: PhysicsAttack | L34: 攻击 | M34: =映射装备数值!E46 -> 560 | N34: =映射装备数值!F46 -> 84 | O34: =M34+N34 -> 644 | P34: =N34 -> 84 | R34: 102 | S34: MagicAttackBonus | T34: 攻击加成 | V34: =映射装备数值!E93 -> 0.135 | W34: =映射装备数值!F93 -> 0.041
G35: 普攻速度百分比 | K35: CoolDownReduceLevel | L35: 冷却等级缩减 | M35: =映射装备数值!J46 -> 364 | N35: =映射装备数值!K46 -> 55 | O35: =M35+N35 -> 419 | P35: =N35 -> 55 | R35: 103 | S35: ArmorBonus | T35: 防御力加成 | V35: =映射装备数值!E94 -> 0.135 | W35: =映射装备数值!F94 -> 0.041
G36: 必杀回复速度 | K36: MagicAttack | L36: 攻击 | M36: =映射装备数值!E51 -> 560 | N36: =映射装备数值!F51 -> 84 | O36: =M36+N36 -> 644 | P36: =N36 -> 84 | R36: 104 | S36: HpBonus | T36: 生命加成 | V36: =映射装备数值!E95 -> 0.135 | W36: =映射装备数值!F95 -> 0.041
G37: 攻击百分比 | K37: EnergyPreAddBonusLevel | L37: 能量回复等级 | M37: =映射装备数值!J51 -> 252 | N37: =映射装备数值!K51 -> 38 | O37: =M37+N37 -> 290 | P37: =N37 -> 38 | R37: 105 | S37: CoolDownReduceLevel | T37: 技能冷却等级 | V37: =映射装备数值!E96 -> 1706.25 | W37: =映射装备数值!F96 -> 512
G38: 攻击百分比 | K38: CritLevel | L38: 暴击 | M38: =映射装备数值!E56 -> 290 | N38: =映射装备数值!F56 -> 44 | O38: =M38+N38 -> 334 | P38: =N38 -> 44 | R38: 106 | S38: EnergyPreAddBonusLevel | T38: 能量回复速度 | V38: =映射装备数值!E97 -> 1181.25 | W38: =映射装备数值!F97 -> 355
K39: CritDmgBonusLevel | L39: 暴击伤害 | M39: =映射装备数值!J56 -> 440 | N39: =映射装备数值!K56 -> 66 | O39: =M39+N39 -> 506 | P39: =N39 -> 66 | R39: 107 | S39: CritLevel | T39: 暴击 | V39: =映射装备数值!E98 -> 1181.25 | W39: =映射装备数值!F98 -> 355
R40: 108 | S40: CritDmgBonusLevel | T40: 暴击伤害 | V40: =映射装备数值!E99 -> 1443.75 | W40: =映射装备数值!F99 -> 434
R41: 109 | S41: PhysicsAttack | T41: 攻击 | V41: =映射装备数值!E100 -> 2250 | W41: =映射装备数值!F100 -> 675
R42: 110 | S42: MagicAttack | T42: 攻击 | V42: =映射装备数值!E101 -> 2250 | W42: =映射装备数值!F101 -> 675
R43: 111 | S43: Armor | T43: 防御力 | V43: =映射装备数值!E102 -> 1500 | W43: =映射装备数值!F102 -> 450
R44: 112 | S44: Hp | T44: 生命 | V44: =映射装备数值!E103 -> 7500 | W44: =映射装备数值!F103 -> 2250
R45: 113 | S45: PhysicsDmgBonus | T45: 普攻伤害加成 | V45: =映射装备数值!E104 -> 0.055 | W45: =映射装备数值!F104 -> 0.017
R46: 114 | S46: MagicDmgBonus | T46: 技能伤害加成 | V46: =映射装备数值!E105 -> 0.055 | W46: =映射装备数值!F105 -> 0.017
R47: 201 | S47: PhysicsAttackBonus | T47: 攻击加成 | U47: 紫色 | V47: =映射装备数值!E76 -> 0.09 | W47: =映射装备数值!F76 -> 0.027
R48: 202 | S48: MagicAttackBonus | T48: 攻击加成 | V48: =映射装备数值!E77 -> 0.09 | W48: =映射装备数值!F77 -> 0.027
R49: 203 | S49: ArmorBonus | T49: 防御力加成 | V49: =映射装备数值!E78 -> 0.09 | W49: =映射装备数值!F78 -> 0.027
R50: 204 | S50: HpBonus | T50: 生命加成 | V50: =映射装备数值!E79 -> 0.09 | W50: =映射装备数值!F79 -> 0.027
R51: 205 | S51: CoolDownReduceLevel | T51: 技能冷却等级 | V51: =映射装备数值!E80 -> 1137.5 | W51: =映射装备数值!F80 -> 342
R52: 206 | S52: EnergyPreAddBonusLevel | T52: 能量回复速度 | V52: =映射装备数值!E81 -> 787.5 | W52: =映射装备数值!F81 -> 237
R53: 207 | S53: CritLevel | T53: 暴击 | V53: =映射装备数值!E82 -> 787.5 | W53: =映射装备数值!F82 -> 237
R54: 208 | S54: CritDmgBonusLevel | T54: 暴击伤害 | V54: =映射装备数值!E83 -> 962.5 | W54: =映射装备数值!F83 -> 289
R55: 209 | S55: PhysicsAttack | T55: 攻击 | V55: =映射装备数值!E84 -> 1500 | W55: =映射装备数值!F84 -> 450
R56: 210 | S56: MagicAttack | T56: 攻击 | V56: =映射装备数值!E85 -> 1500 | W56: =映射装备数值!F85 -> 450
R57: 211 | S57: Armor | T57: 防御力 | V57: =映射装备数值!E86 -> 1000 | W57: =映射装备数值!F86 -> 300
R58: 212 | S58: Hp | T58: 生命 | V58: =映射装备数值!E87 -> 5000 | W58: =映射装备数值!F87 -> 1500
R59: 213 | S59: PhysicsDmgBonus | T59: 普攻伤害加成 | V59: =映射装备数值!E88 -> 0.037 | W59: =映射装备数值!F88 -> 0.011
R60: 214 | S60: MagicDmgBonus | T60: 技能伤害加成 | V60: =映射装备数值!E89 -> 0.037 | W60: =映射装备数值!F89 -> 0.011
R61: 301 | S61: PhysicsAttackBonus | T61: 攻击加成 | U61: 蓝色 | V61: =映射装备数值!E60 -> 0.054 | W61: =映射装备数值!F60 -> 0.016
R62: 302 | S62: MagicAttackBonus | T62: 攻击加成 | V62: =映射装备数值!E61 -> 0.054 | W62: =映射装备数值!F61 -> 0.016
R63: 303 | S63: ArmorBonus | T63: 防御力加成 | V63: =映射装备数值!E62 -> 0.054 | W63: =映射装备数值!F62 -> 0.016
R64: 304 | S64: HpBonus | T64: 生命加成 | V64: =映射装备数值!E63 -> 0.054 | W64: =映射装备数值!F63 -> 0.016
R65: 305 | S65: CoolDownReduceLevel | T65: 技能冷却等级 | V65: =映射装备数值!E64 -> 682.5 | W65: =映射装备数值!F64 -> 205
R66: 306 | S66: EnergyPreAddBonusLevel | T66: 能量回复速度 | V66: =映射装备数值!E65 -> 472.5 | W66: =映射装备数值!F65 -> 142
R67: 307 | S67: CritLevel | T67: 暴击 | V67: =映射装备数值!E66 -> 472.5 | W67: =映射装备数值!F66 -> 142
R68: 308 | S68: CritDmgBonusLevel | T68: 暴击伤害 | V68: =映射装备数值!E67 -> 577.5 | W68: =映射装备数值!F67 -> 173
R69: 309 | S69: PhysicsAttack | T69: 攻击 | V69: =映射装备数值!E68 -> 900 | W69: =映射装备数值!F68 -> 270
R70: 310 | S70: MagicAttack | T70: 攻击 | V70: =映射装备数值!E69 -> 900 | W70: =映射装备数值!F69 -> 270
R71: 311 | S71: Armor | T71: 防御力 | V71: =映射装备数值!E70 -> 600 | W71: =映射装备数值!F70 -> 180
R72: 312 | S72: Hp | T72: 生命 | V72: =映射装备数值!E71 -> 3000 | W72: =映射装备数值!F71 -> 900
R73: 313 | S73: PhysicsDmgBonus | T73: 普攻伤害加成 | V73: =映射装备数值!E72 -> 0.022 | W73: =映射装备数值!F72 -> 0.007
R74: 314 | S74: MagicDmgBonus | T74: 技能伤害加成 | V74: =映射装备数值!E73 -> 0.022 | W74: =映射装备数值!F73 -> 0.007

Sheet 映射装备红装数值
B2: 数量 | C2: 技能ID | D2: 红色装备名称 | E2: 部位 | F2: 额外词条效果 | G2: 主属性1 | H2: 主属性2 | I2: 副属性1 | J2: 副属性2 | K2: 副属性3 | L2: 副属性4
B3: 1 | C3: 3101 | D3: 暗物质时空炮 | E3: SEPart_Weapon | F3: 范围伤害提高8%。 | G3: 攻击 | H3: 暴击等级 | I3: 物理伤害加成 | J3: 攻击百分比 | K3: 暴击伤害等级 | L3: 技能冷却等级 | M3: =VLOOKUP(I3,$M$41:$O$54,3,0) -> 13 | N3: =VLOOKUP(J3,$M$41:$O$54,3,0) -> 1 | O3: =VLOOKUP(K3,$M$41:$O$54,3,0) -> 8 | P3: =VLOOKUP(L3,$M$41:$O$54,3,0) -> 5 | Q3: 3101 | R3: ,100; | S3: ,100 | T3: =_xlfn.CONCAT(M3,$R3,N3,$R3,O3,$R3,P3,$R3,Q3,$S3) -> 13,100;1,100;8,100;5,100;3101,100
B4: 2 | C4: 3102 | D4: 轨道跃迁炮 | E4: SEPart_Weapon | F4: 切换目标后，前4次单体伤害提高8%。 | G4: 攻击 | H4: 暴击等级 | I4: 攻击百分比 | J4: 暴击等级 | K4: 暴击伤害等级 | L4: 攻击力 | M4: =VLOOKUP(I4,$M$41:$O$54,3,0) -> 1 | N4: =VLOOKUP(J4,$M$41:$O$54,3,0) -> 7 | O4: =VLOOKUP(K4,$M$41:$O$54,3,0) -> 8 | P4: =VLOOKUP(L4,$M$41:$O$54,3,0) -> 9 | Q4: 3102 | R4: ,100; | S4: ,100 | T4: =_xlfn.CONCAT(M4,$R4,N4,$R4,O4,$R4,P4,$R4,Q4,$S4) -> 1,100;7,100;8,100;9,100;3102,100
B5: 3 | C5: 3103 | D5: 虚空裂隙激射炮 | E5: SEPart_Weapon | F5: 穿透伤害提高8%。 | G5: 攻击 | H5: 暴击等级 | I5: 物理伤害加成 | J5: 攻击百分比 | K5: 暴击伤害等级 | L5: 攻击力 | M5: =VLOOKUP(I5,$M$41:$O$54,3,0) -> 13 | N5: =VLOOKUP(J5,$M$41:$O$54,3,0) -> 1 | O5: =VLOOKUP(K5,$M$41:$O$54,3,0) -> 8 | P5: =VLOOKUP(L5,$M$41:$O$54,3,0) -> 9 | Q5: 3103 | R5: ,100; | S5: ,100 | T5: =_xlfn.CONCAT(M5,$R5,N5,$R5,O5,$R5,P5,$R5,Q5,$S5) -> 13,100;1,100;8,100;9,100;3103,100
B6: 4 | C6: 3104 | D6: 零号脉冲枪 | E6: SEPart_Weapon | F6: 普攻伤害提高8%。 | G6: 攻击 | H6: 攻击 | I6: 攻击百分比 | J6: 攻击百分比 | K6: 暴击等级 | L6: 暴击伤害等级 | M6: =VLOOKUP(I6,$M$41:$O$54,3,0) -> 1 | N6: =VLOOKUP(J6,$M$41:$O$54,3,0) -> 1 | O6: =VLOOKUP(K6,$M$41:$O$54,3,0) -> 7 | P6: =VLOOKUP(L6,$M$41:$O$54,3,0) -> 8 | Q6: 3104 | R6: ,100; | S6: ,100 | T6: =_xlfn.CONCAT(M6,$R6,N6,$R6,O6,$R6,P6,$R6,Q6,$S6) -> 1,100;1,100;7,100;8,100;3104,100
B7: 5 | C7: 3105 | D7: 天机动能枪 | E7: SEPart_Weapon | F7: 对首领造成的物理伤害提高8%。 | G7: 攻击 | H7: 攻击 | I7: 物理伤害加成 | J7: 攻击百分比 | K7: 暴击等级 | L7: 攻击力 | M7: =VLOOKUP(I7,$M$41:$O$54,3,0) -> 13 | N7: =VLOOKUP(J7,$M$41:$O$54,3,0) -> 1 | O7: =VLOOKUP(K7,$M$41:$O$54,3,0) -> 7 | P7: =VLOOKUP(L7,$M$41:$O$54,3,0) -> 9 | Q7: 3105 | R7: ,100; | S7: ,100 | T7: =_xlfn.CONCAT(M7,$R7,N7,$R7,O7,$R7,P7,$R7,Q7,$S7) -> 13,100;1,100;7,100;9,100;3105,100
B8: 6 | C8: 3106 | D8: 不朽骸枪 | E8: SEPart_Weapon | F8: 攻击40%生命以下目标时，物理伤害提高10%。 | G8: 攻击 | H8: 攻击 | I8: 物理伤害加成 | J8: 攻击百分比 | K8: 暴击等级 | L8: 暴击伤害等级 | M8: =VLOOKUP(I8,$M$41:$O$54,3,0) -> 13 | N8: =VLOOKUP(J8,$M$41:$O$54,3,0) -> 1 | O8: =VLOOKUP(K8,$M$41:$O$54,3,0) -> 7 | P8: =VLOOKUP(L8,$M$41:$O$54,3,0) -> 8 | Q8: 3106 | R8: ,100; | S8: ,100 | T8: =_xlfn.CONCAT(M8,$R8,N8,$R8,O8,$R8,P8,$R8,Q8,$S8) -> 13,100;1,100;7,100;8,100;3106,100
B9: 7 | C9: 3107 | D9: 时痕圣音法杖 | E9: SEPart_Weapon | F9: 技能造成的魔法伤害提高12%。 | G9: 攻击 | H9: 暴击等级 | I9: 魔法伤害加成 | J9: 攻击百分比 | K9: 暴击等级 | L9: 技能冷却等级 | M9: =VLOOKUP(I9,$M$41:$O$54,3,0) -> 14 | N9: =VLOOKUP(J9,$M$41:$O$54,3,0) -> 1 | O9: =VLOOKUP(K9,$M$41:$O$54,3,0) -> 7 | P9: =VLOOKUP(L9,$M$41:$O$54,3,0) -> 5 | Q9: 3107 | R9: ,100; | S9: ,100 | T9: =_xlfn.CONCAT(M9,$R9,N9,$R9,O9,$R9,P9,$R9,Q9,$S9) -> 14,100;1,100;7,100;5,100;3107,100
B10: 8 | C10: 3108 | D10: 永夜残响权杖 | E10: SEPart_Weapon | F10: 必杀造成的魔法伤害提高10%。 | G10: 攻击 | H10: 暴击等级 | I10: 魔法伤害加成 | J10: 攻击百分比 | K10: 能量回复等级 | L10: 暴击伤害等级 | M10: =VLOOKUP(I10,$M$41:$O$54,3,0) -> 14 | N10: =VLOOKUP(J10,$M$41:$O$54,3,0) -> 1 | O10: =VLOOKUP(K10,$M$41:$O$54,3,0) -> 6 | P10: =VLOOKUP(L10,$M$41:$O$54,3,0) -> 8 | Q10: 3108 | R10: ,100; | S10: ,100 | T10: =_xlfn.CONCAT(M10,$R10,N10,$R10,O10,$R10,P10,$R10,Q10,$S10) -> 14,100;1,100;6,100;8,100;3108,100
B11: 9 | C11: 3109 | D11: 悼亡者咒缚杖 | E11: SEPart_Weapon | F11: 攻击40%生命以下目标时，魔法伤害提高10%。 | G11: 攻击 | H11: 暴击等级 | I11: 魔法伤害加成 | J11: 攻击百分比 | K11: 暴击等级 | L11: 暴击伤害等级 | M11: =VLOOKUP(I11,$M$41:$O$54,3,0) -> 14 | N11: =VLOOKUP(J11,$M$41:$O$54,3,0) -> 1 | O11: =VLOOKUP(K11,$M$41:$O$54,3,0) -> 7 | P11: =VLOOKUP(L11,$M$41:$O$54,3,0) -> 8 | Q11: 3109 | R11: ,100; | S11: ,100 | T11: =_xlfn.CONCAT(M11,$R11,N11,$R11,O11,$R11,P11,$R11,Q11,$S11) -> 14,100;1,100;7,100;8,100;3109,100
B12: 10 | C12: 3201 | D12: 活体交感护盔 | E12: SEPart_Head | F12: 获得护盾后，首次受范围伤害降低10%。 | G12: 生命 | H12: 攻击% | I12: 生命百分比 | J12: 攻击百分比 | K12: 暴击等级 | L12: 技能冷却等级 | M12: =VLOOKUP(I12,$M$41:$O$54,3,0) -> 4 | N12: =VLOOKUP(J12,$M$41:$O$54,3,0) -> 1 | O12: =VLOOKUP(K12,$M$41:$O$54,3,0) -> 7 | P12: =VLOOKUP(L12,$M$41:$O$54,3,0) -> 5 | Q12: 3201 | R12: ,100; | S12: ,100 | T12: =_xlfn.CONCAT(M12,$R12,N12,$R12,O12,$R12,P12,$R12,Q12,$S12) -> 4,100;1,100;7,100;5,100;3201,100
B13: 11 | C13: 3202 | D13: 同感幻觉终端 | E13: SEPart_Head | F13: 开场时获得5%最大生命值的护盾 | G13: 生命 | H13: 攻击% | I13: 生命百分比 | J13: 生命 | K13: 攻击百分比 | L13: 暴击伤害等级 | M13: =VLOOKUP(I13,$M$41:$O$54,3,0) -> 4 | N13: =VLOOKUP(J13,$M$41:$O$54,3,0) -> 12 | O13: =VLOOKUP(K13,$M$41:$O$54,3,0) -> 1 | P13: =VLOOKUP(L13,$M$41:$O$54,3,0) -> 8 | Q13: 3202 | R13: ,100; | S13: ,100 | T13: =_xlfn.CONCAT(M13,$R13,N13,$R13,O13,$R13,P13,$R13,Q13,$S13) -> 4,100;12,100;1,100;8,100;3202,100
B14: 12 | C14: 3203 | D14: 末日支配帽 | E14: SEPart_Head | F14: 技能冷却缩减提升10% | G14: 生命 | H14: 攻击% | I14: 技能冷却等级 | J14: 能量回复等级 | K14: 攻击百分比 | L14: 暴击等级 | M14: =VLOOKUP(I14,$M$41:$O$54,3,0) -> 5 | N14: =VLOOKUP(J14,$M$41:$O$54,3,0) -> 6 | O14: =VLOOKUP(K14,$M$41:$O$54,3,0) -> 1 | P14: =VLOOKUP(L14,$M$41:$O$54,3,0) -> 7 | Q14: 3203 | R14: ,100; | S14: ,100 | T14: =_xlfn.CONCAT(M14,$R14,N14,$R14,O14,$R14,P14,$R14,Q14,$S14) -> 5,100;6,100;1,100;7,100;3203,100
... B39: 37 | C39: 3804 | D39: 不灭辉光坠 | E39: SEPart_Decoration | F39: 生命首次低于30%时，回复4%生命，并在4秒内受治疗提高20%。 | G39: 暴击等级 | H39: 暴击伤害等级 | I39: 生命百分比 | J39: 防御 | K39: 暴击等级 | L39: 暴击伤害等级 | M39: =VLOOKUP(I39,$M$41:$O$54,3,0) -> 4 | N39: =VLOOKUP(J39,$M$41:$O$54,3,0) -> 11 | O39: =VLOOKUP(K39,$M$41:$O$54,3,0) -> 7 | P39: =VLOOKUP(L39,$M$41:$O$54,3,0) -> 8 | Q39: 3804 | R39: ,100; | S39: ,100 | T39: =_xlfn.CONCAT(M39,$R39,N39,$R39,O39,$R39,P39,$R39,Q39,$S39) -> 4,100;11,100;7,100;8,100;3804,100
M41: 攻击百分比 | N41: PhysicsAttackBonus | O41: 1
M42: 攻击百分比 | N42: MagicAttackBonus | O42: 2
M43: 防御百分比 | N43: ArmorBonus | O43: 3
M44: 生命百分比 | N44: HpBonus | O44: 4
M45: 技能冷却等级 | N45: CoolDownReduceLevel | O45: 5
M46: 能量回复等级 | N46: EnergyPreAddBonusLevel | O46: 6
M47: 暴击等级 | N47: CritLevel | O47: 7
M48: 暴击伤害等级 | N48: CritDmgBonusLevel | O48: 8
M49: 攻击力 | N49: PhysicsAttack | O49: 9
M50: 攻击力 | N50: MagicAttack | O50: 10
M51: 防御 | N51: Armor | O51: 11
M52: 生命 | N52: Hp | O52: 12
... M54: 魔法伤害加成 | N54: MagicDmgBonus | O54: 14

Sheet 参数页-不同武将系数
B2: 职业 | C2: 生命 | D2: 攻击 | E2: 防御 | I2: 属性总和
B3: 坦克（输出） | C3: 1.2 | D3: 0.7 | E3: 1.1 | I3: =SUM(C3:E3) -> 3
B4: 坦克（生命） | C4: 1.4 | D4: 0.6 | E4: 1 | I4: =SUM(C4:E4) -> 3
B5: 坦克（防御） | C5: 1.2 | D5: 0.6 | E5: 1.2 | I5: =SUM(C5:E5) -> 3
B6: 输出（射手） | C6: 0.9 | D6: 1.1 | E6: 1 | I6: =SUM(C6:E6) -> 3
B7: 输出（战士） | C7: 1.05 | D7: 0.95 | E7: 1 | I7: =SUM(C7:E7) -> 3
B8: 输出（法师） | C8: 0.8 | D8: 1.2 | E8: 1 | I8: =SUM(C8:E8) -> 3
B9: 辅助（均衡） | C9: 1.1 | D9: 0.85 | E9: 1.05 | I9: =SUM(C9:E9) -> 3
B10: 辅助（攻击） | C10: 1 | D10: 0.9 | E10: 1.1 | I10: =SUM(C10:E10) -> 3
B11: 辅助（生命） | C11: 1.2 | D11: 0.85 | E11: 0.95 | I11: =SUM(C11:E11) -> 3
B13: 伤害类型 | C13: 品质属性比
B14: SSR | C14: 1
B15: SR | C15: 0.8
B16: R | C16: 0.7
B17: 伤害类型 | C17: 攻击比 | D17: 攻击比
B18: 物理 | C18: 1 | D18: 0.8
B19: 魔法 | C19: 0.8 | D19: 1
B20: 混合 | C20: 0.95 | D20: 0.95
I23: 裸体属性区
I24: 只影响裸体属性：包括基础、升级、突破、星盘
I25: （用于微调角色的基础属性） | S25: 角色升级区 | AA25: 角色星盘区 | AB25: 单次星盘养成提供的属性 | AH25: 角色专武系数 | AQ25: 角色专武 | AZ25: 角色升星
B26: 武将名称 | C26: 稀有度 | D26: 武将职业 | E26: 伤害类型 | F26: 职业生命比 | G26: 职业攻击比 | H26: 职业防御比 | I26: 调整生命比 | J26: 调整攻击比 | K26: 调整攻击比 | L26: 调整防御比 | M26: 调整比总和 | N26: 品质属性比 | O26: 最终生命比 | P26: 最终攻击比 | Q26: 最终攻击比 | R26: 最终防御比 | S26: 基础生命值 | T26: 成长生命值 | U26: 基础攻击 | V26: 成长攻击 | W26: 基础攻击 | X26: 成长攻击 | Y26: 基础防御 | Z26: 成长防御 | AA26: 生命值 | AB26: 攻击 | AC26: 攻击 | AD26: 防御 | AE26: 二级属性1 | AF26: 二级属性2 | AG26: 二级属性3 | AH26: 专武生命比 | AI26: 专武攻击比 | AJ26: 专武攻击比 | AK26: 专武防御比 | AL26: 品质系数 | AM26: 专武最终生命比 | AN26: 专武最终攻击比 | AO26: 专武最终攻击比 | AP26: 专武最终防御比 | AQ26: 基础生命值 | AR26: 成长生命值 | AS26: 基础攻击 | AT26: 成长攻击 | AU26: 基础攻击 | AV26: 成长攻击 | AW26: 基础防御 | AX26: 成长防御 | AY26: 专武二级属性 | AZ26: 角色升星属性1 | BA26: 角色升星属性2
B27: 塔拉夏 | C27: SSR | D27: 坦克（生命） | E27: 魔法 | F27: =VLOOKUP($D27,$B$3:$E$14,COLUMN(E$26)-COLUMN($C$26),0) -> 1.4 | G27: =VLOOKUP($D27,$B$3:$E$14,COLUMN(F$26)-COLUMN($C$26),0) -> 0.6 | H27: =VLOOKUP($D27,$B$3:$E$14,COLUMN(G$26)-COLUMN($C$26),0) -> 1 | I27: 1.1 | J27: 1.02 | K27: 1.02 | L27: 0.9 | M27: =SUM(I27:L27) -> 4.04 | N27: =VLOOKUP(C27,$B$14:$C$16,2,0) -> 1 | O27: =I27*F27*$N27 -> 1.54 | P27: =J27*G27*$N27*VLOOKUP($E27,$B$18:$D$20,2,0) -> 0.4896 | Q27: =K27*G27*$N27*VLOOKUP($E27,$B$18:$D$20,3,0) -> 0.612 | R27: =L27*H27*$N27 -> 0.9 | S27: =ROUND(O27*养成属性规划!$D$36,0) -> 7700 | T27: =S27*角色升级升阶!$C$5 -> 616 | U27: =ROUND(P27*养成属性规划!$E$36,0) -> 734 | V27: =U27*角色升级升阶!$C$5 -> 58.72 | W27: =ROUND(Q27*养成属性规划!$E$36,0) -> 918 | X27: =W27*角色升级升阶!$C$5 -> 73.44 | Y27: =ROUND(R27*养成属性规划!$F$36,0) -> 900 | Z27: =Y27*角色升级升阶!$C$5 -> 72 | AA27: =ROUND(角色星盘!C$23*O27,2) -> 656.04 | AB27: =ROUND(角色星盘!D$23*P27,2) -> 62.67 | AC27: =ROUND(角色星盘!D$23*Q27,2) -> 78.34 | AD27: =ROUND(角色星盘!E$23*R27,2) -> 76.5 | AE27: 生命值百分比 | AF27: 攻击百分比 | AG27: 技能冷却等级 | AH27: =I27 -> 1.1 | AI27: =J27 -> 1.02 | AJ27: =K27 -> 1.02 | AK27: =L27 -> 0.9 | AL27: =VLOOKUP(C27,专武!$M$45:$N$47,2,0) -> 1 | AM27: =F27*AH27*$AL27 -> 1.54 | AN27: =G27*AI27*$AL27*VLOOKUP($E27,$B$18:$D$20,2,0) -> 0.4896 | AO27: =G27*AJ27*$AL27*VLOOKUP($E27,$B$18:$D$20,3,0) -> 0.612 | AP27: =H27*AK27*$AL27 -> 0.9 | AQ27: =AM27*专武!B$27 -> 4620 | AR27: =ROUND(AQ27/专武!$C$19*专武!$C$20,2) -> 436.33 | AS27: =AN27*专武!C$27 -> 440.64 | AT27: =ROUND(AS27/专武!$C$19*专武!$C$20,2) -> 41.62 | AU27: =AO27*专武!C$27 -> 550.8 | AV27: =ROUND(AU27/专武!$C$19*专武!$C$20,2) -> 52.02 | AW27: =AP27*专武!D$27 -> 540 | AX27: =ROUND(AW27/专武!$C$19*专武!$C$20,2) -> 51 | AY27: 生命值百分比 | AZ27: 魔法伤害加成 | BA27: 暴击等级
B28: 陈单单 | C28: SSR | D28: 输出（射手） | E28: 物理 | F28: =VLOOKUP($D28,$B$3:$E$14,COLUMN(E$26)-COLUMN($C$26),0) -> 0.9 | G28: =VLOOKUP($D28,$B$3:$E$14,COLUMN(F$26)-COLUMN($C$26),0) -> 1.1 | H28: =VLOOKUP($D28,$B$3:$E$14,COLUMN(G$26)-COLUMN($C$26),0) -> 1 | I28: 1.05 | J28: 1 | K28: 0.9 | L28: 1 | M28: =SUM(I28:L28) -> 3.95 | N28: =VLOOKUP(C28,$B$14:$C$16,2,0) -> 1 | O28: =I28*F28*$N28 -> 0.945 | P28: =J28*G28*$N28*VLOOKUP($E28,$B$18:$D$20,2,0) -> 1.1 | Q28: =K28*G28*$N28*VLOOKUP($E28,$B$18:$D$20,3,0) -> 0.792 | R28: =L28*H28*$N28 -> 1 | S28: =ROUND(O28*养成属性规划!$D$36,0) -> 4725 | T28: =S28*角色升级升阶!$C$5 -> 378 | U28: =ROUND(P28*养成属性规划!$E$36,0) -> 1650 | V28: =U28*角色升级升阶!$C$5 -> 132 | W28: =ROUND(Q28*养成属性规划!$E$36,0) -> 1188 | X28: =W28*角色升级升阶!$C$5 -> 95.04 | Y28: =ROUND(R28*养成属性规划!$F$36,0) -> 1000 | Z28: =Y28*角色升级升阶!$C$5 -> 80 | AA28: =ROUND(角色星盘!C$23*O28,2) -> 402.57 | AB28: =ROUND(角色星盘!D$23*P28,2) -> 140.8 | AC28: =ROUND(角色星盘!D$23*Q28,2) -> 101.38 | AD28: =ROUND(角色星盘!E$23*R28,2) -> 85 | AE28: 攻击百分比 | AF28: 暴击等级 | AG28: 暴击伤害等级 | AH28: =I28 -> 1.05 | AI28: =J28 -> 1 | AJ28: =K28 -> 0.9 | AK28: =L28 -> 1 | AL28: =VLOOKUP(C28,专武!$M$45:$N$47,2,0) -> 1 | AM28: =F28*AH28*$AL28 -> 0.945 | AN28: =G28*AI28*$AL28*VLOOKUP($E28,$B$18:$D$20,2,0) -> 1.1 | AO28: =G28*AJ28*$AL28*VLOOKUP($E28,$B$18:$D$20,3,0) -> 0.792 | AP28: =H28*AK28*$AL28 -> 1 | AQ28: =AM28*专武!B$27 -> 2835 | AR28: =ROUND(AQ28/专武!$C$19*专武!$C$20,2) -> 267.75 | AS28: =AN28*专武!C$27 -> 990 | AT28: =ROUND(AS28/专武!$C$19*专武!$C$20,2) -> 93.5 | AU28: =AO28*专武!C$27 -> 712.8 | AV28: =ROUND(AU28/专武!$C$19*专武!$C$20,2) -> 67.32 | AW28: =AP28*专武!D$27 -> 600 | AX28: =ROUND(AW28/专武!$C$19*专武!$C$20,2) -> 56.67 | AY28: 技能伤害加成 | AZ28: 物理伤害加成 | BA28: 必杀伤害加成
B29: 莉莉娅 | C29: SSR | D29: 输出（法师） | E29: 物理 | F29: =VLOOKUP($D29,$B$3:$E$14,COLUMN(E$26)-COLUMN($C$26),0) -> 0.8 | G29: =VLOOKUP($D29,$B$3:$E$14,COLUMN(F$26)-COLUMN($C$26),0) -> 1.2 | H29: =VLOOKUP($D29,$B$3:$E$14,COLUMN(G$26)-COLUMN($C$26),0) -> 1 | I29: 1 | J29: 1.02 | K29: 1 | L29: 0.98 | M29: =SUM(I29:L29) -> 4 | N29: =VLOOKUP(C29,$B$14:$C$16,2,0) -> 1 | O29: =I29*F29*$N29 -> 0.8 | P29: =J29*G29*$N29*VLOOKUP($E29,$B$18:$D$20,2,0) -> 1.224 | Q29: =K29*G29*$N29*VLOOKUP($E29,$B$18:$D$20,3,0) -> 0.96 | R29: =L29*H29*$N29 -> 0.98 | S29: =ROUND(O29*养成属性规划!$D$36,0) -> 4000 | T29: =S29*角色升级升阶!$C$5 -> 320 | U29: =ROUND(P29*养成属性规划!$E$36,0) -> 1836 | V29: =U29*角色升级升阶!$C$5 -> 146.88 | W29: =ROUND(Q29*养成属性规划!$E$36,0) -> 1440 | X29: =W29*角色升级升阶!$C$5 -> 115.2 | Y29: =ROUND(R29*养成属性规划!$F$36,0) -> 980 | Z29: =Y29*角色升级升阶!$C$5 -> 78.4 | AA29: =ROUND(角色星盘!C$23*O29,2) -> 340.8 | AB29: =ROUND(角色星盘!D$23*P29,2) -> 156.67 | AC29: =ROUND(角色星盘!D$23*Q29,2) -> 122.88 | AD29: =ROUND(角色星盘!E$23*R29,2) -> 83.3 | AE29: 攻击百分比 | AF29: 技能伤害加成 | AG29: 技能冷却等级 | AH29: =I29 -> 1 | AI29: =J29 -> 1.02 | AJ29: =K29 -> 1 | AK29: =L29 -> 0.98 | AL29: =VLOOKUP(C29,专武!$M$45:$N$47,2,0) -> 1 | AM29: =F29*AH29*$AL29 -> 0.8 | AN29: =G29*AI29*$AL29*VLOOKUP($E29,$B$18:$D$20,2,0) -> 1.224 | AO29: =G29*AJ29*$AL29*VLOOKUP($E29,$B$18:$D$20,3,0) -> 0.96 | AP29: =H29*AK29*$AL29 -> 0.98 | AQ29: =AM29*专武!B$27 -> 2400 | AR29: =ROUND(AQ29/专武!$C$19*专武!$C$20,2) -> 226.67 | AS29: =AN29*专武!C$27 -> 1101.6 | AT29: =ROUND(AS29/专武!$C$19*专武!$C$20,2) -> 104.04 | AU29: =AO29*专武!C$27 -> 864 | AV29: =ROUND(AU29/专武!$C$19*专武!$C$20,2) -> 81.6 | AW29: =AP29*专武!D$27 -> 588 | AX29: =ROUND(AW29/专武!$C$19*专武!$C$20,2) -> 55.53 | AY29: 必杀伤害加成 | AZ29: 物理伤害加成 | BA29: 技能伤害加成
B30: 萨萨莉安 | C30: SSR | D30: 辅助（攻击） | E30: 魔法 | F30: =VLOOKUP($D30,$B$3:$E$14,COLUMN(E$26)-COLUMN($C$26),0) -> 1 | G30: =VLOOKUP($D30,$B$3:$E$14,COLUMN(F$26)-COLUMN($C$26),0) -> 0.9 | H30: =VLOOKUP($D30,$B$3:$E$14,COLUMN(G$26)-COLUMN($C$26),0) -> 1.1 | I30: 0.9 | J30: 1 | K30: 1.1 | L30: 1 | M30: =SUM(I30:L30) -> 4 | N30: =VLOOKUP(C30,$B$14:$C$16,2,0) -> 1 | O30: =I30*F30*$N30 -> 0.9 | P30: =J30*G30*$N30*VLOOKUP($E30,$B$18:$D$20,2,0) -> 0.72 | Q30: =K30*G30*$N30*VLOOKUP($E30,$B$18:$D$20,3,0) -> 0.99 | R30: =L30*H30*$N30 -> 1.1 | S30: =ROUND(O30*养成属性规划!$D$36,0) -> 4500 | T30: =S30*角色升级升阶!$C$5 -> 360 | U30: =ROUND(P30*养成属性规划!$E$36,0) -> 1080 | V30: =U30*角色升级升阶!$C$5 -> 86.4 | W30: =ROUND(Q30*养成属性规划!$E$36,0) -> 1485 | X30: =W30*角色升级升阶!$C$5 -> 118.8 | Y30: =ROUND(R30*养成属性规划!$F$36,0) -> 1100 | Z30: =Y30*角色升级升阶!$C$5 -> 88 | AA30: =ROUND(角色星盘!C$23*O30,2) -> 383.4 | AB30: =ROUND(角色星盘!D$23*P30,2) -> 92.16 | AC30: =ROUND(角色星盘!D$23*Q30,2) -> 126.72 | AD30: =ROUND(角色星盘!E$23*R30,2) -> 93.5 | AE30: 攻击百分比 | AF30: 暴击伤害等级 | AG30: 能量回复等级 | AH30: =I30 -> 0.9 | AI30: =J30 -> 1 | AJ30: =K30 -> 1.1 | AK30: =L30 -> 1 | AL30: =VLOOKUP(C30,专武!$M$45:$N$47,2,0) -> 1 | AM30: =F30*AH30*$AL30 -> 0.9 | AN30: =G30*AI30*$AL30*VLOOKUP($E30,$B$18:$D$20,2,0) -> 0.72 | AO30: =G30*AJ30*$AL30*VLOOKUP($E30,$B$18:$D$20,3,0) -> 0.99 | AP30: =H30*AK30*$AL30 -> 1.1 | AQ30: =AM30*专武!B$27 -> 2700 | AR30: =ROUND(AQ30/专武!$C$19*专武!$C$20,2) -> 255 | AS30: =AN30*专武!C$27 -> 648 | AT30: =ROUND(AS30/专武!$C$19*专武!$C$20,2) -> 61.2 | AU30: =AO30*专武!C$27 -> 891 | AV30: =ROUND(AU30/专武!$C$19*专武!$C$20,2) -> 84.15 | AW30: =AP30*专武!D$27 -> 660 | AX30: =ROUND(AW30/专武!$C$19*专武!$C$20,2) -> 62.33 | AY30: 攻击百分比 | AZ30: 魔法伤害加成 | BA30: 暴击伤害等级
B31: 伊戈尔 | C31: SSR | D31: 输出（射手） | E31: 魔法 | F31: =VLOOKUP($D31,$B$3:$E$14,COLUMN(E$26)-COLUMN($C$26),0) -> 0.9 | G31: =VLOOKUP($D31,$B$3:$E$14,COLUMN(F$26)-COLUMN($C$26),0) -> 1.1 | H31: =VLOOKUP($D31,$B$3:$E$14,COLUMN(G$26)-COLUMN($C$26),0) -> 1 | I31: 1.15 | J31: 0.9 | K31: 1 | L31: 1 | M31: =SUM(I31:L31) -> 4.05 | N31: =VLOOKUP(C31,$B$14:$C$16,2,0) -> 1 | O31: =I31*F31*$N31 -> 1.035 | P31: =J31*G31*$N31*VLOOKUP($E31,$B$18:$D$20,2,0) -> 0.792 | Q31: =K31*G31*$N31*VLOOKUP($E31,$B$18:$D$20,3,0) -> 1.1 | R31: =L31*H31*$N31 -> 1 | S31: =ROUND(O31*养成属性规划!$D$36,0) -> 5175 | T31: =S31*角色升级升阶!$C$5 -> 414 | U31: =ROUND(P31*养成属性规划!$E$36,0) -> 1188 | V31: =U31*角色升级升阶!$C$5 -> 95.04 | W31: =ROUND(Q31*养成属性规划!$E$36,0) -> 1650 | X31: =W31*角色升级升阶!$C$5 -> 132 | Y31: =ROUND(R31*养成属性规划!$F$36,0) -> 1000 | Z31: =Y31*角色升级升阶!$C$5 -> 80 | AA31: =ROUND(角色星盘!C$23*O31,2) -> 440.91 | AB31: =ROUND(角色星盘!D$23*P31,2) -> 101.38 | AC31: =ROUND(角色星盘!D$23*Q31,2) -> 140.8 | AD31: =ROUND(角色星盘!E$23*R31,2) -> 85 | AE31: 攻击百分比 | AF31: 技能伤害加成 | AG31: 技能冷却等级 | AH31: =I31 -> 1.15 | AI31: =J31 -> 0.9 | AJ31: =K31 -> 1 | AK31: =L31 -> 1 | AL31: =VLOOKUP(C31,专武!$M$45:$N$47,2,0) -> 1 | AM31: =F31*AH31*$AL31 -> 1.035 | AN31: =G31*AI31*$AL31*VLOOKUP($E31,$B$18:$D$20,2,0) -> 0.792 | AO31: =G31*AJ31*$AL31*VLOOKUP($E31,$B$18:$D$20,3,0) -> 1.1 | AP31: =H31*AK31*$AL31 -> 1 | AQ31: =AM31*专武!B$27 -> 3105 | AR31: =ROUND(AQ31/专武!$C$19*专武!$C$20,2) -> 293.25 | AS31: =AN31*专武!C$27 -> 712.8 | AT31: =ROUND(AS31/专武!$C$19*专武!$C$20,2) -> 67.32 | AU31: =AO31*专武!C$27 -> 990 | AV31: =ROUND(AU31/专武!$C$19*专武!$C$20,2) -> 93.5 | AW31: =AP31*专武!D$27 -> 600 | AX31: =ROUND(AW31/专武!$C$19*专武!$C$20,2) -> 56.67 | AY31: 攻击百分比 | AZ31: 魔法伤害加成 | BA31: 必杀伤害加成
B32: 约瑟夫 | C32: SSR | D32: 输出（法师） | E32: 魔法 | F32: =VLOOKUP($D32,$B$3:$E$14,COLUMN(E$26)-COLUMN($C$26),0) -> 0.8 | G32: =VLOOKUP($D32,$B$3:$E$14,COLUMN(F$26)-COLUMN($C$26),0) -> 1.2 | H32: =VLOOKUP($D32,$B$3:$E$14,COLUMN(G$26)-COLUMN($C$26),0) -> 1 | I32: 1.05 | J32: 1 | K32: 1.01 | L32: 0.99 | M32: =SUM(I32:L32) -> 4.05 | N32: =VLOOKUP(C32,$B$14:$C$16,2,0) -> 1 | O32: =I32*F32*$N32 -> 0.84 | P32: =J32*G32*$N32*VLOOKUP($E32,$B$18:$D$20,2,0) -> 0.96 | Q32: =K32*G32*$N32*VLOOKUP($E32,$B$18:$D$20,3,0) -> 1.212 | R32: =L32*H32*$N32 -> 0.99 | S32: =ROUND(O32*养成属性规划!$D$36,0) -> 4200 | T32: =S32*角色升级升阶!$C$5 -> 336 | U32: =ROUND(P32*养成属性规划!$E$36,0) -> 1440 | V32: =U32*角色升级升阶!$C$5 -> 115.2 | W32: =ROUND(Q32*养成属性规划!$E$36,0) -> 1818 | X32: =W32*角色升级升阶!$C$5 -> 145.44 | Y32: =ROUND(R32*养成属性规划!$F$36,0) -> 990 | Z32: =Y32*角色升级升阶!$C$5 -> 79.2 | AA32: =ROUND(角色星盘!C$23*O32,2) -> 357.84 | AB32: =ROUND(角色星盘!D$23*P32,2) -> 122.88 | AC32: =ROUND(角色星盘!D$23*Q32,2) -> 155.14 | AD32: =ROUND(角色星盘!E$23*R32,2) -> 84.15 | AE32: 攻击百分比 | AF32: 技能伤害加成 | AG32: 技能冷却等级 | AH32: =I32 -> 1.05 | AI32: =J32 -> 1 | AJ32: =K32 -> 1.01 | AK32: =L32 -> 0.99 | AL32: =VLOOKUP(C32,专武!$M$45:$N$47,2,0) -> 1 | AM32: =F32*AH32*$AL32 -> 0.84 | AN32: =G32*AI32*$AL32*VLOOKUP($E32,$B$18:$D$20,2,0) -> 0.96 | AO32: =G32*AJ32*$AL32*VLOOKUP($E32,$B$18:$D$20,3,0) -> 1.212 | AP32: =H32*AK32*$AL32 -> 0.99 | AQ32: =AM32*专武!B$27 -> 2520 | AR32: =ROUND(AQ32/专武!$C$19*专武!$C$20,2) -> 238 | AS32: =AN32*专武!C$27 -> 864 | AT32: =ROUND(AS32/专武!$C$19*专武!$C$20,2) -> 81.6 | AU32: =AO32*专武!C$27 -> 1090.8 | AV32: =ROUND(AU32/专武!$C$19*专武!$C$20,2) -> 103.02 | AW32: =AP32*专武!D$27 -> 594 | AX32: =ROUND(AW32/专武!$C$19*专武!$C$20,2) -> 56.1 | AY32: 技能伤害加成 | AZ32: 魔法伤害加成 | BA32: 技能冷却等级
B33: 夏提拉 | C33: SSR | D33: 输出（战士） | E33: 魔法 | F33: =VLOOKUP($D33,$B$3:$E$14,COLUMN(E$26)-COLUMN($C$26),0) -> 1.05 | G33: =VLOOKUP($D33,$B$3:$E$14,COLUMN(F$26)-COLUMN($C$26),0) -> 0.95 | H33: =VLOOKUP($D33,$B$3:$E$14,COLUMN(G$26)-COLUMN($C$26),0) -> 1 | I33: 1.3 | J33: 1 | K33: 1 | L33: 0.8 | M33: =SUM(I33:L33) -> 4.1 | N33: =VLOOKUP(C33,$B$14:$C$16,2,0) -> 1 | O33: =I33*F33*$N33 -> 1.365 | P33: =J33*G33*$N33*VLOOKUP($E33,$B$18:$D$20,2,0) -> 0.76 | Q33: =K33*G33*$N33*VLOOKUP($E33,$B$18:$D$20,3,0) -> 0.95 | R33: =L33*H33*$N33 -> 0.8 | S33: =ROUND(O33*养成属性规划!$D$36,0) -> 6825 | T33: =S33*角色升级升阶!$C$5 -> 546 | U33: =ROUND(P33*养成属性规划!$E$36,0) -> 1140 | V33: =U33*角色升级升阶!$C$5 -> 91.2 | W33: =ROUND(Q33*养成属性规划!$E$36,0) -> 1425 | X33: =W33*角色升级升阶!$C$5 -> 114 | Y33: =ROUND(R33*养成属性规划!$F$36,0) -> 800 | Z33: =Y33*角色升级升阶!$C$5 -> 64 | AA33: =ROUND(角色星盘!C$23*O33,2) -> 581.49 | AB33: =ROUND(角色星盘!D$23*P33,2) -> 97.28 | AC33: =ROUND(角色星盘!D$23*Q33,2) -> 121.6 | AD33: =ROUND(角色星盘!E$23*R33,2) -> 68 | AE33: 攻击百分比 | AF33: 暴击等级 | AG33: 生命值百分比 | AH33: =I33 -> 1.3 | AI33: =J33 -> 1 | AJ33: =K33 -> 1 | AK33: =L33 -> 0.8 | AL33: =VLOOKUP(C33,专武!$M$45:$N$47,2,0) -> 1 | AM33: =F33*AH33*$AL33 -> 1.365 | AN33: =G33*AI33*$AL33*VLOOKUP($E33,$B$18:$D$20,2,0) -> 0.76 | AO33: =G33*AJ33*$AL33*VLOOKUP($E33,$B$18:$D$20,3,0) -> 0.95 | AP33: =H33*AK33*$AL33 -> 0.8 | AQ33: =AM33*专武!B$27 -> 4095 | AR33: =ROUND(AQ33/专武!$C$19*专武!$C$20,2) -> 386.75 | AS33: =AN33*专武!C$27 -> 684 | AT33: =ROUND(AS33/专武!$C$19*专武!$C$20,2) -> 64.6 | AU33: =AO33*专武!C$27 -> 855 | AV33: =ROUND(AU33/专武!$C$19*专武!$C$20,2) -> 80.75 | AW33: =AP33*专武!D$27 -> 480 | AX33: =ROUND(AW33/专武!$C$19*专武!$C$20,2) -> 45.33 | AY33: 攻击百分比 | AZ33: 魔法伤害加成 | BA33: 暴击伤害等级
B34: 雷诺 | C34: SSR | D34: 坦克（生命） | E34: 物理 | F34: =VLOOKUP($D34,$B$3:$E$14,COLUMN(E$26)-COLUMN($C$26),0) -> 1.4 | G34: =VLOOKUP($D34,$B$3:$E$14,COLUMN(F$26)-COLUMN($C$26),0) -> 0.6 | H34: =VLOOKUP($D34,$B$3:$E$14,COLUMN(G$26)-COLUMN($C$26),0) -> 1 | I34: 1 | J34: 1 | K34: 1 | L34: 1.05 | M34: =SUM(I34:L34) -> 4.05 | N34: =VLOOKUP(C34,$B$14:$C$16,2,0) -> 1 | O34: =I34*F34*$N34 -> 1.4 | P34: =J34*G34*$N34*VLOOKUP($E34,$B$18:$D$20,2,0) -> 0.6 | Q34: =K34*G34*$N34*VLOOKUP($E34,$B$18:$D$20,3,0) -> 0.48 | R34: =L34*H34*$N34 -> 1.05 | S34: =ROUND(O34*养成属性规划!$D$36,0) -> 7000 | T34: =S34*角色升级升阶!$C$5 -> 560 | U34: =ROUND(P34*养成属性规划!$E$36,0) -> 900 | V34: =U34*角色升级升阶!$C$5 -> 72 | W34: =ROUND(Q34*养成属性规划!$E$36,0) -> 720 | X34: =W34*角色升级升阶!$C$5 -> 57.6 | Y34: =ROUND(R34*养成属性规划!$F$36,0) -> 1050 | Z34: =Y34*角色升级升阶!$C$5 -> 84 | AA34: =ROUND(角色星盘!C$23*O34,2) -> 596.4 | AB34: =ROUND(角色星盘!D$23*P34,2) -> 76.8 | AC34: =ROUND(角色星盘!D$23*Q34,2) -> 61.44 | AD34: =ROUND(角色星盘!E$23*R34,2) -> 89.25 | AE34: 生命值百分比 | AF34: 防御百分比 | AG34: 能量回复等级 | AH34: =I34 -> 1 | AI34: =J34 -> 1 | AJ34: =K34 -> 1 | AK34: =L34 -> 1.05 | AL34: =VLOOKUP(C34,专武!$M$45:$N$47,2,0) -> 1 | AM34: =F34*AH34*$AL34 -> 1.4 | AN34: =G34*AI34*$AL34*VLOOKUP($E34,$B$18:$D$20,2,0) -> 0.6 | AO34: =G34*AJ34*$AL34*VLOOKUP($E34,$B$18:$D$20,3,0) -> 0.48 | AP34: =H34*AK34*$AL34 -> 1.05 | AQ34: =AM34*专武!B$27 -> 4200 | AR34: =ROUND(AQ34/专武!$C$19*专武!$C$20,2) -> 396.67 | AS34: =AN34*专武!C$27 -> 540 | AT34: =ROUND(AS34/专武!$C$19*专武!$C$20,2) -> 51 | AU34: =AO34*专武!C$27 -> 432 | AV34: =ROUND(AU34/专武!$C$19*专武!$C$20,2) -> 40.8 | AW34: =AP34*专武!D$27 -> 630 | AX34: =ROUND(AW34/专武!$C$19*专武!$C$20,2) -> 59.5 | AY34: 生命值百分比 | AZ34: 能量回复等级 | BA34: 物理伤害加成
B35: 瞳 | C35: SSR | D35: 输出（战士） | E35: 物理 | F35: =VLOOKUP($D35,$B$3:$E$14,COLUMN(E$26)-COLUMN($C$26),0) -> 1.05 | G35: =VLOOKUP($D35,$B$3:$E$14,COLUMN(F$26)-COLUMN($C$26),0) -> 0.95 | H35: =VLOOKUP($D35,$B$3:$E$14,COLUMN(G$26)-COLUMN($C$26),0) -> 1 | I35: 0.95 | J35: 1.05 | K35: 1 | L35: 0.95 | M35: =SUM(I35:L35) -> 3.95 | N35: =VLOOKUP(C35,$B$14:$C$16,2,0) -> 1 | O35: =I35*F35*$N35 -> 0.9975 | P35: =J35*G35*$N35*VLOOKUP($E35,$B$18:$D$20,2,0) -> 0.9975 | Q35: =K35*G35*$N35*VLOOKUP($E35,$B$18:$D$20,3,0) -> 0.76 | R35: =L35*H35*$N35 -> 0.95 | S35: =ROUND(O35*养成属性规划!$D$36,0) -> 4988 | T35: =S35*角色升级升阶!$C$5 -> 399.04 | U35: =ROUND(P35*养成属性规划!$E$36,0) -> 1496 | V35: =U35*角色升级升阶!$C$5 -> 119.68 | W35: =ROUND(Q35*养成属性规划!$E$36,0) -> 1140 | X35: =W35*角色升级升阶!$C$5 -> 91.2 | Y35: =ROUND(R35*养成属性规划!$F$36,0) -> 950 | Z35: =Y35*角色升级升阶!$C$5 -> 76 | AA35: =ROUND(角色星盘!C$23*O35,2) -> 424.94 | AB35: =ROUND(角色星盘!D$23*P35,2) -> 127.68 | AC35: =ROUND(角色星盘!D$23*Q35,2) -> 97.28 | AD35: =ROUND(角色星盘!E$23*R35,2) -> 80.75 | AE35: 攻击百分比 | AF35: 技能伤害加成 | AG35: 能量回复等级 | AH35: =I35 -> 0.95 | AI35: =J35 -> 1.05 | AJ35: =K35 -> 1 | AK35: =L35 -> 0.95 | AL35: =VLOOKUP(C35,专武!$M$45:$N$47,2,0) -> 1 | AM35: =F35*AH35*$AL35 -> 0.9975 | AN35: =G35*AI35*$AL35*VLOOKUP($E35,$B$18:$D$20,2,0) -> 0.9975 | AO35: =G35*AJ35*$AL35*VLOOKUP($E35,$B$18:$D$20,3,0) -> 0.76 | AP35: =H35*AK35*$AL35 -> 0.95 | AQ35: =AM35*专武!B$27 -> 2992.5 | AR35: =ROUND(AQ35/专武!$C$19*专武!$C$20,2) -> 282.63 | AS35: =AN35*专武!C$27 -> 897.75 | AT35: =ROUND(AS35/专武!$C$19*专武!$C$20,2) -> 84.79 | AU35: =AO35*专武!C$27 -> 684 | AV35: =ROUND(AU35/专武!$C$19*专武!$C$20,2) -> 64.6 | AW35: =AP35*专武!D$27 -> 570 | AX35: =ROUND(AW35/专武!$C$19*专武!$C$20,2) -> 53.83 | AY35: 攻击百分比 | AZ35: 物理伤害加成 | BA35: 技能伤害加成
B36: 美第奇 | C36: SSR | D36: 辅助（攻击） | E36: 魔法 | F36: =VLOOKUP($D36,$B$3:$E$14,COLUMN(E$26)-COLUMN($C$26),0) -> 1 | G36: =VLOOKUP($D36,$B$3:$E$14,COLUMN(F$26)-COLUMN($C$26),0) -> 0.9 | H36: =VLOOKUP($D36,$B$3:$E$14,COLUMN(G$26)-COLUMN($C$26),0) -> 1.1 | I36: 1.1 | J36: 0.95 | K36: 0.95 | L36: 1 | M36: =SUM(I36:L36) -> 4 | N36: =VLOOKUP(C36,$B$14:$C$16,2,0) -> 1 | O36: =I36*F36*$N36 -> 1.1 | P36: =J36*G36*$N36*VLOOKUP($E36,$B$18:$D$20,2,0) -> 0.684 | Q36: =K36*G36*$N36*VLOOKUP($E36,$B$18:$D$20,3,0) -> 0.855 | R36: =L36*H36*$N36 -> 1.1 | S36: =ROUND(O36*养成属性规划!$D$36,0) -> 5500 | T36: =S36*角色升级升阶!$C$5 -> 440 | U36: =ROUND(P36*养成属性规划!$E$36,0) -> 1026 | V36: =U36*角色升级升阶!$C$5 -> 82.08 | W36: =ROUND(Q36*养成属性规划!$E$36,0) -> 1283 | X36: =W36*角色升级升阶!$C$5 -> 102.64 | Y36: =ROUND(R36*养成属性规划!$F$36,0) -> 1100 | Z36: =Y36*角色升级升阶!$C$5 -> 88 | AA36: =ROUND(角色星盘!C$23*O36,2) -> 468.6 | AB36: =ROUND(角色星盘!D$23*P36,2) -> 87.55 | AC36: =ROUND(角色星盘!D$23*Q36,2) -> 109.44 | AD36: =ROUND(角色星盘!E$23*R36,2) -> 93.5 | AE36: 攻击百分比 | AF36: 治疗率 | AG36: 技能冷却等级 | AH36: =I36 -> 1.1 | AI36: =J36 -> 0.95 | AJ36: =K36 -> 0.95 | AK36: =L36 -> 1 | AL36: =VLOOKUP(C36,专武!$M$45:$N$47,2,0) -> 1 | AM36: =F36*AH36*$AL36 -> 1.1 | AN36: =G36*AI36*$AL36*VLOOKUP($E36,$B$18:$D$20,2,0) -> 0.684 | AO36: =G36*AJ36*$AL36*VLOOKUP($E36,$B$18:$D$20,3,0) -> 0.855 | AP36: =H36*AK36*$AL36 -> 1.1 | AQ36: =AM36*专武!B$27 -> 3300 | AR36: =ROUND(AQ36/专武!$C$19*专武!$C$20,2) -> 311.67 | AS36: =AN36*专武!C$27 -> 615.6 | AT36: =ROUND(AS36/专武!$C$19*专武!$C$20,2) -> 58.14 | AU36: =AO36*专武!C$27 -> 769.5 | AV36: =ROUND(AU36/专武!$C$19*专武!$C$20,2) -> 72.68 | AW36: =AP36*专武!D$27 -> 660 | AX36: =ROUND(AW36/专武!$C$19*专武!$C$20,2) -> 62.33 | AY36: 治疗率 | AZ36: 魔法伤害加成 | BA36: 治疗率
B37: 零号 | C37: SSR | D37: 坦克（输出） | E37: 物理 | F37: =VLOOKUP($D37,$B$3:$E$14,COLUMN(E$26)-COLUMN($C$26),0) -> 1.2 | G37: =VLOOKUP($D37,$B$3:$E$14,COLUMN(F$26)-COLUMN($C$26),0) -> 0.7 | H37: =VLOOKUP($D37,$B$3:$E$14,COLUMN(G$26)-COLUMN($C$26),0) -> 1.1 | I37: 0.85 | J37: 1.15 | K37: 1 | L37: 1 | M37: =SUM(I37:L37) -> 4 | N37: =VLOOKUP(C37,$B$14:$C$16,2,0) -> 1 | O37: =I37*F37*$N37 -> 1.02 | P37: =J37*G37*$N37*VLOOKUP($E37,$B$18:$D$20,2,0) -> 0.805 | Q37: =K37*G37*$N37*VLOOKUP($E37,$B$18:$D$20,3,0) -> 0.56 | R37: =L37*H37*$N37 -> 1.1 | S37: =ROUND(O37*养成属性规划!$D$36,0) -> 5100 | T37: =S37*角色升级升阶!$C$5 -> 408 | U37: =ROUND(P37*养成属性规划!$E$36,0) -> 1208 | V37: =U37*角色升级升阶!$C$5 -> 96.64 | W37: =ROUND(Q37*养成属性规划!$E$36,0) -> 840 | X37: =W37*角色升级升阶!$C$5 -> 67.2 | Y37: =ROUND(R37*养成属性规划!$F$36,0) -> 1100 | Z37: =Y37*角色升级升阶!$C$5 -> 88 | AA37: =ROUND(角色星盘!C$23*O37,2) -> 434.52 | AB37: =ROUND(角色星盘!D$23*P37,2) -> 103.04 | AC37: =ROUND(角色星盘!D$23*Q37,2) -> 71.68 | AD37: =ROUND(角色星盘!E$23*R37,2) -> 93.5 | AE37: 攻击百分比 | AF37: 技能伤害加成 | AG37: 暴击等级 | AH37: =I37 -> 0.85 | AI37: =J37 -> 1.15 | AJ37: =K37 -> 1 | AK37: =L37 -> 1 | AL37: =VLOOKUP(C37,专武!$M$45:$N$47,2,0) -> 1 | AM37: =F37*AH37*$AL37 -> 1.02 | AN37: =G37*AI37*$AL37*VLOOKUP($E37,$B$18:$D$20,2,0) -> 0.805 | AO37: =G37*AJ37*$AL37*VLOOKUP($E37,$B$18:$D$20,3,0) -> 0.56 | AP37: =H37*AK37*$AL37 -> 1.1 | AQ37: =AM37*专武!B$27 -> 3060 | AR37: =ROUND(AQ37/专武!$C$19*专武!$C$20,2) -> 289 | AS37: =AN37*专武!C$27 -> 724.5 | AT37: =ROUND(AS37/专武!$C$19*专武!$C$20,2) -> 68.43 | AU37: =AO37*专武!C$27 -> 504 | AV37: =ROUND(AU37/专武!$C$19*专武!$C$20,2) -> 47.6 | AW37: =AP37*专武!D$27 -> 660 | AX37: =ROUND(AW37/专武!$C$19*专武!$C$20,2) -> 62.33 | AY37: 技能伤害加成 | AZ37: 物理伤害加成 | BA37: 暴击等级
B38: 主角 | C38: SR | D38: 输出（射手） | E38: 物理 | F38: =VLOOKUP($D38,$B$3:$E$14,COLUMN(E$26)-COLUMN($C$26),0) -> 0.9 | G38: =VLOOKUP($D38,$B$3:$E$14,COLUMN(F$26)-COLUMN($C$26),0) -> 1.1 | H38: =VLOOKUP($D38,$B$3:$E$14,COLUMN(G$26)-COLUMN($C$26),0) -> 1 | I38: 1 | J38: 1 | K38: 1 | L38: 1 | M38: =SUM(I38:L38) -> 4 | N38: =VLOOKUP(C38,$B$14:$C$16,2,0) -> 0.8 | O38: =I38*F38*$N38 -> 0.72 | P38: =J38*G38*$N38*VLOOKUP($E38,$B$18:$D$20,2,0) -> 0.88 | Q38: =K38*G38*$N38*VLOOKUP($E38,$B$18:$D$20,3,0) -> 0.704 | R38: =L38*H38*$N38 -> 0.8 | S38: =ROUND(O38*养成属性规划!$D$36,0) -> 3600 | T38: =S38*角色升级升阶!$C$5 -> 288 | U38: =ROUND(P38*养成属性规划!$E$36,0) -> 1320 | V38: =U38*角色升级升阶!$C$5 -> 105.6 | W38: =ROUND(Q38*养成属性规划!$E$36,0) -> 1056 | X38: =W38*角色升级升阶!$C$5 -> 84.48 | Y38: =ROUND(R38*养成属性规划!$F$36,0) -> 800 | Z38: =Y38*角色升级升阶!$C$5 -> 64 | AA38: =ROUND(角色星盘!C$23*O38,2) -> 306.72 | AB38: =ROUND(角色星盘!D$23*P38,2) -> 112.64 | AC38: =ROUND(角色星盘!D$23*Q38,2) -> 90.11 | AD38: =ROUND(角色星盘!E$23*R38,2) -> 68 | AE38: 攻击百分比 | AF38: 暴击等级 | AG38: 暴击伤害等级 | AH38: 1 | AI38: 1 | AJ38: 1 | AK38: 1 | AL38: =VLOOKUP(C38,专武!$M$45:$N$47,2,0) -> 0.9 | AM38: =F38*AH38*$AL38 -> 0.81 | AN38: =G38*AI38*$AL38*VLOOKUP($E38,$B$18:$D$20,2,0) -> 0.99 | AO38: =G38*AJ38*$AL38*VLOOKUP($E38,$B$18:$D$20,3,0) -> 0.792 | AP38: =H38*AK38*$AL38 -> 0.9 | AQ38: =AM38*专武!B$27 -> 2430 | AR38: =ROUND(AQ38/专武!$C$19*专武!$C$20,2) -> 229.5 | AS38: =AN38*专武!C$27 -> 891 | AT38: =ROUND(AS38/专武!$C$19*专武!$C$20,2) -> 84.15 | AU38: =AO38*专武!C$27 -> 712.8 | AV38: =ROUND(AU38/专武!$C$19*专武!$C$20,2) -> 67.32 | AW38: =AP38*专武!D$27 -> 540 | AX38: =ROUND(AW38/专武!$C$19*专武!$C$20,2) -> 51 | AY38: 普攻伤害加成 | AZ38: 物理伤害加成 | BA38: 暴击伤害等级
B39: 大暑 | C39: SR | D39: 坦克（生命） | E39: 物理 | F39: =VLOOKUP($D39,$B$3:$E$14,COLUMN(E$26)-COLUMN($C$26),0) -> 1.4 | G39: =VLOOKUP($D39,$B$3:$E$14,COLUMN(F$26)-COLUMN($C$26),0) -> 0.6 | H39: =VLOOKUP($D39,$B$3:$E$14,COLUMN(G$26)-COLUMN($C$26),0) -> 1 | I39: 1 | J39: 1 | K39: 1 | L39: 1 | M39: =SUM(I39:L39) -> 4 | N39: =VLOOKUP(C39,$B$14:$C$16,2,0) -> 0.8 | O39: =I39*F39*$N39 -> 1.12 | P39: =J39*G39*$N39*VLOOKUP($E39,$B$18:$D$20,2,0) -> 0.48 | Q39: =K39*G39*$N39*VLOOKUP($E39,$B$18:$D$20,3,0) -> 0.384 | R39: =L39*H39*$N39 -> 0.8 | S39: =ROUND(O39*养成属性规划!$D$36,0) -> 5600 | T39: =S39*角色升级升阶!$C$5 -> 448 | U39: =ROUND(P39*养成属性规划!$E$36,0) -> 720 | V39: =U39*角色升级升阶!$C$5 -> 57.6 | W39: =ROUND(Q39*养成属性规划!$E$36,0) -> 576 | X39: =W39*角色升级升阶!$C$5 -> 46.08 | Y39: =ROUND(R39*养成属性规划!$F$36,0) -> 800 | Z39: =Y39*角色升级升阶!$C$5 -> 64 | AA39: =ROUND(角色星盘!C$23*O39,2) -> 477.12 | AB39: =ROUND(角色星盘!D$23*P39,2) -> 61.44 | AC39: =ROUND(角色星盘!D$23*Q39,2) -> 49.15 | AD39: =ROUND(角色星盘!E$23*R39,2) -> 68 | AE39: 防御百分比 | AF39: 生命值百分比 | AG39: 技能冷却等级 | AH39: 1 | AI39: 1 | AJ39: 1 | AK39: 1 | AL39: =VLOOKUP(C39,专武!$M$45:$N$47,2,0) -> 0.9 | AM39: =F39*AH39*$AL39 -> 1.26 | AN39: =G39*AI39*$AL39*VLOOKUP($E39,$B$18:$D$20,2,0) -> 0.54 | AO39: =G39*AJ39*$AL39*VLOOKUP($E39,$B$18:$D$20,3,0) -> 0.432 | AP39: =H39*AK39*$AL39 -> 0.9 | AQ39: =AM39*专武!B$27 -> 3780 | AR39: =ROUND(AQ39/专武!$C$19*专武!$C$20,2) -> 357 | AS39: =AN39*专武!C$27 -> 486 | AT39: =ROUND(AS39/专武!$C$19*专武!$C$20,2) -> 45.9 | AU39: =AO39*专武!C$27 -> 388.8 | AV39: =ROUND(AU39/专武!$C$19*专武!$C$20,2) -> 36.72 | AW39: =AP39*专武!D$27 -> 540 | AX39: =ROUND(AW39/专武!$C$19*专武!$C$20,2) -> 51 | AY39: 防御百分比 | AZ39: 能量回复等级 | BA39: 技能冷却等级
B40: 阿芭 | C40: SSR | D40: 坦克（输出） | E40: 魔法 | F40: =VLOOKUP($D40,$B$3:$E$14,COLUMN(E$26)-COLUMN($C$26),0) -> 1.2 | G40: =VLOOKUP($D40,$B$3:$E$14,COLUMN(F$26)-COLUMN($C$26),0) -> 0.7 | H40: =VLOOKUP($D40,$B$3:$E$14,COLUMN(G$26)-COLUMN($C$26),0) -> 1.1 | I40: 0.99 | J40: 1.01 | K40: 1.05 | L40: 0.95 | M40: =SUM(I40:L40) -> 4 | N40: =VLOOKUP(C40,$B$14:$C$16,2,0) -> 1 | O40: =I40*F40*$N40 -> 1.188 | P40: =J40*G40*$N40*VLOOKUP($E40,$B$18:$D$20,2,0) -> 0.5656 | Q40: =K40*G40*$N40*VLOOKUP($E40,$B$18:$D$20,3,0) -> 0.735 | R40: =L40*H40*$N40 -> 1.045 | S40: =ROUND(O40*养成属性规划!$D$36,0) -> 5940 | T40: =S40*角色升级升阶!$C$5 -> 475.2 | U40: =ROUND(P40*养成属性规划!$E$36,0) -> 848 | V40: =U40*角色升级升阶!$C$5 -> 67.84 | W40: =ROUND(Q40*养成属性规划!$E$36,0) -> 1103 | X40: =W40*角色升级升阶!$C$5 -> 88.24 | Y40: =ROUND(R40*养成属性规划!$F$36,0) -> 1045 | Z40: =Y40*角色升级升阶!$C$5 -> 83.6 | AA40: =ROUND(角色星盘!C$23*O40,2) -> 506.09 | AB40: =ROUND(角色星盘!D$23*P40,2) -> 72.4 | AC40: =ROUND(角色星盘!D$23*Q40,2) -> 94.08 | AD40: =ROUND(角色星盘!E$23*R40,2) -> 88.83 | AE40: 攻击百分比 | AF40: 必杀伤害加成 | AG40: 暴击等级 | AH40: =I40 -> 0.99 | AI40: =J40 -> 1.01 | AJ40: =K40 -> 1.05 | AK40: =L40 -> 0.95 | AL40: =VLOOKUP(C40,专武!$M$45:$N$47,2,0) -> 1 | AM40: =F40*AH40*$AL40 -> 1.188 | AN40: =G40*AI40*$AL40*VLOOKUP($E40,$B$18:$D$20,2,0) -> 0.5656 | AO40: =G40*AJ40*$AL40*VLOOKUP($E40,$B$18:$D$20,3,0) -> 0.735 | AP40: =H40*AK40*$AL40 -> 1.045 | AQ40: =AM40*专武!B$27 -> 3564 | AR40: =ROUND(AQ40/专武!$C$19*专武!$C$20,2) -> 336.6 | AS40: =AN40*专武!C$27 -> 509.04 | AT40: =ROUND(AS40/专武!$C$19*专武!$C$20,2) -> 48.08 | AU40: =AO40*专武!C$27 -> 661.5 | AV40: =ROUND(AU40/专武!$C$19*专武!$C$20,2) -> 62.48 | AW40: =AP40*专武!D$27 -> 627 | AX40: =ROUND(AW40/专武!$C$19*专武!$C$20,2) -> 59.22 | AY40: 攻击百分比 | AZ40: 魔法伤害加成 | BA40: 必杀伤害加成
B41: 陈双双 | C41: SR | D41: 辅助（攻击） | E41: 魔法 | F41: =VLOOKUP($D41,$B$3:$E$14,COLUMN(E$26)-COLUMN($C$26),0) -> 1 | G41: =VLOOKUP($D41,$B$3:$E$14,COLUMN(F$26)-COLUMN($C$26),0) -> 0.9 | H41: =VLOOKUP($D41,$B$3:$E$14,COLUMN(G$26)-COLUMN($C$26),0) -> 1.1 | I41: 1.02 | J41: 1.01 | K41: 1.05 | L41: 0.95 | M41: =SUM(I41:L41) -> 4.03 | N41: =VLOOKUP(C41,$B$14:$C$16,2,0) -> 0.8 | O41: =I41*F41*$N41 -> 0.816 | P41: =J41*G41*$N41*VLOOKUP($E41,$B$18:$D$20,2,0) -> 0.58176 | Q41: =K41*G41*$N41*VLOOKUP($E41,$B$18:$D$20,3,0) -> 0.756 | R41: =L41*H41*$N41 -> 0.836 | S41: =ROUND(O41*养成属性规划!$D$36,0) -> 4080 | T41: =S41*角色升级升阶!$C$5 -> 326.4 | U41: =ROUND(P41*养成属性规划!$E$36,0) -> 873 | V41: =U41*角色升级升阶!$C$5 -> 69.84 | W41: =ROUND(Q41*养成属性规划!$E$36,0) -> 1134 | X41: =W41*角色升级升阶!$C$5 -> 90.72 | Y41: =ROUND(R41*养成属性规划!$F$36,0) -> 836 | Z41: =Y41*角色升级升阶!$C$5 -> 66.88 | AA41: =ROUND(角色星盘!C$23*O41,2) -> 347.62 | AB41: =ROUND(角色星盘!D$23*P41,2) -> 74.47 | AC41: =ROUND(角色星盘!D$23*Q41,2) -> 96.77 | AD41: =ROUND(角色星盘!E$23*R41,2) -> 71.06 | AE41: 攻击百分比 | AF41: 治疗率 | AG41: 能量回复等级 | AH41: 1 | AI41: 1 | AJ41: 1 | AK41: 1 | AL41: =VLOOKUP(C41,专武!$M$45:$N$47,2,0) -> 0.9 | AM41: =F41*AH41*$AL41 -> 0.9 | AN41: =G41*AI41*$AL41*VLOOKUP($E41,$B$18:$D$20,2,0) -> 0.648 | AO41: =G41*AJ41*$AL41*VLOOKUP($E41,$B$18:$D$20,3,0) -> 0.81 | AP41: =H41*AK41*$AL41 -> 0.99 | AQ41: =AM41*专武!B$27 -> 2700 | AR41: =ROUND(AQ41/专武!$C$19*专武!$C$20,2) -> 255 | AS41: =AN41*专武!C$27 -> 583.2 | AT41: =ROUND(AS41/专武!$C$19*专武!$C$20,2) -> 55.08 | AU41: =AO41*专武!C$27 -> 729 | AV41: =ROUND(AU41/专武!$C$19*专武!$C$20,2) -> 68.85 | AW41: =AP41*专武!D$27 -> 594 | AX41: =ROUND(AW41/专武!$C$19*专武!$C$20,2) -> 56.1 | AY41: 治疗率 | AZ41: 魔法伤害加成 | BA41: 治疗率
B42: 克莉丝汀 | C42: SR | D42: 输出（战士） | E42: 物理 | F42: =VLOOKUP($D42,$B$3:$E$14,COLUMN(E$26)-COLUMN($C$26),0) -> 1.05 | G42: =VLOOKUP($D42,$B$3:$E$14,COLUMN(F$26)-COLUMN($C$26),0) -> 0.95 | H42: =VLOOKUP($D42,$B$3:$E$14,COLUMN(G$26)-COLUMN($C$26),0) -> 1 | I42: 1 | J42: 1.02 | K42: 1 | L42: 0.98 | M42: =SUM(I42:L42) -> 4 | N42: =VLOOKUP(C42,$B$14:$C$16,2,0) -> 0.8 | O42: =I42*F42*$N42 -> 0.84 | P42: =J42*G42*$N42*VLOOKUP($E42,$B$18:$D$20,2,0) -> 0.7752 | Q42: =K42*G42*$N42*VLOOKUP($E42,$B$18:$D$20,3,0) -> 0.608 | R42: =L42*H42*$N42 -> 0.784 | S42: =ROUND(O42*养成属性规划!$D$36,0) -> 4200 | T42: =S42*角色升级升阶!$C$5 -> 336 | U42: =ROUND(P42*养成属性规划!$E$36,0) -> 1163 | V42: =U42*角色升级升阶!$C$5 -> 93.04 | W42: =ROUND(Q42*养成属性规划!$E$36,0) -> 912 | X42: =W42*角色升级升阶!$C$5 -> 72.96 | Y42: =ROUND(R42*养成属性规划!$F$36,0) -> 784 | Z42: =Y42*角色升级升阶!$C$5 -> 62.72 | AA42: =ROUND(角色星盘!C$23*O42,2) -> 357.84 | AB42: =ROUND(角色星盘!D$23*P42,2) -> 99.23 | AC42: =ROUND(角色星盘!D$23*Q42,2) -> 77.82 | AD42: =ROUND(角色星盘!E$23*R42,2) -> 66.64 | AE42: 攻击百分比 | AF42: 必杀伤害加成 | AG42: 技能伤害加成 | AH42: 1 | AI42: 1 | AJ42: 1 | AK42: 1 | AL42: =VLOOKUP(C42,专武!$M$45:$N$47,2,0) -> 0.9 | AM42: =F42*AH42*$AL42 -> 0.945 | AN42: =G42*AI42*$AL42*VLOOKUP($E42,$B$18:$D$20,2,0) -> 0.855 | AO42: =G42*AJ42*$AL42*VLOOKUP($E42,$B$18:$D$20,3,0) -> 0.684 | AP42: =H42*AK42*$AL42 -> 0.9 | AQ42: =AM42*专武!B$27 -> 2835 | AR42: =ROUND(AQ42/专武!$C$19*专武!$C$20,2) -> 267.75 | AS42: =AN42*专武!C$27 -> 769.5 | AT42: =ROUND(AS42/专武!$C$19*专武!$C$20,2) -> 72.68 | AU42: =AO42*专武!C$27 -> 615.6 | AV42: =ROUND(AU42/专武!$C$19*专武!$C$20,2) -> 58.14 | AW42: =AP42*专武!D$27 -> 540 | AX42: =ROUND(AW42/专武!$C$19*专武!$C$20,2) -> 51 | AY42: 攻击百分比 | AZ42: 物理伤害加成 | BA42: 必杀伤害加成
B43: 阿莱克西娅 | C43: SR | D43: 辅助（生命） | E43: 魔法 | F43: =VLOOKUP($D43,$B$3:$E$14,COLUMN(E$26)-COLUMN($C$26),0) -> 1.2 | G43: =VLOOKUP($D43,$B$3:$E$14,COLUMN(F$26)-COLUMN($C$26),0) -> 0.85 | H43: =VLOOKUP($D43,$B$3:$E$14,COLUMN(G$26)-COLUMN($C$26),0) -> 0.95 | I43: 1.15 | J43: 0.95 | K43: 0.95 | L43: 1 | M43: =SUM(I43:L43) -> 4.05 | N43: =VLOOKUP(C43,$B$14:$C$16,2,0) -> 0.8 | O43: =I43*F43*$N43 -> 1.104 | P43: =J43*G43*$N43*VLOOKUP($E43,$B$18:$D$20,2,0) -> 0.5168 | Q43: =K43*G43*$N43*VLOOKUP($E43,$B$18:$D$20,3,0) -> 0.646 | R43: =L43*H43*$N43 -> 0.76 | S43: =ROUND(O43*养成属性规划!$D$36,0) -> 5520 | T43: =S43*角色升级升阶!$C$5 -> 441.6 | U43: =ROUND(P43*养成属性规划!$E$36,0) -> 775 | V43: =U43*角色升级升阶!$C$5 -> 62 | W43: =ROUND(Q43*养成属性规划!$E$36,0) -> 969 | X43: =W43*角色升级升阶!$C$5 -> 77.52 | Y43: =ROUND(R43*养成属性规划!$F$36,0) -> 760 | Z43: =Y43*角色升级升阶!$C$5 -> 60.8 | AA43: =ROUND(角色星盘!C$23*O43,2) -> 470.3 | AB43: =ROUND(角色星盘!D$23*P43,2) -> 66.15 | AC43: =ROUND(角色星盘!D$23*Q43,2) -> 82.69 | AD43: =ROUND(角色星盘!E$23*R43,2) -> 64.6 | AE43: 生命值百分比 | AF43: 治疗率 | AG43: 技能冷却等级 | AH43: 1 | AI43: 1 | AJ43: 1 | AK43: 1 | AL43: =VLOOKUP(C43,专武!$M$45:$N$47,2,0) -> 0.9 | AM43: =F43*AH43*$AL43 -> 1.08 | AN43: =G43*AI43*$AL43*VLOOKUP($E43,$B$18:$D$20,2,0) -> 0.612 | AO43: =G43*AJ43*$AL43*VLOOKUP($E43,$B$18:$D$20,3,0) -> 0.765 | AP43: =H43*AK43*$AL43 -> 0.855 | AQ43: =AM43*专武!B$27 -> 3240 | AR43: =ROUND(AQ43/专武!$C$19*专武!$C$20,2) -> 306 | AS43: =AN43*专武!C$27 -> 550.8 | AT43: =ROUND(AS43/专武!$C$19*专武!$C$20,2) -> 52.02 | AU43: =AO43*专武!C$27 -> 688.5 | AV43: =ROUND(AU43/专武!$C$19*专武!$C$20,2) -> 65.03 | AW43: =AP43*专武!D$27 -> 513 | AX43: =ROUND(AW43/专武!$C$19*专武!$C$20,2) -> 48.45 | AY43: 生命值百分比 | AZ43: 魔法伤害加成 | BA43: 治疗率
B44: 艾德琳 | C44: SR | D44: 辅助（均衡） | E44: 魔法 | F44: =VLOOKUP($D44,$B$3:$E$14,COLUMN(E$26)-COLUMN($C$26),0) -> 1.1 | G44: =VLOOKUP($D44,$B$3:$E$14,COLUMN(F$26)-COLUMN($C$26),0) -> 0.85 | H44: =VLOOKUP($D44,$B$3:$E$14,COLUMN(G$26)-COLUMN($C$26),0) -> 1.05 | I44: 0.9 | J44: 0.9 | K44: 0.9 | L44: 1.1 | M44: =SUM(I44:L44) -> 3.8 | N44: =VLOOKUP(C44,$B$14:$C$16,2,0) -> 0.8 | O44: =I44*F44*$N44 -> 0.792 | P44: =J44*G44*$N44*VLOOKUP($E44,$B$18:$D$20,2,0) -> 0.4896 | Q44: =K44*G44*$N44*VLOOKUP($E44,$B$18:$D$20,3,0) -> 0.612 | R44: =L44*H44*$N44 -> 0.924 | S44: =ROUND(O44*养成属性规划!$D$36,0) -> 3960 | T44: =S44*角色升级升阶!$C$5 -> 316.8 | U44: =ROUND(P44*养成属性规划!$E$36,0) -> 734 | V44: =U44*角色升级升阶!$C$5 -> 58.72 | W44: =ROUND(Q44*养成属性规划!$E$36,0) -> 918 | X44: =W44*角色升级升阶!$C$5 -> 73.44 | Y44: =ROUND(R44*养成属性规划!$F$36,0) -> 924 | Z44: =Y44*角色升级升阶!$C$5 -> 73.92 | AA44: =ROUND(角色星盘!C$23*O44,2) -> 337.39 | AB44: =ROUND(角色星盘!D$23*P44,2) -> 62.67 | AC44: =ROUND(角色星盘!D$23*Q44,2) -> 78.34 | AD44: =ROUND(角色星盘!E$23*R44,2) -> 78.54 | AE44: 攻击百分比 | AF44: 能量回复等级 | AG44: 技能冷却等级 | AH44: 1 | AI44: 1 | AJ44: 1 | AK44: 1 | AL44: =VLOOKUP(C44,专武!$M$45:$N$47,2,0) -> 0.9 | AM44: =F44*AH44*$AL44 -> 0.99 | AN44: =G44*AI44*$AL44*VLOOKUP($E44,$B$18:$D$20,2,0) -> 0.612 | AO44: =G44*AJ44*$AL44*VLOOKUP($E44,$B$18:$D$20,3,0) -> 0.765 | AP44: =H44*AK44*$AL44 -> 0.945 | AQ44: =AM44*专武!B$27 -> 2970 | AR44: =ROUND(AQ44/专武!$C$19*专武!$C$20,2) -> 280.5 | AS44: =AN44*专武!C$27 -> 550.8 | AT44: =ROUND(AS44/专武!$C$19*专武!$C$20,2) -> 52.02 | AU44: =AO44*专武!C$27 -> 688.5 | AV44: =ROUND(AU44/专武!$C$19*专武!$C$20,2) -> 65.03 | AW44: =AP44*专武!D$27 -> 567 | AX44: =ROUND(AW44/专武!$C$19*专武!$C$20,2) -> 53.55 | AY44: 必杀伤害加成 | AZ44: 魔法伤害加成 | BA44: 能量回复等级
B45: 薇 | C45: SSR | D45: 输出（射手） | E45: 混合 | F45: =VLOOKUP($D45,$B$3:$E$14,COLUMN(E$26)-COLUMN($C$26),0) -> 0.9 | G45: =VLOOKUP($D45,$B$3:$E$14,COLUMN(F$26)-COLUMN($C$26),0) -> 1.1 | H45: =VLOOKUP($D45,$B$3:$E$14,COLUMN(G$26)-COLUMN($C$26),0) -> 1 | I45: 1 | J45: 1.05 | K45: 1.05 | L45: 1 | M45: =SUM(I45:L45) -> 4.1 | N45: =VLOOKUP(C45,$B$14:$C$16,2,0) -> 1 | O45: =I45*F45*$N45 -> 0.9 | P45: =J45*G45*$N45*VLOOKUP($E45,$B$18:$D$20,2,0) -> 1.09725 | Q45: =K45*G45*$N45*VLOOKUP($E45,$B$18:$D$20,3,0) -> 1.09725 | R45: =L45*H45*$N45 -> 1 | S45: =ROUND(O45*养成属性规划!$D$36,0) -> 4500 | T45: =S45*角色升级升阶!$C$5 -> 360 | U45: =ROUND(P45*养成属性规划!$E$36,0) -> 1646 | V45: =U45*角色升级升阶!$C$5 -> 131.68 | W45: =ROUND(Q45*养成属性规划!$E$36,0) -> 1646 | X45: =W45*角色升级升阶!$C$5 -> 131.68 | Y45: =ROUND(R45*养成属性规划!$F$36,0) -> 1000 | Z45: =Y45*角色升级升阶!$C$5 -> 80 | AA45: =ROUND(角色星盘!C$23*O45,2) -> 383.4 | AB45: =ROUND(角色星盘!D$23*P45,2) -> 140.45 | AC45: =ROUND(角色星盘!D$23*Q45,2) -> 140.45 | AD45: =ROUND(角色星盘!E$23*R45,2) -> 85 | AE45: 技能冷却等级 | AF45: 攻击百分比 | AG45: 攻击百分比 | AH45: =I45 -> 1 | AI45: =J45 -> 1.05 | AJ45: =K45 -> 1.05 | AK45: =L45 -> 1 | AL45: =VLOOKUP(C45,专武!$M$45:$N$47,2,0) -> 1 | AM45: =F45*AH45*$AL45 -> 0.9 | AN45: =G45*AI45*$AL45*VLOOKUP($E45,$B$18:$D$20,2,0) -> 1.09725 | AO45: =G45*AJ45*$AL45*VLOOKUP($E45,$B$18:$D$20,3,0) -> 1.09725 | AP45: =H45*AK45*$AL45 -> 1 | AQ45: =AM45*专武!B$27 -> 2700 | AR45: =ROUND(AQ45/专武!$C$19*专武!$C$20,2) -> 255 | AS45: =AN45*专武!C$27 -> 987.525 | AT45: =ROUND(AS45/专武!$C$19*专武!$C$20,2) -> 93.27 | AU45: =AO45*专武!C$27 -> 987.525 | AV45: =ROUND(AU45/专武!$C$19*专武!$C$20,2) -> 93.27 | AW45: =AP45*专武!D$27 -> 600 | AX45: =ROUND(AW45/专武!$C$19*专武!$C$20,2) -> 56.67 | AY45: 普攻伤害加成 | AZ45: 物理伤害加成 | BA45: 暴击等级
B46: 埃莉诺 | C46: SR | D46: 辅助（生命） | E46: 魔法 | F46: =VLOOKUP($D46,$B$3:$E$14,COLUMN(E$26)-COLUMN($C$26),0) -> 1.2 | G46: =VLOOKUP($D46,$B$3:$E$14,COLUMN(F$26)-COLUMN($C$26),0) -> 0.85 | H46: =VLOOKUP($D46,$B$3:$E$14,COLUMN(G$26)-COLUMN($C$26),0) -> 0.95 | I46: 1.1 | J46: 0.95 | K46: 0.95 | L46: 1.05 | M46: =SUM(I46:L46) -> 4.05 | N46: =VLOOKUP(C46,$B$14:$C$16,2,0) -> 0.8 | O46: =I46*F46*$N46 -> 1.056 | P46: =J46*G46*$N46*VLOOKUP($E46,$B$18:$D$20,2,0) -> 0.5168 | Q46: =K46*G46*$N46*VLOOKUP($E46,$B$18:$D$20,3,0) -> 0.646 | R46: =L46*H46*$N46 -> 0.798 | S46: =ROUND(O46*养成属性规划!$D$36,0) -> 5280 | T46: =S46*角色升级升阶!$C$5 -> 422.4 | U46: =ROUND(P46*养成属性规划!$E$36,0) -> 775 | V46: =U46*角色升级升阶!$C$5 -> 62 | W46: =ROUND(Q46*养成属性规划!$E$36,0) -> 969 | X46: =W46*角色升级升阶!$C$5 -> 77.52 | Y46: =ROUND(R46*养成属性规划!$F$36,0) -> 798 | Z46: =Y46*角色升级升阶!$C$5 -> 63.84 | AA46: =ROUND(角色星盘!C$23*O46,2) -> 449.86 | AB46: =ROUND(角色星盘!D$23*P46,2) -> 66.15 | AC46: =ROUND(角色星盘!D$23*Q46,2) -> 82.69 | AD46: =ROUND(角色星盘!E$23*R46,2) -> 67.83 | AE46: 生命值百分比 | AF46: 能量回复等级 | AG46: 技能冷却等级 | AH46: 1 | AI46: 1 | AJ46: 1 | AK46: 1 | AL46: =VLOOKUP(C46,专武!$M$45:$N$47,2,0) -> 0.9 | AM46: =F46*AH46*$AL46 -> 1.08 | AN46: =G46*AI46*$AL46*VLOOKUP($E46,$B$18:$D$20,2,0) -> 0.612 | AO46: =G46*AJ46*$AL46*VLOOKUP($E46,$B$18:$D$20,3,0) -> 0.765 | AP46: =H46*AK46*$AL46 -> 0.855 | AQ46: =AM46*专武!B$27 -> 3240 | AR46: =ROUND(AQ46/专武!$C$19*专武!$C$20,2) -> 306 | AS46: =AN46*专武!C$27 -> 550.8 | AT46: =ROUND(AS46/专武!$C$19*专武!$C$20,2) -> 52.02 | AU46: =AO46*专武!C$27 -> 688.5 | AV46: =ROUND(AU46/专武!$C$19*专武!$C$20,2) -> 65.03 | AW46: =AP46*专武!D$27 -> 513 | AX46: =ROUND(AW46/专武!$C$19*专武!$C$20,2) -> 48.45 | AY46: 生命值百分比 | AZ46: 能量回复等级 | BA46: 暴击等级
B47: 乔一 | C47: SR | D47: 输出（法师） | E47: 物理 | F47: =VLOOKUP($D47,$B$3:$E$14,COLUMN(E$26)-COLUMN($C$26),0) -> 0.8 | G47: =VLOOKUP($D47,$B$3:$E$14,COLUMN(F$26)-COLUMN($C$26),0) -> 1.2 | H47: =VLOOKUP($D47,$B$3:$E$14,COLUMN(G$26)-COLUMN($C$26),0) -> 1 | I47: 0.96 | J47: 1.03 | K47: 1 | L47: 0.98 | M47: =SUM(I47:L47) -> 3.97 | N47: =VLOOKUP(C47,$B$14:$C$16,2,0) -> 0.8 | O47: =I47*F47*$N47 -> 0.6144 | P47: =J47*G47*$N47*VLOOKUP($E47,$B$18:$D$20,2,0) -> 0.9888 | Q47: =K47*G47*$N47*VLOOKUP($E47,$B$18:$D$20,3,0) -> 0.768 | R47: =L47*H47*$N47 -> 0.784 | S47: =ROUND(O47*养成属性规划!$D$36,0) -> 3072 | T47: =S47*角色升级升阶!$C$5 -> 245.76 | U47: =ROUND(P47*养成属性规划!$E$36,0) -> 1483 | V47: =U47*角色升级升阶!$C$5 -> 118.64 | W47: =ROUND(Q47*养成属性规划!$E$36,0) -> 1152 | X47: =W47*角色升级升阶!$C$5 -> 92.16 | Y47: =ROUND(R47*养成属性规划!$F$36,0) -> 784 | Z47: =Y47*角色升级升阶!$C$5 -> 62.72 | AA47: =ROUND(角色星盘!C$23*O47,2) -> 261.73 | AB47: =ROUND(角色星盘!D$23*P47,2) -> 126.57 | AC47: =ROUND(角色星盘!D$23*Q47,2) -> 98.3 | AD47: =ROUND(角色星盘!E$23*R47,2) -> 66.64 | AE47: 攻击百分比 | AF47: 必杀伤害加成 | AG47: 暴击等级 | AH47: 1 | AI47: 1 | AJ47: 1 | AK47: 1 | AL47: =VLOOKUP(C47,专武!$M$45:$N$47,2,0) -> 0.9 | AM47: =F47*AH47*$AL47 -> 0.72 | AN47: =G47*AI47*$AL47*VLOOKUP($E47,$B$18:$D$20,2,0) -> 1.08 | AO47: =G47*AJ47*$AL47*VLOOKUP($E47,$B$18:$D$20,3,0) -> 0.864 | AP47: =H47*AK47*$AL47 -> 0.9 | AQ47: =AM47*专武!B$27 -> 2160 | AR47: =ROUND(AQ47/专武!$C$19*专武!$C$20,2) -> 204 | AS47: =AN47*专武!C$27 -> 972 | AT47: =ROUND(AS47/专武!$C$19*专武!$C$20,2) -> 91.8 | AU47: =AO47*专武!C$27 -> 777.6 | AV47: =ROUND(AU47/专武!$C$19*专武!$C$20,2) -> 73.44 | AW47: =AP47*专武!D$27 -> 540 | AX47: =ROUND(AW47/专武!$C$19*专武!$C$20,2) -> 51 | AY47: 攻击百分比 | AZ47: 物理伤害加成 | BA47: 必杀伤害加成
B48: 塞拉菲娜 | C48: SR | D48: 输出（射手） | E48: 物理 | F48: =VLOOKUP($D48,$B$3:$E$14,COLUMN(E$26)-COLUMN($C$26),0) -> 0.9 | G48: =VLOOKUP($D48,$B$3:$E$14,COLUMN(F$26)-COLUMN($C$26),0) -> 1.1 | H48: =VLOOKUP($D48,$B$3:$E$14,COLUMN(G$26)-COLUMN($C$26),0) -> 1 | I48: 0.97 | J48: 1.05 | K48: 1 | L48: 1.05 | M48: =SUM(I48:L48) -> 4.07 | N48: =VLOOKUP(C48,$B$14:$C$16,2,0) -> 0.8 | O48: =I48*F48*$N48 -> 0.6984 | P48: =J48*G48*$N48*VLOOKUP($E48,$B$18:$D$20,2,0) -> 0.924 | Q48: =K48*G48*$N48*VLOOKUP($E48,$B$18:$D$20,3,0) -> 0.704 | R48: =L48*H48*$N48 -> 0.84 | S48: =ROUND(O48*养成属性规划!$D$36,0) -> 3492 | T48: =S48*角色升级升阶!$C$5 -> 279.36 | U48: =ROUND(P48*养成属性规划!$E$36,0) -> 1386 | V48: =U48*角色升级升阶!$C$5 -> 110.88 | W48: =ROUND(Q48*养成属性规划!$E$36,0) -> 1056 | X48: =W48*角色升级升阶!$C$5 -> 84.48 | Y48: =ROUND(R48*养成属性规划!$F$36,0) -> 840 | Z48: =Y48*角色升级升阶!$C$5 -> 67.2 | AA48: =ROUND(角色星盘!C$23*O48,2) -> 297.52 | AB48: =ROUND(角色星盘!D$23*P48,2) -> 118.27 | AC48: =ROUND(角色星盘!D$23*Q48,2) -> 90.11 | AD48: =ROUND(角色星盘!E$23*R48,2) -> 71.4 | AE48: 攻击百分比 | AF48: 普攻伤害加成 | AG48: 暴击等级 | AH48: 1 | AI48: 1 | AJ48: 1 | AK48: 1 | AL48: =VLOOKUP(C48,专武!$M$45:$N$47,2,0) -> 0.9 | AM48: =F48*AH48*$AL48 -> 0.81 | AN48: =G48*AI48*$AL48*VLOOKUP($E48,$B$18:$D$20,2,0) -> 0.99 | AO48: =G48*AJ48*$AL48*VLOOKUP($E48,$B$18:$D$20,3,0) -> 0.792 | AP48: =H48*AK48*$AL48 -> 0.9 | AQ48: =AM48*专武!B$27 -> 2430 | AR48: =ROUND(AQ48/专武!$C$19*专武!$C$20,2) -> 229.5 | AS48: =AN48*专武!C$27 -> 891 | AT48: =ROUND(AS48/专武!$C$19*专武!$C$20,2) -> 84.15 | AU48: =AO48*专武!C$27 -> 712.8 | AV48: =ROUND(AU48/专武!$C$19*专武!$C$20,2) -> 67.32 | AW48: =AP48*专武!D$27 -> 540 | AX48: =ROUND(AW48/专武!$C$19*专武!$C$20,2) -> 51 | AY48: 暴击伤害等级 | AZ48: 物理伤害加成 | BA48: 暴击等级
B49: 桑塔 | C49: SR | D49: 输出（战士） | E49: 物理 | F49: =VLOOKUP($D49,$B$3:$E$14,COLUMN(E$26)-COLUMN($C$26),0) -> 1.05 | G49: =VLOOKUP($D49,$B$3:$E$14,COLUMN(F$26)-COLUMN($C$26),0) -> 0.95 | H49: =VLOOKUP($D49,$B$3:$E$14,COLUMN(G$26)-COLUMN($C$26),0) -> 1 | I49: 0.98 | J49: 0.98 | K49: 1.02 | L49: 1.04 | M49: =SUM(I49:L49) -> 4.02 | N49: =VLOOKUP(C49,$B$14:$C$16,2,0) -> 0.8 | O49: =I49*F49*$N49 -> 0.8232 | P49: =J49*G49*$N49*VLOOKUP($E49,$B$18:$D$20,2,0) -> 0.7448 | Q49: =K49*G49*$N49*VLOOKUP($E49,$B$18:$D$20,3,0) -> 0.62016 | R49: =L49*H49*$N49 -> 0.832 | S49: =ROUND(O49*养成属性规划!$D$36,0) -> 4116 | T49: =S49*角色升级升阶!$C$5 -> 329.28 | U49: =ROUND(P49*养成属性规划!$E$36,0) -> 1117 | V49: =U49*角色升级升阶!$C$5 -> 89.36 | W49: =ROUND(Q49*养成属性规划!$E$36,0) -> 930 | X49: =W49*角色升级升阶!$C$5 -> 74.4 | Y49: =ROUND(R49*养成属性规划!$F$36,0) -> 832 | Z49: =Y49*角色升级升阶!$C$5 -> 66.56 | AA49: =ROUND(角色星盘!C$23*O49,2) -> 350.68 | AB49: =ROUND(角色星盘!D$23*P49,2) -> 95.33 | AC49: =ROUND(角色星盘!D$23*Q49,2) -> 79.38 | AD49: =ROUND(角色星盘!E$23*R49,2) -> 70.72 | AE49: 攻击百分比 | AF49: 暴击等级 | AG49: 普攻伤害加成 | AH49: 1 | AI49: 1 | AJ49: 1 | AK49: 1 | AL49: =VLOOKUP(C49,专武!$M$45:$N$47,2,0) -> 0.9 | AM49: =F49*AH49*$AL49 -> 0.945 | AN49: =G49*AI49*$AL49*VLOOKUP($E49,$B$18:$D$20,2,0) -> 0.855 | AO49: =G49*AJ49*$AL49*VLOOKUP($E49,$B$18:$D$20,3,0) -> 0.684 | AP49: =H49*AK49*$AL49 -> 0.9 | AQ49: =AM49*专武!B$27 -> 2835 | AR49: =ROUND(AQ49/专武!$C$19*专武!$C$20,2) -> 267.75 | AS49: =AN49*专武!C$27 -> 769.5 | AT49: =ROUND(AS49/专武!$C$19*专武!$C$20,2) -> 72.68 | AU49: =AO49*专武!C$27 -> 615.6 | AV49: =ROUND(AU49/专武!$C$19*专武!$C$20,2) -> 58.14 | AW49: =AP49*专武!D$27 -> 540 | AX49: =ROUND(AW49/专武!$C$19*专武!$C$20,2) -> 51 | AY49: 攻击百分比 | AZ49: 物理伤害加成 | BA49: 暴击伤害等级
B50: 卡斯帕 | C50: SR | D50: 辅助（均衡） | E50: 物理 | F50: =VLOOKUP($D50,$B$3:$E$14,COLUMN(E$26)-COLUMN($C$26),0) -> 1.1 | G50: =VLOOKUP($D50,$B$3:$E$14,COLUMN(F$26)-COLUMN($C$26),0) -> 0.85 | H50: =VLOOKUP($D50,$B$3:$E$14,COLUMN(G$26)-COLUMN($C$26),0) -> 1.05 | I50: 1 | J50: 1.05 | K50: 0.97 | L50: 0.98 | M50: =SUM(I50:L50) -> 4 | N50: =VLOOKUP(C50,$B$14:$C$16,2,0) -> 0.8 | O50: =I50*F50*$N50 -> 0.88 | P50: =J50*G50*$N50*VLOOKUP($E50,$B$18:$D$20,2,0) -> 0.714 | Q50: =K50*G50*$N50*VLOOKUP($E50,$B$18:$D$20,3,0) -> 0.52768 | R50: =L50*H50*$N50 -> 0.8232 | S50: =ROUND(O50*养成属性规划!$D$36,0) -> 4400 | T50: =S50*角色升级升阶!$C$5 -> 352 | U50: =ROUND(P50*养成属性规划!$E$36,0) -> 1071 | V50: =U50*角色升级升阶!$C$5 -> 85.68 | W50: =ROUND(Q50*养成属性规划!$E$36,0) -> 792 | X50: =W50*角色升级升阶!$C$5 -> 63.36 | Y50: =ROUND(R50*养成属性规划!$F$36,0) -> 823 | Z50: =Y50*角色升级升阶!$C$5 -> 65.84 | AA50: =ROUND(角色星盘!C$23*O50,2) -> 374.88 | AB50: =ROUND(角色星盘!D$23*P50,2) -> 91.39 | AC50: =ROUND(角色星盘!D$23*Q50,2) -> 67.54 | AD50: =ROUND(角色星盘!E$23*R50,2) -> 69.97 | AE50: 攻击百分比 | AF50: 技能冷却等级 | AG50: 能量回复等级 | AH50: 1 | AI50: 1 | AJ50: 1 | AK50: 1 | AL50: =VLOOKUP(C50,专武!$M$45:$N$47,2,0) -> 0.9 | AM50: =F50*AH50*$AL50 -> 0.99 | AN50: =G50*AI50*$AL50*VLOOKUP($E50,$B$18:$D$20,2,0) -> 0.765 | AO50: =G50*AJ50*$AL50*VLOOKUP($E50,$B$18:$D$20,3,0) -> 0.612 | AP50: =H50*AK50*$AL50 -> 0.945 | AQ50: =AM50*专武!B$27 -> 2970 | AR50: =ROUND(AQ50/专武!$C$19*专武!$C$20,2) -> 280.5 | AS50: =AN50*专武!C$27 -> 688.5 | AT50: =ROUND(AS50/专武!$C$19*专武!$C$20,2) -> 65.03 | AU50: =AO50*专武!C$27 -> 550.8 | AV50: =ROUND(AU50/专武!$C$19*专武!$C$20,2) -> 52.02 | AW50: =AP50*专武!D$27 -> 567 | AX50: =ROUND(AW50/专武!$C$19*专武!$C$20,2) -> 53.55 | AY50: 攻击百分比 | AZ50: 物理伤害加成 | BA50: 技能冷却等级
B51: 梅梅 | C51: SR | D51: 输出（战士） | E51: 物理 | F51: =VLOOKUP($D51,$B$3:$E$14,COLUMN(E$26)-COLUMN($C$26),0) -> 1.05 | G51: =VLOOKUP($D51,$B$3:$E$14,COLUMN(F$26)-COLUMN($C$26),0) -> 0.95 | H51: =VLOOKUP($D51,$B$3:$E$14,COLUMN(G$26)-COLUMN($C$26),0) -> 1 | I51: 1.05 | J51: 1.01 | K51: 0.98 | L51: 0.95 | M51: =SUM(I51:L51) -> 3.99 | N51: =VLOOKUP(C51,$B$14:$C$16,2,0) -> 0.8 | O51: =I51*F51*$N51 -> 0.882 | P51: =J51*G51*$N51*VLOOKUP($E51,$B$18:$D$20,2,0) -> 0.7676 | Q51: =K51*G51*$N51*VLOOKUP($E51,$B$18:$D$20,3,0) -> 0.59584 | R51: =L51*H51*$N51 -> 0.76 | S51: =ROUND(O51*养成属性规划!$D$36,0) -> 4410 | T51: =S51*角色升级升阶!$C$5 -> 352.8 | U51: =ROUND(P51*养成属性规划!$E$36,0) -> 1151 | V51: =U51*角色升级升阶!$C$5 -> 92.08 | W51: =ROUND(Q51*养成属性规划!$E$36,0) -> 894 | X51: =W51*角色升级升阶!$C$5 -> 71.52 | Y51: =ROUND(R51*养成属性规划!$F$36,0) -> 760 | Z51: =Y51*角色升级升阶!$C$5 -> 60.8 | AA51: =ROUND(角色星盘!C$23*O51,2) -> 375.73 | AB51: =ROUND(角色星盘!D$23*P51,2) -> 98.25 | AC51: =ROUND(角色星盘!D$23*Q51,2) -> 76.27 | AD51: =ROUND(角色星盘!E$23*R51,2) -> 64.6 | AE51: 攻击百分比 | AF51: 普攻伤害加成 | AG51: 暴击等级 | AH51: 1 | AI51: 1 | AJ51: 1 | AK51: 1 | AL51: =VLOOKUP(C51,专武!$M$45:$N$47,2,0) -> 0.9 | AM51: =F51*AH51*$AL51 -> 0.945 | AN51: =G51*AI51*$AL51*VLOOKUP($E51,$B$18:$D$20,2,0) -> 0.855 | AO51: =G51*AJ51*$AL51*VLOOKUP($E51,$B$18:$D$20,3,0) -> 0.684 | AP51: =H51*AK51*$AL51 -> 0.9 | AQ51: =AM51*专武!B$27 -> 2835 | AR51: =ROUND(AQ51/专武!$C$19*专武!$C$20,2) -> 267.75 | AS51: =AN51*专武!C$27 -> 769.5 | AT51: =ROUND(AS51/专武!$C$19*专武!$C$20,2) -> 72.68 | AU51: =AO51*专武!C$27 -> 615.6 | AV51: =ROUND(AU51/专武!$C$19*专武!$C$20,2) -> 58.14 | AW51: =AP51*专武!D$27 -> 540 | AX51: =ROUND(AW51/专武!$C$19*专武!$C$20,2) -> 51 | AY51: 普攻伤害加成 | AZ51: 物理伤害加成 | BA51: 暴击等级
B52: 马克 | C52: SR | D52: 辅助（攻击） | E52: 物理 | F52: =VLOOKUP($D52,$B$3:$E$14,COLUMN(E$26)-COLUMN($C$26),0) -> 1 | G52: =VLOOKUP($D52,$B$3:$E$14,COLUMN(F$26)-COLUMN($C$26),0) -> 0.9 | H52: =VLOOKUP($D52,$B$3:$E$14,COLUMN(G$26)-COLUMN($C$26),0) -> 1.1 | I52: 1.1 | J52: 0.9 | K52: 0.9 | L52: 1.05 | M52: =SUM(I52:L52) -> 3.95 | N52: =VLOOKUP(C52,$B$14:$C$16,2,0) -> 0.8 | O52: =I52*F52*$N52 -> 0.88 | P52: =J52*G52*$N52*VLOOKUP($E52,$B$18:$D$20,2,0) -> 0.648 | Q52: =K52*G52*$N52*VLOOKUP($E52,$B$18:$D$20,3,0) -> 0.5184 | R52: =L52*H52*$N52 -> 0.924 | S52: =ROUND(O52*养成属性规划!$D$36,0) -> 4400 | T52: =S52*角色升级升阶!$C$5 -> 352 | U52: =ROUND(P52*养成属性规划!$E$36,0) -> 972 | V52: =U52*角色升级升阶!$C$5 -> 77.76 | W52: =ROUND(Q52*养成属性规划!$E$36,0) -> 778 | X52: =W52*角色升级升阶!$C$5 -> 62.24 | Y52: =ROUND(R52*养成属性规划!$F$36,0) -> 924 | Z52: =Y52*角色升级升阶!$C$5 -> 73.92 | AA52: =ROUND(角色星盘!C$23*O52,2) -> 374.88 | AB52: =ROUND(角色星盘!D$23*P52,2) -> 82.94 | AC52: =ROUND(角色星盘!D$23*Q52,2) -> 66.36 | AD52: =ROUND(角色星盘!E$23*R52,2) -> 78.54 | AE52: 攻击百分比 | AF52: 必杀伤害加成 | AG52: 能量回复等级 | AH52: 1 | AI52: 1 | AJ52: 1 | AK52: 1 | AL52: =VLOOKUP(C52,专武!$M$45:$N$47,2,0) -> 0.9 | AM52: =F52*AH52*$AL52 -> 0.9 | AN52: =G52*AI52*$AL52*VLOOKUP($E52,$B$18:$D$20,2,0) -> 0.81 | AO52: =G52*AJ52*$AL52*VLOOKUP($E52,$B$18:$D$20,3,0) -> 0.648 | AP52: =H52*AK52*$AL52 -> 0.99 | AQ52: =AM52*专武!B$27 -> 2700 | AR52: =ROUND(AQ52/专武!$C$19*专武!$C$20,2) -> 255 | AS52: =AN52*专武!C$27 -> 729 | AT52: =ROUND(AS52/专武!$C$19*专武!$C$20,2) -> 68.85 | AU52: =AO52*专武!C$27 -> 583.2 | AV52: =ROUND(AU52/专武!$C$19*专武!$C$20,2) -> 55.08 | AW52: =AP52*专武!D$27 -> 594 | AX52: =ROUND(AW52/专武!$C$19*专武!$C$20,2) -> 56.1 | AY52: 必杀伤害加成 | AZ52: 物理伤害加成 | BA52: 技能伤害加成
B53: 卡薇 | C53: SR | D53: 输出（法师） | E53: 魔法 | F53: =VLOOKUP($D53,$B$3:$E$14,COLUMN(E$26)-COLUMN($C$26),0) -> 0.8 | G53: =VLOOKUP($D53,$B$3:$E$14,COLUMN(F$26)-COLUMN($C$26),0) -> 1.2 | H53: =VLOOKUP($D53,$B$3:$E$14,COLUMN(G$26)-COLUMN($C$26),0) -> 1 | I53: 0.99 | J53: 1 | K53: 1 | L53: 1 | M53: =SUM(I53:L53) -> 3.99 | N53: =VLOOKUP(C53,$B$14:$C$16,2,0) -> 0.8 | O53: =I53*F53*$N53 -> 0.6336 | P53: =J53*G53*$N53*VLOOKUP($E53,$B$18:$D$20,2,0) -> 0.768 | Q53: =K53*G53*$N53*VLOOKUP($E53,$B$18:$D$20,3,0) -> 0.96 | R53: =L53*H53*$N53 -> 0.8 | S53: =ROUND(O53*养成属性规划!$D$36,0) -> 3168 | T53: =S53*角色升级升阶!$C$5 -> 253.44 | U53: =ROUND(P53*养成属性规划!$E$36,0) -> 1152 | V53: =U53*角色升级升阶!$C$5 -> 92.16 | W53: =ROUND(Q53*养成属性规划!$E$36,0) -> 1440 | X53: =W53*角色升级升阶!$C$5 -> 115.2 | Y53: =ROUND(R53*养成属性规划!$F$36,0) -> 800 | Z53: =Y53*角色升级升阶!$C$5 -> 64 | AA53: =ROUND(角色星盘!C$23*O53,2) -> 269.91 | AB53: =ROUND(角色星盘!D$23*P53,2) -> 98.3 | AC53: =ROUND(角色星盘!D$23*Q53,2) -> 122.88 | AD53: =ROUND(角色星盘!E$23*R53,2) -> 68 | AE53: 攻击百分比 | AF53: 必杀伤害加成 | AG53: 技能伤害加成 | AH53: 1 | AI53: 1 | AJ53: 1 | AK53: 1 | AL53: =VLOOKUP(C53,专武!$M$45:$N$47,2,0) -> 0.9 | AM53: =F53*AH53*$AL53 -> 0.72 | AN53: =G53*AI53*$AL53*VLOOKUP($E53,$B$18:$D$20,2,0) -> 0.864 | AO53: =G53*AJ53*$AL53*VLOOKUP($E53,$B$18:$D$20,3,0) -> 1.08 | AP53: =H53*AK53*$AL53 -> 0.9 | AQ53: =AM53*专武!B$27 -> 2160 | AR53: =ROUND(AQ53/专武!$C$19*专武!$C$20,2) -> 204 | AS53: =AN53*专武!C$27 -> 777.6 | AT53: =ROUND(AS53/专武!$C$19*专武!$C$20,2) -> 73.44 | AU53: =AO53*专武!C$27 -> 972 | AV53: =ROUND(AU53/专武!$C$19*专武!$C$20,2) -> 91.8 | AW53: =AP53*专武!D$27 -> 540 | AX53: =ROUND(AW53/专武!$C$19*专武!$C$20,2) -> 51 | AY53: 攻击百分比 | AZ53: 魔法伤害加成 | BA53: 必杀伤害加成
B54: 凯兰 | C54: SR | D54: 辅助（均衡） | E54: 魔法 | F54: =VLOOKUP($D54,$B$3:$E$14,COLUMN(E$26)-COLUMN($C$26),0) -> 1.1 | G54: =VLOOKUP($D54,$B$3:$E$14,COLUMN(F$26)-COLUMN($C$26),0) -> 0.85 | H54: =VLOOKUP($D54,$B$3:$E$14,COLUMN(G$26)-COLUMN($C$26),0) -> 1.05 | I54: 1.05 | J54: 0.95 | K54: 0.95 | L54: 0.95 | M54: =SUM(I54:L54) -> 3.9 | N54: =VLOOKUP(C54,$B$14:$C$16,2,0) -> 0.8 | O54: =I54*F54*$N54 -> 0.924 | P54: =J54*G54*$N54*VLOOKUP($E54,$B$18:$D$20,2,0) -> 0.5168 | Q54: =K54*G54*$N54*VLOOKUP($E54,$B$18:$D$20,3,0) -> 0.646 | R54: =L54*H54*$N54 -> 0.798 | S54: =ROUND(O54*养成属性规划!$D$36,0) -> 4620 | T54: =S54*角色升级升阶!$C$5 -> 369.6 | U54: =ROUND(P54*养成属性规划!$E$36,0) -> 775 | V54: =U54*角色升级升阶!$C$5 -> 62 | W54: =ROUND(Q54*养成属性规划!$E$36,0) -> 969 | X54: =W54*角色升级升阶!$C$5 -> 77.52 | Y54: =ROUND(R54*养成属性规划!$F$36,0) -> 798 | Z54: =Y54*角色升级升阶!$C$5 -> 63.84 | AA54: =ROUND(角色星盘!C$23*O54,2) -> 393.62 | AB54: =ROUND(角色星盘!D$23*P54,2) -> 66.15 | AC54: =ROUND(角色星盘!D$23*Q54,2) -> 82.69 | AD54: =ROUND(角色星盘!E$23*R54,2) -> 67.83 | AE54: 暴击等级 | AF54: 能量回复等级 | AG54: 技能冷却等级 | AH54: 1 | AI54: 1 | AJ54: 1 | AK54: 1 | AL54: =VLOOKUP(C54,专武!$M$45:$N$47,2,0) -> 0.9 | AM54: =F54*AH54*$AL54 -> 0.99 | AN54: =G54*AI54*$AL54*VLOOKUP($E54,$B$18:$D$20,2,0) -> 0.612 | AO54: =G54*AJ54*$AL54*VLOOKUP($E54,$B$18:$D$20,3,0) -> 0.765 | AP54: =H54*AK54*$AL54 -> 0.945 | AQ54: =AM54*专武!B$27 -> 2970 | AR54: =ROUND(AQ54/专武!$C$19*专武!$C$20,2) -> 280.5 | AS54: =AN54*专武!C$27 -> 550.8 | AT54: =ROUND(AS54/专武!$C$19*专武!$C$20,2) -> 52.02 | AU54: =AO54*专武!C$27 -> 688.5 | AV54: =ROUND(AU54/专武!$C$19*专武!$C$20,2) -> 65.03 | AW54: =AP54*专武!D$27 -> 567 | AX54: =ROUND(AW54/专武!$C$19*专武!$C$20,2) -> 53.55 | AY54: 暴击等级 | AZ54: 魔法伤害加成 | BA54: 能量回复等级
B55: 莫莉 | C55: SR | D55: 坦克（生命） | E55: 魔法 | F55: =VLOOKUP($D55,$B$3:$E$14,COLUMN(E$26)-COLUMN($C$26),0) -> 1.4 | G55: =VLOOKUP($D55,$B$3:$E$14,COLUMN(F$26)-COLUMN($C$26),0) -> 0.6 | H55: =VLOOKUP($D55,$B$3:$E$14,COLUMN(G$26)-COLUMN($C$26),0) -> 1 | I55: 1 | J55: 1 | K55: 1 | L55: 1.1 | M55: =SUM(I55:L55) -> 4.1 | N55: =VLOOKUP(C55,$B$14:$C$16,2,0) -> 0.8 | O55: =I55*F55*$N55 -> 1.12 | P55: =J55*G55*$N55*VLOOKUP($E55,$B$18:$D$20,2,0) -> 0.384 | Q55: =K55*G55*$N55*VLOOKUP($E55,$B$18:$D$20,3,0) -> 0.48 | R55: =L55*H55*$N55 -> 0.88 | S55: =ROUND(O55*养成属性规划!$D$36,0) -> 5600 | T55: =S55*角色升级升阶!$C$5 -> 448 | U55: =ROUND(P55*养成属性规划!$E$36,0) -> 576 | V55: =U55*角色升级升阶!$C$5 -> 46.08 | W55: =ROUND(Q55*养成属性规划!$E$36,0) -> 720 | X55: =W55*角色升级升阶!$C$5 -> 57.6 | Y55: =ROUND(R55*养成属性规划!$F$36,0) -> 880 | Z55: =Y55*角色升级升阶!$C$5 -> 70.4 | AA55: =ROUND(角色星盘!C$23*O55,2) -> 477.12 | AB55: =ROUND(角色星盘!D$23*P55,2) -> 49.15 | AC55: =ROUND(角色星盘!D$23*Q55,2) -> 61.44 | AD55: =ROUND(角色星盘!E$23*R55,2) -> 74.8 | AE55: 生命值百分比 | AF55: 攻击百分比 | AG55: 技能冷却等级 | AH55: 1 | AI55: 1 | AJ55: 1 | AK55: 1 | AL55: =VLOOKUP(C55,专武!$M$45:$N$47,2,0) -> 0.9 | AM55: =F55*AH55*$AL55 -> 1.26 | AN55: =G55*AI55*$AL55*VLOOKUP($E55,$B$18:$D$20,2,0) -> 0.432 | AO55: =G55*AJ55*$AL55*VLOOKUP($E55,$B$18:$D$20,3,0) -> 0.54 | AP55: =H55*AK55*$AL55 -> 0.9 | AQ55: =AM55*专武!B$27 -> 3780 | AR55: =ROUND(AQ55/专武!$C$19*专武!$C$20,2) -> 357 | AS55: =AN55*专武!C$27 -> 388.8 | AT55: =ROUND(AS55/专武!$C$19*专武!$C$20,2) -> 36.72 | AU55: =AO55*专武!C$27 -> 486 | AV55: =ROUND(AU55/专武!$C$19*专武!$C$20,2) -> 45.9 | AW55: =AP55*专武!D$27 -> 540 | AX55: =ROUND(AW55/专武!$C$19*专武!$C$20,2) -> 51 | AY55: 生命值百分比 | AZ55: 物理伤害加成 | BA55: 必杀伤害加成
B56: 桑尼 | C56: SR | D56: 坦克（生命） | E56: 物理 | F56: =VLOOKUP($D56,$B$3:$E$14,COLUMN(E$26)-COLUMN($C$26),0) -> 1.4 | G56: =VLOOKUP($D56,$B$3:$E$14,COLUMN(F$26)-COLUMN($C$26),0) -> 0.6 | H56: =VLOOKUP($D56,$B$3:$E$14,COLUMN(G$26)-COLUMN($C$26),0) -> 1 | I56: 1.03 | J56: 0.97 | K56: 0.97 | L56: 1.01 | M56: =SUM(I56:L56) -> 3.98 | N56: =VLOOKUP(C56,$B$14:$C$16,2,0) -> 0.8 | O56: =I56*F56*$N56 -> 1.1536 | P56: =J56*G56*$N56*VLOOKUP($E56,$B$18:$D$20,2,0) -> 0.4656 | Q56: =K56*G56*$N56*VLOOKUP($E56,$B$18:$D$20,3,0) -> 0.37248 | R56: =L56*H56*$N56 -> 0.808 | S56: =ROUND(O56*养成属性规划!$D$36,0) -> 5768 | T56: =S56*角色升级升阶!$C$5 -> 461.44 | U56: =ROUND(P56*养成属性规划!$E$36,0) -> 698 | V56: =U56*角色升级升阶!$C$5 -> 55.84 | W56: =ROUND(Q56*养成属性规划!$E$36,0) -> 559 | X56: =W56*角色升级升阶!$C$5 -> 44.72 | Y56: =ROUND(R56*养成属性规划!$F$36,0) -> 808 | Z56: =Y56*角色升级升阶!$C$5 -> 64.64 | AA56: =ROUND(角色星盘!C$23*O56,2) -> 491.43 | AB56: =ROUND(角色星盘!D$23*P56,2) -> 59.6 | AC56: =ROUND(角色星盘!D$23*Q56,2) -> 47.68 | AD56: =ROUND(角色星盘!E$23*R56,2) -> 68.68 | AE56: 生命值百分比 | AF56: 防御百分比 | AG56: 技能冷却等级 | AH56: 1 | AI56: 1 | AJ56: 1 | AK56: 1 | AL56: =VLOOKUP(C56,专武!$M$45:$N$47,2,0) -> 0.9 | AM56: =F56*AH56*$AL56 -> 1.26 | AN56: =G56*AI56*$AL56*VLOOKUP($E56,$B$18:$D$20,2,0) -> 0.54 | AO56: =G56*AJ56*$AL56*VLOOKUP($E56,$B$18:$D$20,3,0) -> 0.432 | AP56: =H56*AK56*$AL56 -> 0.9 | AQ56: =AM56*专武!B$27 -> 3780 | AR56: =ROUND(AQ56/专武!$C$19*专武!$C$20,2) -> 357 | AS56: =AN56*专武!C$27 -> 486 | AT56: =ROUND(AS56/专武!$C$19*专武!$C$20,2) -> 45.9 | AU56: =AO56*专武!C$27 -> 388.8 | AV56: =ROUND(AU56/专武!$C$19*专武!$C$20,2) -> 36.72 | AW56: =AP56*专武!D$27 -> 540 | AX56: =ROUND(AW56/专武!$C$19*专武!$C$20,2) -> 51 | AY56: 生命值百分比 | AZ56: 物理伤害加成 | BA56: 能量回复等级
