Workbook

Sheet 战斗属性
B2: 属性类别 | C2: 具体属性 | D2: 属性说明 | E2: 数据类型 | F2: 默认值 | G2: 展示位置 | H2: 备注
B3: 基础属性 | C3: 生命 | D3: 角色生命值，生命值为0角色死亡 | E3: int | F3: 0 | G3: 基础属性 | H3: 分为裸体属性和额外属性，裸体属性只包含角色基础、角色升级、角色能效
C4: 攻击 | D4: 影响战斗中角色物理伤害 | E4: int | F4: 0 | G4: 基础属性 | H4: 分为裸体属性和额外属性，裸体属性只包含角色基础、角色升级、角色能效
C5: 攻击 | D5: 影响战斗中角色魔法伤害 | E5: int | F5: 0 | G5: 基础属性 | H5: 分为裸体属性和额外属性，裸体属性只包含角色基础、角色升级、角色能效
C6: 防御力 | D6: 影响战斗中减伤效果 | E6: int | F6: 0 | G6: 基础属性 | H6: 分为裸体属性和额外属性，裸体属性只包含角色基础、角色升级、角色能效
B8: 战斗属性 | C8: 能量上限 | D8: 能量值上限，能量达到上限角色即可释放必杀技 | E8: int | F8: 100 | G8: 建议展示在必杀技能中 | H8: 达到该值时，角色可以释放必杀，建议配置在角色表
C9: 能量初始值 | D9: 角色进入战斗时初始的能量值 | E9: int | F9: 0 | G9: 建议展示在必杀技能中 | H9: 角色进入战斗时初始的能量值，建议配置在角色表
C10: 能量回复速度 | D10: 角色每秒获取的能量值 | E10: float | F10: 2.5 | G10: 进阶属性 | H10: 每秒能量的回复值
C11: 暴击 | D11: 影响战斗中造成暴击的概率 | E11: float | F11: 0.05 | G11: 进阶属性
C12: 暴击伤害 | D12: 影响战斗中造成暴击的伤害倍数 | E12: float | F12: 2 | G12: 进阶属性
C13: 闪避 | D13: 降低战斗中受到伤害的概率 | E13: float | F13: 0 | G13: 进阶属性 | H13: 暂时只在角色技能和被动中投放
C14: 命中 | D14: 影响战斗中造成伤害的概率 | E14: float | F14: 1 | G14: 进阶属性 | H14: 暂时只在角色技能和被动中投放
C15: 效果命中 | D15: 提高战斗中负面效果命中概率，暂时不使用，可以忽略 | E15: float | F15: 0 | G15: 进阶属性
C16: 效果抵抗 | D16: 降低战斗中负面效果命中概率，暂时不使用，可以忽略 | E16: float | F16: 0 | G16: 进阶属性
C17: 无视防御 | D17: 降低战斗中对方的防御效果 | E17: float | F17: 0 | G17: 面板不显示 | H17: 最多100%
C18: 普攻攻击速度 | D18: 影响战斗中角色每秒发射的普攻，例如3点攻速代表1秒发射3次普攻 | E18: float | F18: 每个角色不同 | G18: 进阶属性 | H18: 英雄普攻1秒进行打X个子弹，计算方式为x*(1+攻速加成%)=最终攻速 例如该角色1s释放2次普攻，攻击速度加成为100%，则该角色显示的攻速为4 另外建议每个角色的攻击速度单独配置在角色表中
C19: 伤害加成 | D19: 增加战斗中造成的伤害（所有的伤害加成属于同一乘区） | E19: float | F19: 0 | G19: 面板不显示 | H19: 暂时只在角色技能和被动中投放
C20: 物理伤害加成 | D20: 增加战斗中造成的物理伤害 | E20: float | F20: 0 | G20: 面板不显示 | H20: 暂时只在角色技能和被动中投放
C21: 魔法伤害加成 | D21: 增加战斗中造成的魔法伤害 | E21: float | F21: 0 | G21: 面板不显示 | H21: 暂时只在角色技能和被动中投放
C22: 普攻伤害加成 | D22: 增加战斗中普攻造成的伤害 | E22: float | F22: 0 | G22: 面板显示
C23: 技能伤害加成 | D23: 增加战斗中技能造成的伤害 | E23: float | F23: 0 | G23: 面板显示
C24: 必杀伤害加成 | D24: 增加战斗中必杀造成的伤害 | E24: float | F24: 0 | G24: 面板显示
C25: 单体伤害加成 | D25: 增加战斗中穿单体果造成的伤害 | E25: float | F25: 0 | G25: 面板显示
C26: 穿透伤害加成 | D26: 增加战斗中穿透效果造成的伤害 | E26: float | F26: 0 | G26: 面板显示
C27: 范围伤害加成 | D27: 增加战斗中范围效果造成的伤害 | E27: float | F27: 0 | G27: 面板显示
C28: 持续伤害加成 | D28: 增加战斗中持续效果造成的伤害（包括流血、灼烧、中毒） | E28: float | F28: 0 | G28: 面板显示
C29: 流血伤害加成 | D29: 增加战斗中流血效果造成的伤害 | E29: float | F29: 0 | G29: 面板不显示
C30: 灼烧伤害加成 | D30: 增加战斗中持续效果造成的伤害 | E30: float | F30: 0 | G30: 面板不显示
C31: 中毒伤害加成 | D31: 增加战斗中持续效果造成的伤害 | E31: float | F31: 0 | G31: 面板不显示
C32: 伤害减免 | D32: 减免战斗中造成的伤害 | E32: float | F32: 0 | G32: 面板不显示
C33: 治疗加成 | D33: 治疗时，调整治疗值 | E33: float | F33: 0 | G33: 面板不显示
... C35: 受治疗加成 | D35: 受到治疗时，调整治疗值 | E35: float | F35: 0 | G35: 面板不显示
C36: 施加护盾加成 | D36: 战斗中释放护盾时，数值加成 | E36: float | F36: 0 | G36: 面板不显示 | H36: 暂时只在角色技能和被动中投放
C37: 受到护盾加成 | D37: 战斗中受到护盾时，数值加成 | E37: float | F37: 0 | G37: 面板不显示 | H37: 暂时只在角色技能和被动中投放
C38: 释放盾牌加成 | D38: 战斗中释放护盾时，盾牌生命数值加成 | E38: float | F38: 0 | G38: 面板不显示 | H38: 暂时只在角色技能和被动中投放
C39: 格挡 | D39: 受到伤害时，触发格挡的概率 | E39: float | F39: 0 | G39: 面板不显示 | H39: 暂时只在角色技能和被动中投放
C40: 格挡强度 | D40: 触发格挡时，受到的最终伤害 | E40: float | F40: 0 | G40: 面板不显示 | H40: 暂时只在角色技能和被动中投放
C41: 破击 | D41: 降低敌方触发格挡的概率 | E41: float | F41: 0 | G41: 面板不显示 | H41: 暂时只在角色技能和被动中投放
C42: 冷却缩减 | D42: 释放技能的冷却缩减 | E42: float | F42: 0 | G42: 面板不显示 | H42: 角色技能释放的技能间隔缩减，最高上限为75%，可拉出来配置 例如一个角色的技能间隔为5s，获得20%的技能冷却缩减，则技能间隔变为4s
C43: 玩法伤害加成 | D43: 增加战斗中造成的伤害 | E43: float | F43: 0 | G43: 面板不显示 | H43: 玩法中才会投放，和伤害加成和减免不是一个乘区
C44: 玩法伤害减免 | D44: 减免战斗中造成的伤害 | E44: float | F44: 0 | G44: 面板不显示
B45: 百分比加成属性 | C45: 生命% | D45: 加成角色基础生命的百分比 | E45: float | F45: 0 | G45: 面板不显示 | H45: 只计算角色裸体属性，后端需要计算完传给前端
C46: 攻击% | D46: 加成角色攻击的百分比 | E46: float | F46: 0 | G46: 面板不显示 | H46: 只计算角色裸体属性，后端需要计算完传给前端
C47: 攻击% | D47: 加成角色攻击的百分比 | E47: float | F47: 0 | G47: 面板不显示 | H47: 只计算角色裸体属性，后端需要计算完传给前端
C48: 防御力% | D48: 加成角色防御的百分比 | E48: float | F48: 0 | G48: 面板不显示 | H48: 只计算角色裸体属性，后端需要计算完传给前端
C49: 攻击速度% | D49: 加成角色基础攻速的百分比 | E49: float | F49: 0 | G49: 面板不显示 | H49: 后端只需要将这个值传给前端，战斗中前端自己计算
C50: 能量回复% | D50: 加成角色基础能量回复速度的百分比 | E50: float | F50: 0 | G50: 面板不显示 | H50: 后端只需要将这个值传给前端，战斗中前端自己计算
B51: 等级属性 | C51: 暴击等级 | D51: 加成角色暴击几率的等级，通关一套公式转化为加成的暴击几率 | E51: float | F51: 0 | G51: 面板显示 | H51: 后端需要计算完传给前端
C52: 暴击伤害等级 | D52: 加成角色暴击伤害的等级，通关一套公式转化为加成的暴击伤害 | E52: float | F52: 0 | G52: 面板显示 | H52: 后端需要计算完传给前端
C53: 能量回复等级 | D53: 加成角色能量回复%的等级，通关一套公式转化为加成的能量回复% | E53: float | F53: 0 | G53: 面板显示 | H53: 后端需要计算完传给前端
C54: 技能冷却等级 | D54: 加成角色技能冷却的等级，通关一套公式转化为加成的技能冷却 | E54: float | F54: 0 | G54: 面板显示 | H54: 后端需要计算完传给前端
C55: 格挡等级 | D55: 加成格挡率的等级，通关一套公式转化为加成的格挡率 | E55: float | F55: 0 | G55: 面板显示 | H55: 后端需要计算完传给前端
B59: 战斗内属性计算逻辑
B60: 游戏中不同系统模块的同一种属性的加成方式用加法,比如模块A提供10%暴击，B模块提供20%暴击，则合并计算为10%+20%=30%暴击，其他数值以此类推
B61: 战斗外成长系统得到各属性初始值，进入战斗后，初始属性可被buff修改
B63: buff对int属性的修改：
B64: 最终属性=进入战斗时初始属性数值 * （1 + 所有buff乘法计算数值和） + 所有buff加法计算数值和 ，其中buff的数值是根据单位buff情况实时变化的
B65: 另外，战斗内外的百分比属性需要分开计算
B67: 例如：角色在外部养成有1000点攻击和50%的攻击加成，局内又吃到了1000点的固定攻击buff和20%的攻击加成buff
B68: 进入战斗时初始攻击=1000*1.5=1500
B69: 最终攻击=1500*1.2+1000=2800
B71: buff对float属性的修改：
B72: 最终属性=进入战斗时初始属性数值+所有buff属性之和
B73: 例如：角色在外部养成有50%暴击几率，局内又吃到了20%暴击加成buff
... B78: 计算公式
B79: 加成属性 | C79: = | D79: 等级属性/转化参数
B81: 例如 | C81: 一个角色的暴击等级为100，转化参数为5000，由暴击等级提供的暴击几率为2%
B84: 面板属性计算
B85: 【生命】
B86: 英雄裸体生命=[英雄初始生命+英雄等级生命+英雄星盘生命+英雄突破生命]*当前品阶系数，面板显示四舍五入
B87: 面板生命=英雄裸体生命*（1+装备百分比生命+宝石百分比生命+天赋百分比生命+……+各来源百分比生命）+装备生命+宝石生命+天赋生命+……+各来源生命
B89: 【攻击】——统一攻击算法
B90: 英雄裸体攻击=[英雄初始攻击+英雄等级攻击+英雄星盘攻击+英雄突破攻击]*当前品阶系数，面板显示四舍五入
B91: 面板攻击=英雄裸体攻击*（1+装备百分比攻击+宝石百分比攻击+天赋百分比攻击+……+各来源百分比攻击）+装备攻击+宝石攻击+天赋攻击+……+各来源攻击
B93: 【防御】
B94: 英雄裸体防御=[英雄初始防御+英雄等级防御+英雄星盘防御+英雄突破防御]*当前品阶系数，面板显示四舍五入
B95: 面板防御=英雄裸体防御*（1+装备百分比防御+宝石百分比防御+天赋百分比防御+……+各来源百分比防御）+装备防御+宝石防御+天赋防御+……+各来源防御
B97: 【能量回复速度】
B98: 角色基础能量回复速度，角色最终能量回复速度=角色基础能量回复速度*（1+能量回复速度%）
... B129: 装备攻击速度%+宝石攻击速度%+天赋攻击速度%+……+各来源攻击速度%
B131: 【伤害加成】 | C131: 所有伤害加成和这个同理
B132: 面板伤害加成=英雄基础伤害加成+装备伤害加成+宝石伤害加成+天赋伤害加成+……+各来源伤害加成
B134: 【伤害减免】
B135: 面板伤害减免=英雄基础伤害减免+装备伤害减免+宝石伤害减免+天赋伤害减免+……+各来源伤害减免
B137: 【治疗加成】
B138: 面板治疗加成=英雄基础治疗加成+装备治疗加成+宝石治疗加成+天赋治疗加成+……+各来源治疗加成
B140: 【受到伤害增加】
B141: 面板受到伤害增加=英雄基础受到伤害增加+装备受到伤害增加+宝石受到伤害增加+天赋受到伤害增加+……+各来源受到伤害增加
B143: 【受治疗加成】
B144: 面板受治疗加成=英雄基础受治疗加成+装备受治疗加成+宝石受治疗加成+天赋受治疗加成+……+各来源受治疗加成
B146: 【施加护盾加成】
B147: 面板施加护盾加成=英雄基础施加护盾加成+装备施加护盾加成+宝石施加护盾加成+天赋施加护盾加成+……+各来源施加护盾加成
B149: 【受到护盾加成】
... B174: 面板冷却缩减=英雄基础冷却缩减+装备冷却缩减+宝石冷却缩减+天赋冷却缩减+……+各来源冷却缩减

Sheet 战斗公式
B3: 战斗计算规则
B5: 攻击行为
B7: 流程1 | C7: 每次攻击先判定是否命中
B9: 命中概率为=（攻击者命中 - 受击者闪避）， 如果数值大于等于1则必然命中，数值小于等于X则取最小命中概率X，在0-1之间随机，X为10%
B10: 技能未命中的情况默认不触发后续机制，除非有特殊说明
B13: 流程2 | C13: 进行伤害类型的判断
B15: 真实伤害
B16: 不进行伤害公式计算，不受护盾影响，直接扣除给定数值的生命（百分比or固定值）
B18: 物理伤害or魔法伤害
B19: 走以下伤害数值的计算
B21: 流程3 | C21: 计算初步伤害数值
B24: 伤害基数=带入伤害公式的数值，在子弹或攻击组件中计算得出
B25: 物理伤害/魔法伤害取决于伤害组件的配置，公式相同，作为逻辑标签使用
B26: 伤害=伤害基数*[（1-(受击者 防御*（1 - 攻击者 无视防御）/【(受击者 防御 *（1- 攻击者 无视防御）+X)】，X为常数根据需求调整（可配置在全局表中），最低伤害保底：伤害基数 * 5%
L27: X的值为 | M27: 24000
B28: 流程4 | C28: 判断是否暴击
B30: 由攻击者 暴击率 属性决定 ，数值大于等于1必暴击，数值小于等于0必不暴击
B31: 命中后判定暴击
B32: 如果勾选必定暴击，则判断为暴击，如果没勾选，则进行随机
B33: 如果暴击
B34: 暴击伤害 = 伤害 * 攻击者暴击伤害
B37: 流程5 | C37: 判断是否格挡 | E37: 如果既格挡又暴击，则在表现上只显示格挡
B39: 由攻击者 破击率 属性决定和防御者格挡率决定是否触发格挡
B40: 格挡概率=受击者格挡率-攻击者破击率，最低为0，最高为1
B41: 如果格挡
B42: 格挡后伤害=计算暴击后的伤害*(1-基础格挡伤害X-格挡强度）
D43: X | E43: 0.5
D44: 格挡强度∈【0,1】
B45: 举例
B46: 受击者的格挡强度为20%，受击者计算完暴击后，应该受到的伤害为1000，此时触发了格挡
B47: 触发格挡后，受到的伤害为1000*（1-50-20%）=300
B53: 流程6 | C53: 计算最终伤害
B54: 最终伤害 =
B55: 计算完暴击、格挡后伤害 *（1+ 攻击者 伤害加成）*（1 - 受击者 伤害减免）*（1 + 受击者受到伤害增加）*（1+ 攻击者 玩法伤害加成）*（1 - 受击者 玩法伤害减免）
B58: 所有类型的伤害加成的乘区相同
B59: 例如：A角色拥有10%伤害增加，20%单体伤害增加，30%群体伤害增加，40%技能伤害增加，50%必杀伤害增加，60%的物理伤害增加和70%的魔法伤害增加
B60: 那么他放单体物理技能时的伤害增加值为10%+20%+40%+60%=130%
B61: 那么他放群体魔法必杀时的伤害增加值为10%+30%+50%+70%=160%
B63: 公式中 受击者 伤害减免属性 计算结果 最大不超过X%，X为75
B64: 最终伤害数值保底为X,X为1
B65: 物理伤害或魔法伤害可被护盾吸收，优先扣除护盾值，再扣除生命
B70: 加血行为
B72: 治疗or恢复 的标签 取决于治疗组件的配置，公式相同，作为逻辑标签使用
B73: 加血数值 = 加血基数 * （ 1 + 治疗者 治疗加成 + 被治疗者 受治疗加成） 计算结果保底为 1
B75: 如果是治疗标签，则要判定是否暴击，恢复标签不会暴击 | L75: 设计预期治疗可以投固定值，恢复则是百分比
B76: 由治疗者 暴击率 属性决定 ，数值大于等于1必暴击，数值小于等于0必不暴击，在0-1之间随机
B77: 如果暴击 加血数值 = 加血数值 * 治疗者 暴击伤害 计算结果保底为 1
B80: 护盾行为
B82: 释放盾牌or加护盾 | D82: 均不用判定是否暴击
B84: 护盾数值=护盾基数*（ 1 + 护盾释放者 施加护盾加成 + 护盾受到者 受到护盾加成）
B86: 盾牌血量数值=盾牌血量基数*（ 1 + 盾牌释放者 释放盾牌加成）

Sheet 标准模型
C2: 战斗节奏
C3: 整场战斗时间
C5: 前期 | D5: 中期 | E5: 后期
B6: 总体战斗时长（秒） | C6: 60 | D6: 120 | E6: 150
B7: boss战时长占比 | C7: 0.5 | D7: 0.75 | E7: 0.8
B9: boss战时长（秒） | C9: =C6*C7 -> 30 | D9: =D6*D7 -> 90 | E9: =E6*E7 -> 120
C11: 在标准模型下预估整场boss战的时长和节奏,以3人放普攻、5人放必杀
C12: 考虑主要的是pve体验，玩家的生命值和防御主要决定有效生命值，实际表现为挨怪物多少下打会死，攻击力主要表现为打怪物的时间
C13: 理论上怪攻击击和同等级的玩家应该相同，所以玩家的攻防血比应该就是怪攻击击自己多少下会死
C14: 假设怪物的dps系数为
C15: 1 | D15: 攻击力/s
C17: 实际血攻防投放比例比
C18: 生命 | D18: 攻击 | E18: 防御
C19: 10 | D19: 3 | E19: 2
C21: 基础属性组成
B22: 裸体属性 | C22: 1 | D22: 初始属性
C23: 2 | D23: 升级属性
C24: 3 | D24: 升阶属性
C25: 4 | D25: 星盘属性的固定值
C27: 5 | D27: 专武属性
C28: 6 | D28: 旅券
C29: 7 | D29: 主角装备属性
B31: 角色基础属性拍定 | C31: 生命 | D31: 攻击 | E31: 防御
C32: 5000 | D32: 1500 | E32: 1000
C33: 10 | D33: 3 | E33: 2
B36: 角色基础属性投放预计
C37: 裸体属性 | G37: 额外属性
C38: 初始属性 | D38: 升级属性 | E38: 升阶属性 | F38: 星盘属性 | G38: 专武属性 | H38: 旅券 | I38: 主角装备属性 | M38: 裸体总和 | N38: 额外总和
B39: 基础属性投放系数 | C39: 1 | D39: 4.2 | E39: 1.5 | F39: 1.2 | G39: 4 | H39: 6 | I39: 10 | M39: =SUM(C39:F39) -> 7.9 | N39: =SUM(G39:I39) -> 20
B42: 初始标准人属性 | C42: 生命 | D42: 攻击 | E42: 防御
C43: =C32 -> 5000 | D43: =D32 -> 1500 | E43: =E32 -> 1000 | G43: 减伤率 | H43: =ROUND(E43/(E43+战斗公式!$M$27),2) -> 0.04 | I43: eHP | J43: =ROUND(C43/(1-H43),0) -> 5208
I44: ttk | J44: =J43/(D43*$C$15) -> 3.472 | K44: 秒
A46: 中期 | B46: 无百分比标准人属性
B48: 裸体属性 | C48: 生命 | D48: 攻击 | E48: 防御
C49: =C$32*$M$39 -> 39500 | D49: =D$32*$M$39 -> 11850 | E49: =E$32*$M$39 -> 7900
B51: 额外基础属性 | C51: 生命 | D51: 攻击 | E51: 防御
C52: =$N$39*C$32 -> 100000 | D52: =$N$39*D$32 -> 30000 | E52: =$N$39*E$32 -> 20000
B54: 总基础属性 | C54: 生命 | D54: 攻击 | E54: 防御
C55: =C49+C52 -> 139500 | D55: =D49+D52 -> 41850 | E55: =E49+E52 -> 27900 | G55: 减伤率 | H55: =ROUND(E55/(E55+战斗公式!$M$27),2) -> 0.54 | I55: eHP | J55: =ROUND(C55/(1-H55),0) -> 303261
I56: ttk | J56: =J55/(D55*$C$15) -> 7.2463799 | K56: 秒
A63: 后期 | C63: 基础属性 | I63: 攻防百分比投放 | J63: 1 | L63: 基础属性
B64: 有百分比标准人属性 | C64: 生命 | D64: 攻击 | E64: 防御 | G64: 暴击率 | H64: 暴击伤害 | I64: 攻击力百分比 | J64: 防御力百分比 | L64: 生命 | M64: 攻击 | N64: 防御
C65: =C55 -> 139500 | D65: =D49*(1+I65)+D52 -> 84510 | E65: =E49*(1+J65)+E52 -> 56340 | G65: 0.7 | H65: 1.95 | I65: 3.6 | J65: =I65*J63 -> 3.6 | L65: =C65 -> 139500 | M65: =D65 -> 84510 | N65: =E65 -> 56340 | P65: 减伤率 | Q65: =ROUND(N65/(N65+战斗公式!$M$27),2) -> 0.7 | R65: eHP | S65: =ROUND(L65/(1-Q65),0) -> 465000
R66: ttk | S66: =S65/(M65*$C$15) -> 5.5023074 | T66: 秒
C67: 攻击提升 | D67: =D65/D55-1 -> 1.0193548 | I67: 总投放攻击力百分比等价
I68: =I65*3 -> 10.8
I70: 实际必杀释放速度 | J70: =H76/J77 -> 30 | K70: s
I71: 怪物伤害 | J71: =J70*100 -> 3000 | K71: %攻击力
I72: 玩家吃到伤害比例 | J72: 0.2
B73: BOSS战斗系数组成 | I73: 单必杀范围内玩家吃到伤害 | J73: =J71*J72 -> 600 | K73: %攻击力
I74: 标准必杀回血系数 | J74: =J73*G116 -> 420 | K74: %攻击力
I75: =J74/M77/100 -> 0.19090909 | L75: =H77/J77 -> 40 | M75: 秒伤害系数
B76: 普攻 | C76: 1 | D76: /s | G76: boss对战能量上限 | H76: 750 | L76: 普攻伤害 | M76: =H77/J77*C76 -> 40 | N76: =M76/$M$79 -> 0.51282051
B77: 必杀 | C77: 0.55 | D77: /s | G77: 必杀能量上限 | H77: 1000 | I77: 必杀回复速度 | J77: 25 | K77: /s | L77: 必杀系数 | M77: =L75*J77/H76*H82 -> 22 | N77: =M77/$M$79 -> 0.28205128
B78: 技能 | C78: 0.4 | D78: /s | G78: 技能释放间隔 | H78: 10 | I78: s | L78: 技能伤害 | M78: =L75/H78*H79 -> 16 | N78: =M78/$M$79 -> 0.20512821 | P78: 以攻击百分比为基准为定价 | R78: 美化
B79: 总和 | C79: =C78+C77+C76 -> 1.95 | D79: /s | G79: 技能系数 | H79: =H78*C78 -> 4 | M79: =SUM(M76:M78) -> 78 | P79: 攻击百分比 | Q79: 0.01 | R79: 0.01
G80: 技能数量 | H80: 2 | P80: 防御百分比 | Q80: =J63*Q79 -> 0.01 | R80: 0.01
G81: 单个技能系数 | H81: =H79/H80 -> 2 | P81: 生命百分比 | Q81: =Q79 -> 0.01 | R81: 0.01
A82: 提升比例 | B82: 天赋 | C82: 0.5 | D82: =1+C82 -> 1.5 | G82: 必杀系数 | H82: =H76/J77*C77 -> 16.5 | P82: 普攻速度百分比 | Q82: =C99/I65*Q79 -> 0 | R82: 0
B83: 专武技能/天赋 | C83: 0 | D83: =1+C83 -> 1 | P83: 必杀回复速度 | Q83: =C101/I65*Q79 -> 0.0033333333 | R83: 0.0033
B84: 旅券技能 | C84: 0 | D84: =1+C84 -> 1 | G84: 技能拆分系数 | H84: 0.5 | J84: =J77*1.8 -> 45 | P84: 暴击率 | Q84: =(G65-0.05)/I65*Q79 -> 0.0018055556 | R84: 0.0018
B85: 主角装备技能 | C85: 0 | D85: =1+C85 -> 1 | P85: 暴击伤害 | Q85: =Q84*3 -> 0.0054166667 | R85: 0.0054
B86: 星盘天赋 | C86: 0.2 | D86: =1+C86 -> 1.2 | P86: 各种伤害增加 | Q86: =C105/I65*Q79 -> 0.0044444444 | R86: 0.0033
P87: 普攻伤害加成 | R87: 0.009
P88: 技能伤害加成 | R88: 0.012
B89: 总提升比例 | C89: =PRODUCT(D82:D86) -> 1.8 | P89: 必杀伤害加成 | R89: 0.012
B90: 无天赋总提升比例 | C90: =PRODUCT(D83:D86) -> 1.2 | P90: 治疗率 | R90: 0.005
P91: 冷却缩减 | Q91: =Q79*C103/I65 -> 0.0016666667 | R91: 0.0025
B92: 普攻量级总和 | C92: =C89*C76 -> 1.8 | P92: 物理伤害加成 | R92: 0.0042
B93: 必杀量级总和 | C93: =C77*C89 -> 0.99 | P93: 魔法伤害加成 | R93: 0.0042
B94: 技能量级总和 | C94: =C78*C89 -> 0.72 | P94: 暴击等级 | Q94: 50000 | R94: =R84*Q94 -> 90 | S94: 9
B95: 伤害量级总和 | C95: =C79*D82*D83*D84*D86*D85 -> 3.51 | D95: /s | P95: 暴击伤害等级 | Q95: 20371 | R95: =R85*Q95 -> 110.0034 | S95: 11
P96: 能量回复等级 | Q96: 27273 | R96: =R83*Q96 -> 90.0009 | S96: 9
B97: 后期属性投放值 | P97: 技能冷却等级 | Q97: 52000 | R97: =R91*Q97 -> 130 | S97: 13
P98: 攻击百分比 | R98: =R79 -> 0.01
B99: 普攻速度提升 | C99: 0 | E99: =_xlfn.CONCAT(L75,"秒伤害") -> 40秒伤害 | F99: =(1+C99)*M76+M77+M78 -> 78 | G99: 提升比例 | H99: =F99/M79-1 -> 0 | P99: 攻击百分比 | R99: =R79 -> 0.01
P100: 格挡率 | R100: =1/30000% -> 0.0033333333
A101: =(1+C101)*J77 -> 55 | B101: 必杀回复速度 | C101: 1.2 | E101: =_xlfn.CONCAT(L75,"秒伤害") -> 40秒伤害 | F101: =L75/(H76/J77/(1+C101))*M77+M76+M78 -> 120.53333 | G101: 提升比例 | H101: =F101/M79-1 -> 0.54529915 | P101: 格挡等级 | Q101: 30000 | R101: =R100*Q101 -> 100
A102: =100/A101 -> 1.8181818
B103: 冷却缩减 | C103: 0.6 | E103: =_xlfn.CONCAT(L77,"秒伤害") -> 必杀系数秒伤害 | F103: =M76+M77+M78*1/(1-C103) -> 102 | G103: 提升比例 | H103: =F103/M79-1 -> 0.30769231
B105: 增伤乘区预计投放值 | C105: 1.6
B108: 后期输出标准人相对于无百分比标准人提升值 | J108: 5
B109: 暴击乘区 | C109: 攻击力乘区 | D109: 普攻乘区 | E109: 必杀乘区 | F109: 增伤乘区 | G109: 技能乘区 | I109: MAX单体每秒伤害 | J109: 5人每秒伤害
B110: =1+G65*(H65+战斗属性!F12-1) -> 3.065 | C110: =1 -> 1 | D110: =H99+1 -> 1 | E110: =H101+1 -> 1.5452991 | F110: =C105+1 -> 2.6 | G110: =1+H103 -> 1.3076923 | H110: =PRODUCT(B110:G110) -> 16.103562 | I110: =C95*H110*D65 -> 4776801.3 | J110: =I110*J108 -> 23884007
B113: 后期标准boss属性
B114: 基础属性
A115: 生命值放大倍率 | B115: 生命 | C115: 攻击 | D115: 防御
A116: 500 | B116: =A116*C65 -> 69750000 | C116: =D65 -> 84510 | D116: =E65 -> 56340 | F116: 减伤率 | G116: =ROUND(D116/(D116+战斗公式!$M$27),2) -> 0.7 | H116: eHP | I116: =ROUND(B116/(1-G116),0) -> 232500000
H117: ttk | I117: =I116/(C116*C95*H110) -> 48.672738 | J117: 秒
B119: 中期标准boss属性
B120: 基础属性 | M120: =2.8*0.25*4032*0.43 -> 1213.632 | O120: =1495/534 -> 2.7996255
A121: 生命值放大倍率 | B121: 生命 | C121: 攻击 | D121: 防御
A122: 15 | B122: =C49*A122 -> 592500 | C122: =D49 -> 11850 | D122: =E49 -> 7900 | F122: 减伤率 | G122: =ROUND(D122/(D122+战斗公式!$M$27),2) -> 0.25 | H122: eHP | I122: =ROUND(B122/(1-G122),0) -> 790000
H123: ttk | I123: =I122/(C122*$C$15) -> 66.666667 | J123: 秒
B128: 英雄职业规划 | C128: 职业 | D128: 生命 | E128: 攻击 | F128: 防御
C129: 坦克 | D129: 1.2 | E129: 0.8 | F129: 1
C130: 输出 | D130: 1 | E130: 1.2 | F130: 0.8
C131: 辅助 | D131: 1 | E131: 0.8 | F131: 1.2

Sheet 怪物标准模型
B2: 怪物标准模型等级
B3: 500
C4: 生命 | D4: 攻击 | E4: 防御 | F4: 生命 | G4: 攻击 | H4: 防御 | I4: 生命 | J4: 攻击 | K4: 防御 | O4: 普攻系数倍率 | P4: 技能系数倍率 | Q4: 必杀系数倍率 | R4: 战斗支持倍率 | S4: 暴击率 | T4: 暴击伤害 | U4: 普攻乘区 | V4: 必杀乘区 | W4: 增伤乘区 | AG4: 人数系数 | AH4: 攻击系数修正 | AI4: BOSS生命系数修正 | AJ4: 小怪生命系数修正 | AK4: 小怪攻击系数修正
B5: 最低 | C5: =标准模型!$C$49/$B$3 -> 79 | D5: =标准模型!$D$49/$B$3 -> 23.7 | E5: =标准模型!$E$49/$B$3 -> 15.8 | F5: =标准模型!$C$52/$B$3 -> 200 | G5: =标准模型!$D$52/$B$3 -> 60 | H5: =标准模型!$E$52/$B$3 -> 40 | I5: 0 | J5: =标准模型!$I$65/$B$3 -> 0.0072 | K5: =标准模型!$J$65/$B$3 -> 0.0072 | O5: =标准模型!C76*标准模型!H84 -> 0.5 | P5: 0 | Q5: =标准模型!C77*标准模型!H84 -> 0.275 | R5: 1 | S5: =战斗属性!$F$11 -> 0.05 | T5: =战斗属性!$F$12 -> 2 | U5: 1 | V5: 1 | W5: 1 | AG5: 1 | AH5: 0.3 | AI5: 2.15 | AJ5: 1.8 | AK5: 1
B6: 最高 | C6: =标准模型!$C$49 -> 39500 | D6: =标准模型!$D$49 -> 11850 | E6: =标准模型!$E$49 -> 7900 | F6: =标准模型!$C$52 -> 100000 | G6: =标准模型!$D$52 -> 30000 | H6: =标准模型!$E$52 -> 20000 | I6: 0 | J6: =标准模型!$I$65 -> 3.6 | K6: =标准模型!$J$65 -> 3.6 | O6: =标准模型!C76 -> 1 | P6: =标准模型!$C$78 -> 0.4 | Q6: =标准模型!$C$77 -> 0.55 | R6: =标准模型!$C$90 -> 1.2 | S6: =标准模型!$G$65 -> 0.7 | T6: =标准模型!$H$65+战斗属性!$F$12 -> 3.95 | U6: =标准模型!$H$99+1 -> 1 | V6: =标准模型!$H$101+1 -> 1.5452991 | W6: =标准模型!$C$105+1 -> 2.6 | AG6: 5 | AH6: 2.3 | AI6: 1 | AJ6: 1 | AK6: 1
B7: 曲率 | C7: 0.999999 | D7: 0.999999 | E7: 0.999999 | F7: 0.999999 | G7: 0.999999 | H7: 0.999999 | I7: 0.999999 | J7: 0.999999 | K7: 0.999999 | O7: 0.999999 | P7: 1.0015 | Q7: 0.999999 | R7: 0.999999 | S7: 0.999999 | T7: 0.999999 | U7: 0.999999 | V7: 0.999999 | W7: 0.999999 | AG7: 0.9925 | AH7: 1.002 | AI7: 0.95 | AJ7: 0.98 | AK7: 0.997 | AR7: 普通怪 | AS7: 普通盾怪 | AT7: 2级普通怪 | AU7: 站桩怪 | AV7: 炮灰怪 | AW7: 精英怪 | AX7: 精英盾怪 | AY7: BOSS | AZ7: 装备副本BOSS
AL9: BOSS | AO9: 小怪 | AR9: TTK时间 | AS9: TTK时间 | AT9: TTK时间 | AU9: TTK时间 | AV9: TTK时间 | AW9: TTK时间 | AX9: TTK时间 | AY9: TTK时间 | AZ9: TTK时间
C10: 裸体基础属性 | F10: 额外基础属性 | I10: 基础属性百分比 | L10: 算百分比后基础 | O10: 生命放大倍率 | Z10: 最终基础属性 | AL10: 单位秒，最终基础属性 | AO10: 单位秒，最终基础属性 | AR10: 1 | AS10: 3 | AT10: 1.8 | AU10: 0.5 | AV10: 0.15 | AW10: 4 | AX10: 9 | AY10: 60 | AZ10: 30
B11: 等级 | C11: 生命 | D11: 攻击 | E11: 防御 | F11: 生命 | G11: 攻击 | H11: 防御 | I11: 生命 | J11: 攻击 | K11: 防御 | L11: 生命 | M11: 攻击 | N11: 防御 | O11: 普攻系数倍率 | P11: 技能系数倍率 | Q11: 必杀系数倍率 | R11: 战斗支持倍率 | S11: 暴击率 | T11: 暴击伤害 | U11: 普攻乘区 | V11: 必杀乘区 | W11: 增伤乘区 | X11: 无必杀增伤倍率 | Y11: 有必杀增伤倍率 | Z11: 生命 | AA11: 攻击 | AB11: 防御 | AC11: 减伤率 | AD11: ehp | AE11: 无必杀TTK（单位/秒） | AF11: TTK（单位/秒） | AG11: 人数系数 | AH11: 攻击系数修正 | AI11: BOSS生命系数修正 | AJ11: 小怪生命系数修正 | AK11: 小怪攻击系数修正 | AL11: 生命 | AM11: 攻击 | AN11: 防御 | AO11: 生命 | AP11: 攻击 | AR11: 生命 | AS11: 生命 | AT11: 生命 | AU11: 生命 | AV11: 生命 | AW11: 生命 | AX11: 生命 | AY11: 生命 | AZ11: 生命 | BB11: 等级
B12: {=_xlfn.SEQUENCE(B3,1,1,1)} -> 1 | C12: =C$5+(C$6-C$5)*(POWER(C$7,$B12-1)-1)/(POWER(C$7,$B$3-1)-1) -> 79 | D12: =D$5+(D$6-D$5)*(POWER(D$7,$B12-1)-1)/(POWER(D$7,$B$3-1)-1) -> 23.7 | E12: =E$5+(E$6-E$5)*(POWER(E$7,$B12-1)-1)/(POWER(E$7,$B$3-1)-1) -> 15.8 | F12: =F$5+(F$6-F$5)*(POWER(F$7,$B12-1)-1)/(POWER(F$7,$B$3-1)-1) -> 200 | G12: =G$5+(G$6-G$5)*(POWER(G$7,$B12-1)-1)/(POWER(G$7,$B$3-1)-1) -> 60 | H12: =H$5+(H$6-H$5)*(POWER(H$7,$B12-1)-1)/(POWER(H$7,$B$3-1)-1) -> 40 | I12: =I$5+(I$6-I$5)*(POWER(I$7,$B12-1)-1)/(POWER(I$7,$B$3-1)-1) -> 0 | J12: =标准模型!$I$65/1*$B12/$B$3 -> 0.0072 | K12: =J12*标准模型!$J$63 -> 0.0072 | L12: =C12*(1+I12)+F12 -> 279 | M12: =D12*(1+J12)+G12 -> 83.87064 | N12: =E12*(1+K12)+H12 -> 55.91376 | O12: =O$5+(O$6-O$5)*(POWER(O$7,$B12-1)-1)/(POWER(O$7,$B$3-1)-1) -> 0.5 | P12: =P$5+(P$6-P$5)*(POWER(P$7,$B12-1)-1)/(POWER(P$7,$B$3-1)-1) -> 0 | Q12: =Q$5+(Q$6-Q$5)*(POWER(Q$7,$B12-1)-1)/(POWER(Q$7,$B$3-1)-1) -> 0.275 | R12: =R$5+(R$6-R$5)*(POWER(R$7,$B12-1)-1)/(POWER(R$7,$B$3-1)-1) -> 1 | S12: =S$5+(S$6-S$5)*(POWER(S$7,$B12-1)-1)/(POWER(S$7,$B$3-1)-1) -> 0.05 | T12: =T$5+(T$6-T$5)*(POWER(T$7,$B12-1)-1)/(POWER(T$7,$B$3-1)-1) -> 2 | U12: =U$5+(U$6-U$5)*(POWER(U$7,$B12-1)-1)/(POWER(U$7,$B$3-1)-1) -> 1 | V12: =V$5+(V$6-V$5)*(POWER(V$7,$B12-1)-1)/(POWER(V$7,$B$3-1)-1) -> 1 | W12: =W$5+(W$6-W$5)*(POWER(W$7,$B12-1)-1)/(POWER(W$7,$B$3-1)-1) -> 1 | X12: =(1+S12*(T12-1))*U12*W12*(O12+P12)*R12 -> 0.525 | Y12: =(1+S12*(T12-1))*(O12+P12+Q12)*U12*V12*W12*R12 -> 0.81375 | Z12: =Y12*L12 -> 227.03625 | AA12: =M12 -> 83.87064 | AB12: =N12 -> 55.91376 | AC12: =AB12/(AB12+战斗公式!$M$27) -> 0.0023243249 | AD12: =Z12/(1-AC12) -> 227.56519 | AE12: =AD12/AA12/X12 -> 5.1681673 | AF12: =AD12/AA12/Y12 -> 3.3343015 | AG12: =AG$5+(AG$6-AG$5)*(POWER(AG$7,$B12-1)-1)/(POWER(AG$7,$B$3-1)-1) -> 1 | AH12: =$AH$5+($AH$6-$AH$5)*(POWER($AH$7,$B12-1)-1)/(POWER($AH$7,$B$3-1)-1) -> 0.3 | AI12: =$AI$5+($AI$6-$AI$5)*(POWER($AI$7,$B12-1)-1)/(POWER($AI$7,$B$3-1)-1) -> 2.15 | AJ12: =$AJ$5+($AJ$6-$AJ$5)*(POWER($AJ$7,$B12-1)-1)/(POWER($AJ$7,$B$3-1)-1) -> 1.8 | AK12: =$AK$5+($AK$6-$AK$5)*(POWER($AK$7,$B12-1)-1)/(POWER($AK$7,$B$3-1)-1) -> 1 | AL12: =ROUND(Z12/AF12*AG12,0) -> 68 | AM12: =ROUND(AA12*AH12,0) -> 25 | AN12: =ROUND(AB12,0) -> 56 | AO12: =ROUND(Z12/$AE12*AG12*AJ12,0) -> 79 | AP12: =ROUND(AM12*AK12,0) -> 25 | AR12: =ROUNDUP(AR$10*$AO12,0) -> 79 | AS12: =ROUNDUP(AS$10*$AO12,0) -> 237 | AT12: =ROUNDUP(AT$10*$AO12,0) -> 143 | AU12: =ROUNDUP(AU$10*$AO12,0) -> 40 | AV12: =ROUNDUP(AV$10*$AO12,0) -> 12 | AW12: =ROUNDUP(AW$10*$AO12,0) -> 316 | AX12: =ROUNDUP(AX$10*$AO12,0) -> 711 | AY12: =ROUND(AL12*$AY$10*AI12,0) -> 8772 | AZ12: =ROUND(AL12*$AZ$10*AI12,0) -> 4386 | BB12: =B12 -> 1
B13: 2 | C13: =C$5+(C$6-C$5)*(POWER(C$7,$B13-1)-1)/(POWER(C$7,$B$3-1)-1) -> 158.01967 | D13: =D$5+(D$6-D$5)*(POWER(D$7,$B13-1)-1)/(POWER(D$7,$B$3-1)-1) -> 47.405902 | E13: =E$5+(E$6-E$5)*(POWER(E$7,$B13-1)-1)/(POWER(E$7,$B$3-1)-1) -> 31.603935 | F13: =F$5+(F$6-F$5)*(POWER(F$7,$B13-1)-1)/(POWER(F$7,$B$3-1)-1) -> 400.0498 | G13: =G$5+(G$6-G$5)*(POWER(G$7,$B13-1)-1)/(POWER(G$7,$B$3-1)-1) -> 120.01494 | H13: =H$5+(H$6-H$5)*(POWER(H$7,$B13-1)-1)/(POWER(H$7,$B$3-1)-1) -> 80.009961 | I13: =I$5+(I$6-I$5)*(POWER(I$7,$B13-1)-1)/(POWER(I$7,$B$3-1)-1) -> 0 | J13: =标准模型!$I$65/1*$B13/$B$3 -> 0.0144 | K13: =J13*标准模型!$J$63 -> 0.0144 | L13: =C13*(1+I13)+F13 -> 558.06948 | M13: =D13*(1+J13)+G13 -> 168.10349 | N13: =E13*(1+K13)+H13 -> 112.06899 | O13: =O$5+(O$6-O$5)*(POWER(O$7,$B13-1)-1)/(POWER(O$7,$B$3-1)-1) -> 0.50100225 | P13: =P$5+(P$6-P$5)*(POWER(P$7,$B13-1)-1)/(POWER(P$7,$B$3-1)-1) -> 0.00053925713 | Q13: =Q$5+(Q$6-Q$5)*(POWER(Q$7,$B13-1)-1)/(POWER(Q$7,$B$3-1)-1) -> 0.27555124 | R13: =R$5+(R$6-R$5)*(POWER(R$7,$B13-1)-1)/(POWER(R$7,$B$3-1)-1) -> 1.0004009 | S13: =S$5+(S$6-S$5)*(POWER(S$7,$B13-1)-1)/(POWER(S$7,$B$3-1)-1) -> 0.05130293 | T13: =T$5+(T$6-T$5)*(POWER(T$7,$B13-1)-1)/(POWER(T$7,$B$3-1)-1) -> 2.0039088 | U13: =U$5+(U$6-U$5)*(POWER(U$7,$B13-1)-1)/(POWER(U$7,$B$3-1)-1) -> 1 | V13: =V$5+(V$6-V$5)*(POWER(V$7,$B13-1)-1)/(POWER(V$7,$B$3-1)-1) -> 1.0010931 | W13: =W$5+(W$6-W$5)*(POWER(W$7,$B13-1)-1)/(POWER(W$7,$B$3-1)-1) -> 1.0032072 | X13: =(1+S13*(T13-1))*U13*W13*(O13+P13)*R13 -> 0.52927613 | Y13: =(1+S13*(T13-1))*(O13+P13+Q13)*U13*V13*W13*R13 -> 0.82096139 | Z13: =Y13*L13 -> 458.15349 | AA13: =M13 -> 168.10349 | AB13: =N13 -> 112.06899 | AC13: =AB13/(AB13+战斗公式!$M$27) -> 0.0046478381 | AD13: =Z13/(1-AC13) -> 460.29286 | AE13: =AD13/AA13/X13 -> 5.1733898 | AF13: =AD13/AA13/Y13 -> 3.3352991 | AG13: =AG$5+(AG$6-AG$5)*(POWER(AG$7,$B13-1)-1)/(POWER(AG$7,$B$3-1)-1) -> 1.0307177 | AH13: =$AH$5+($AH$6-$AH$5)*(POWER($AH$7,$B13-1)-1)/(POWER($AH$7,$B$3-1)-1) -> 0.30233898 | AI13: =$AI$5+($AI$6-$AI$5)*(POWER($AI$7,$B13-1)-1)/(POWER($AI$7,$B$3-1)-1) -> 2.0925 | AJ13: =$AJ$5+($AJ$6-$AJ$5)*(POWER($AJ$7,$B13-1)-1)/(POWER($AJ$7,$B$3-1)-1) -> 1.7839993 | AK13: =$AK$5+($AK$6-$AK$5)*(POWER($AK$7,$B13-1)-1)/(POWER($AK$7,$B$3-1)-1) -> 1 | AL13: =ROUND(Z13/AF13*AG13,0) -> 142 | AM13: =ROUND(AA13*AH13,0) -> 51 | AN13: =ROUND(AB13,0) -> 112 | AO13: =ROUND(Z13/$AE13*AG13*AJ13,0) -> 163 | AP13: =ROUND(AM13*AK13,0) -> 51 | AR13: =ROUNDUP(AR$10*$AO13,0) -> 163 | AS13: =ROUNDUP(AS$10*$AO13,0) -> 489 | AT13: =ROUNDUP(AT$10*$AO13,0) -> 294 | AU13: =ROUNDUP(AU$10*$AO13,0) -> 82 | AV13: =ROUNDUP(AV$10*$AO13,0) -> 25 | AW13: =ROUNDUP(AW$10*$AO13,0) -> 652 | AX13: =ROUNDUP(AX$10*$AO13,0) -> 1467 | AY13: =ROUND(AL13*$AY$10*AI13,0) -> 17828 | AZ13: =ROUND(AL13*$AZ$10*AI13,0) -> 8914 | BB13: =B13 -> 2
B14: 3 | C14: =C$5+(C$6-C$5)*(POWER(C$7,$B14-1)-1)/(POWER(C$7,$B$3-1)-1) -> 237.03927 | D14: =D$5+(D$6-D$5)*(POWER(D$7,$B14-1)-1)/(POWER(D$7,$B$3-1)-1) -> 71.11178 | E14: =E$5+(E$6-E$5)*(POWER(E$7,$B14-1)-1)/(POWER(E$7,$B$3-1)-1) -> 47.407853 | F14: =F$5+(F$6-F$5)*(POWER(F$7,$B14-1)-1)/(POWER(F$7,$B$3-1)-1) -> 600.09941 | G14: =G$5+(G$6-G$5)*(POWER(G$7,$B14-1)-1)/(POWER(G$7,$B$3-1)-1) -> 180.02982 | H14: =H$5+(H$6-H$5)*(POWER(H$7,$B14-1)-1)/(POWER(H$7,$B$3-1)-1) -> 120.01988 | I14: =I$5+(I$6-I$5)*(POWER(I$7,$B14-1)-1)/(POWER(I$7,$B$3-1)-1) -> 0 | J14: =标准模型!$I$65/1*$B14/$B$3 -> 0.0216 | K14: =J14*标准模型!$J$63 -> 0.0216 | L14: =C14*(1+I14)+F14 -> 837.13867 | M14: =D14*(1+J14)+G14 -> 252.67762 | N14: =E14*(1+K14)+H14 -> 168.45174 | O14: =O$5+(O$6-O$5)*(POWER(O$7,$B14-1)-1)/(POWER(O$7,$B$3-1)-1) -> 0.50200451 | P14: =P$5+(P$6-P$5)*(POWER(P$7,$B14-1)-1)/(POWER(P$7,$B$3-1)-1) -> 0.0010793231 | Q14: =Q$5+(Q$6-Q$5)*(POWER(Q$7,$B14-1)-1)/(POWER(Q$7,$B$3-1)-1) -> 0.27610248 | R14: =R$5+(R$6-R$5)*(POWER(R$7,$B14-1)-1)/(POWER(R$7,$B$3-1)-1) -> 1.0008018 | S14: =S$5+(S$6-S$5)*(POWER(S$7,$B14-1)-1)/(POWER(S$7,$B$3-1)-1) -> 0.052605858 | T14: =T$5+(T$6-T$5)*(POWER(T$7,$B14-1)-1)/(POWER(T$7,$B$3-1)-1) -> 2.0078176 | U14: =U$5+(U$6-U$5)*(POWER(U$7,$B14-1)-1)/(POWER(U$7,$B$3-1)-1) -> 1 | V14: =V$5+(V$6-V$5)*(POWER(V$7,$B14-1)-1)/(POWER(V$7,$B$3-1)-1) -> 1.0021861 | W14: =W$5+(W$6-W$5)*(POWER(W$7,$B14-1)-1)/(POWER(W$7,$B$3-1)-1) -> 1.0064144 | X14: =(1+S14*(T14-1))*U14*W14*(O14+P14)*R14 -> 0.53358144 | Y14: =(1+S14*(T14-1))*(O14+P14+Q14)*U14*V14*W14*R14 -> 0.82822827 | Z14: =Y14*L14 -> 693.34191 | AA14: =M14 -> 252.67762 | AB14: =N14 -> 168.45174 | AC14: =AB14/(AB14+战斗公式!$M$27) -> 0.0069699022 | AD14: =Z14/(1-AC14) -> 698.20836 | AE14: =AD14/AA14/X14 -> 5.1786619 | AF14: =AD14/AA14/Y14 -> 3.336324 | AG14: =AG$5+(AG$6-AG$5)*(POWER(AG$7,$B14-1)-1)/(POWER(AG$7,$B$3-1)-1) -> 1.0612049 | AH14: =$AH$5+($AH$6-$AH$5)*(POWER($AH$7,$B14-1)-1)/(POWER($AH$7,$B$3-1)-1) -> 0.30468264 | AI14: =$AI$5+($AI$6-$AI$5)*(POWER($AI$7,$B14-1)-1)/(POWER($AI$7,$B$3-1)-1) -> 2.037875 | AJ14: =$AJ$5+($AJ$6-$AJ$5)*(POWER($AJ$7,$B14-1)-1)/(POWER($AJ$7,$B$3-1)-1) -> 1.7683187 | AK14: =$AK$5+($AK$6-$AK$5)*(POWER($AK$7,$B14-1)-1)/(POWER($AK$7,$B$3-1)-1) -> 1 | AL14: =ROUND(Z14/AF14*AG14,0) -> 221 | AM14: =ROUND(AA14*AH14,0) -> 77 | AN14: =ROUND(AB14,0) -> 168 | AO14: =ROUND(Z14/$AE14*AG14*AJ14,0) -> 251 | AP14: =ROUND(AM14*AK14,0) -> 77 | AR14: =ROUNDUP(AR$10*$AO14,0) -> 251 | AS14: =ROUNDUP(AS$10*$AO14,0) -> 753 | AT14: =ROUNDUP(AT$10*$AO14,0) -> 452 | AU14: =ROUNDUP(AU$10*$AO14,0) -> 126 | AV14: =ROUNDUP(AV$10*$AO14,0) -> 38 | AW14: =ROUNDUP(AW$10*$AO14,0) -> 1004 | AX14: =ROUNDUP(AX$10*$AO14,0) -> 2259 | AY14: =ROUND(AL14*$AY$10*AI14,0) -> 27022 | AZ14: =ROUND(AL14*$AZ$10*AI14,0) -> 13511 | BB14: =B14 -> 3
B15: 4 | C15: =C$5+(C$6-C$5)*(POWER(C$7,$B15-1)-1)/(POWER(C$7,$B$3-1)-1) -> 316.05878 | D15: =D$5+(D$6-D$5)*(POWER(D$7,$B15-1)-1)/(POWER(D$7,$B$3-1)-1) -> 94.817634 | E15: =E$5+(E$6-E$5)*(POWER(E$7,$B15-1)-1)/(POWER(E$7,$B$3-1)-1) -> 63.211756 | F15: =F$5+(F$6-F$5)*(POWER(F$7,$B15-1)-1)/(POWER(F$7,$B$3-1)-1) -> 800.14881 | G15: =G$5+(G$6-G$5)*(POWER(G$7,$B15-1)-1)/(POWER(G$7,$B$3-1)-1) -> 240.04464 | H15: =H$5+(H$6-H$5)*(POWER(H$7,$B15-1)-1)/(POWER(H$7,$B$3-1)-1) -> 160.02976 | I15: =I$5+(I$6-I$5)*(POWER(I$7,$B15-1)-1)/(POWER(I$7,$B$3-1)-1) -> 0 | J15: =标准模型!$I$65/1*$B15/$B$3 -> 0.0288 | K15: =J15*标准模型!$J$63 -> 0.0288 | L15: =C15*(1+I15)+F15 -> 1116.2076 | M15: =D15*(1+J15)+G15 -> 337.59303 | N15: =E15*(1+K15)+H15 -> 225.06202 | O15: =O$5+(O$6-O$5)*(POWER(O$7,$B15-1)-1)/(POWER(O$7,$B$3-1)-1) -> 0.50300676 | P15: =P$5+(P$6-P$5)*(POWER(P$7,$B15-1)-1)/(POWER(P$7,$B$3-1)-1) -> 0.0016201992 | Q15: =Q$5+(Q$6-Q$5)*(POWER(Q$7,$B15-1)-1)/(POWER(Q$7,$B$3-1)-1) -> 0.27665372 | R15: =R$5+(R$6-R$5)*(POWER(R$7,$B15-1)-1)/(POWER(R$7,$B$3-1)-1) -> 1.0012027 | S15: =S$5+(S$6-S$5)*(POWER(S$7,$B15-1)-1)/(POWER(S$7,$B$3-1)-1) -> 0.053908785 | T15: =T$5+(T$6-T$5)*(POWER(T$7,$B15-1)-1)/(POWER(T$7,$B$3-1)-1) -> 2.0117264 | U15: =U$5+(U$6-U$5)*(POWER(U$7,$B15-1)-1)/(POWER(U$7,$B$3-1)-1) -> 1 | V15: =V$5+(V$6-V$5)*(POWER(V$7,$B15-1)-1)/(POWER(V$7,$B$3-1)-1) -> 1.0032792 | W15: =W$5+(W$6-W$5)*(POWER(W$7,$B15-1)-1)/(POWER(W$7,$B$3-1)-1) -> 1.0096216 | X15: =(1+S15*(T15-1))*U15*W15*(O15+P15)*R15 -> 0.53791611 | Y15: =(1+S15*(T15-1))*(O15+P15+Q15)*U15*V15*W15*R15 -> 0.83555102 | Z15: =Y15*L15 -> 932.6484 | AA15: =M15 -> 337.59303 | AB15: =N15 -> 225.06202 | AC15: =AB15/(AB15+战斗公式!$M$27) -> 0.009290462 | AD15: =Z15/(1-AC15) -> 941.39439 | AE15: =AD15/AA15/X15 -> 5.1839833 | AF15: =AD15/AA15/Y15 -> 3.3373762 | AG15: =AG$5+(AG$6-AG$5)*(POWER(AG$7,$B15-1)-1)/(POWER(AG$7,$B$3-1)-1) -> 1.0914635 | AH15: =$AH$5+($AH$6-$AH$5)*(POWER($AH$7,$B15-1)-1)/(POWER($AH$7,$B$3-1)-1) -> 0.30703098 | AI15: =$AI$5+($AI$6-$AI$5)*(POWER($AI$7,$B15-1)-1)/(POWER($AI$7,$B$3-1)-1) -> 1.9859812 | AJ15: =$AJ$5+($AJ$6-$AJ$5)*(POWER($AJ$7,$B15-1)-1)/(POWER($AJ$7,$B$3-1)-1) -> 1.7529516 | AK15: =$AK$5+($AK$6-$AK$5)*(POWER($AK$7,$B15-1)-1)/(POWER($AK$7,$B$3-1)-1) -> 1 | AL15: =ROUND(Z15/AF15*AG15,0) -> 305 | AM15: =ROUND(AA15*AH15,0) -> 104 | AN15: =ROUND(AB15,0) -> 225 | AO15: =ROUND(Z15/$AE15*AG15*AJ15,0) -> 344 | AP15: =ROUND(AM15*AK15,0) -> 104 | AR15: =ROUNDUP(AR$10*$AO15,0) -> 344 | AS15: =ROUNDUP(AS$10*$AO15,0) -> 1032 | AT15: =ROUNDUP(AT$10*$AO15,0) -> 620 | AU15: =ROUNDUP(AU$10*$AO15,0) -> 172 | AV15: =ROUNDUP(AV$10*$AO15,0) -> 52 | AW15: =ROUNDUP(AW$10*$AO15,0) -> 1376 | AX15: =ROUNDUP(AX$10*$AO15,0) -> 3096 | AY15: =ROUND(AL15*$AY$10*AI15,0) -> 36343 | AZ15: =ROUND(AL15*$AZ$10*AI15,0) -> 18172 | BB15: =B15 -> 4
B16: 5 | C16: =C$5+(C$6-C$5)*(POWER(C$7,$B16-1)-1)/(POWER(C$7,$B$3-1)-1) -> 395.07822 | D16: =D$5+(D$6-D$5)*(POWER(D$7,$B16-1)-1)/(POWER(D$7,$B$3-1)-1) -> 118.52346 | E16: =E$5+(E$6-E$5)*(POWER(E$7,$B16-1)-1)/(POWER(E$7,$B$3-1)-1) -> 79.015643 | F16: =F$5+(F$6-F$5)*(POWER(F$7,$B16-1)-1)/(POWER(F$7,$B$3-1)-1) -> 1000.198 | G16: =G$5+(G$6-G$5)*(POWER(G$7,$B16-1)-1)/(POWER(G$7,$B$3-1)-1) -> 300.0594 | H16: =H$5+(H$6-H$5)*(POWER(H$7,$B16-1)-1)/(POWER(H$7,$B$3-1)-1) -> 200.0396 | I16: =I$5+(I$6-I$5)*(POWER(I$7,$B16-1)-1)/(POWER(I$7,$B$3-1)-1) -> 0 | J16: =标准模型!$I$65/1*$B16/$B$3 -> 0.036 | K16: =J16*标准模型!$J$63 -> 0.036 | L16: =C16*(1+I16)+F16 -> 1395.2762 | M16: =D16*(1+J16)+G16 -> 422.84971 | N16: =E16*(1+K16)+H16 -> 281.89981 | O16: =O$5+(O$6-O$5)*(POWER(O$7,$B16-1)-1)/(POWER(O$7,$B$3-1)-1) -> 0.50400901 | P16: =P$5+(P$6-P$5)*(POWER(P$7,$B16-1)-1)/(POWER(P$7,$B$3-1)-1) -> 0.0021618867 | Q16: =Q$5+(Q$6-Q$5)*(POWER(Q$7,$B16-1)-1)/(POWER(Q$7,$B$3-1)-1) -> 0.27720495 | R16: =R$5+(R$6-R$5)*(POWER(R$7,$B16-1)-1)/(POWER(R$7,$B$3-1)-1) -> 1.0016036 | S16: =S$5+(S$6-S$5)*(POWER(S$7,$B16-1)-1)/(POWER(S$7,$B$3-1)-1) -> 0.055211711 | T16: =T$5+(T$6-T$5)*(POWER(T$7,$B16-1)-1)/(POWER(T$7,$B$3-1)-1) -> 2.0156351 | U16: =U$5+(U$6-U$5)*(POWER(U$7,$B16-1)-1)/(POWER(U$7,$B$3-1)-1) -> 1 | V16: =V$5+(V$6-V$5)*(POWER(V$7,$B16-1)-1)/(POWER(V$7,$B$3-1)-1) -> 1.0043722 | W16: =W$5+(W$6-W$5)*(POWER(W$7,$B16-1)-1)/(POWER(W$7,$B$3-1)-1) -> 1.0128288 | X16: =(1+S16*(T16-1))*U16*W16*(O16+P16)*R16 -> 0.54228032 | Y16: =(1+S16*(T16-1))*(O16+P16+Q16)*U16*V16*W16*R16 -> 0.84293006 | Z16: =Y16*L16 -> 1176.1203 | AA16: =M16 -> 422.84971 | AB16: =N16 -> 281.89981 | AC16: =AB16/(AB16+战斗公式!$M$27) -> 0.011609463 | AD16: =Z16/(1-AC16) -> 1189.9348 | AE16: =AD16/AA16/X16 -> 5.1893537 | AF16: =AD16/AA16/Y16 -> 3.3384554 | AG16: =AG$5+(AG$6-AG$5)*(POWER(AG$7,$B16-1)-1)/(POWER(AG$7,$B$3-1)-1) -> 1.1214952 | AH16: =$AH$5+($AH$6-$AH$5)*(POWER($AH$7,$B16-1)-1)/(POWER($AH$7,$B$3-1)-1) -> 0.30938402 | AI16: =$AI$5+($AI$6-$AI$5)*(POWER($AI$7,$B16-1)-1)/(POWER($AI$7,$B$3-1)-1) -> 1.9366822 | AJ16: =$AJ$5+($AJ$6-$AJ$5)*(POWER($AJ$7,$B16-1)-1)/(POWER($AJ$7,$B$3-1)-1) -> 1.7378919 | AK16: =$AK$5+($AK$6-$AK$5)*(POWER($AK$7,$B16-1)-1)/(POWER($AK$7,$B$3-1)-1) -> 1 | AL16: =ROUND(Z16/AF16*AG16,0) -> 395 | AM16: =ROUND(AA16*AH16,0) -> 131 | AN16: =ROUND(AB16,0) -> 282 | AO16: =ROUND(Z16/$AE16*AG16*AJ16,0) -> 442 | AP16: =ROUND(AM16*AK16,0) -> 131 | AR16: =ROUNDUP(AR$10*$AO16,0) -> 442 | AS16: =ROUNDUP(AS$10*$AO16,0) -> 1326 | AT16: =ROUNDUP(AT$10*$AO16,0) -> 796 | AU16: =ROUNDUP(AU$10*$AO16,0) -> 221 | AV16: =ROUNDUP(AV$10*$AO16,0) -> 67 | AW16: =ROUNDUP(AW$10*$AO16,0) -> 1768 | AX16: =ROUNDUP(AX$10*$AO16,0) -> 3978 | AY16: =ROUND(AL16*$AY$10*AI16,0) -> 45899 | AZ16: =ROUND(AL16*$AZ$10*AI16,0) -> 22950 | BB16: =B16 -> 5
B17: 6 | C17: =C$5+(C$6-C$5)*(POWER(C$7,$B17-1)-1)/(POWER(C$7,$B$3-1)-1) -> 474.09757 | D17: =D$5+(D$6-D$5)*(POWER(D$7,$B17-1)-1)/(POWER(D$7,$B$3-1)-1) -> 142.22927 | E17: =E$5+(E$6-E$5)*(POWER(E$7,$B17-1)-1)/(POWER(E$7,$B$3-1)-1) -> 94.819515 | F17: =F$5+(F$6-F$5)*(POWER(F$7,$B17-1)-1)/(POWER(F$7,$B$3-1)-1) -> 1200.247 | G17: =G$5+(G$6-G$5)*(POWER(G$7,$B17-1)-1)/(POWER(G$7,$B$3-1)-1) -> 360.07411 | H17: =H$5+(H$6-H$5)*(POWER(H$7,$B17-1)-1)/(POWER(H$7,$B$3-1)-1) -> 240.0494 | I17: =I$5+(I$6-I$5)*(POWER(I$7,$B17-1)-1)/(POWER(I$7,$B$3-1)-1) -> 0 | J17: =标准模型!$I$65/1*$B17/$B$3 -> 0.0432 | K17: =J17*标准模型!$J$63 -> 0.0432 | L17: =C17*(1+I17)+F17 -> 1674.3446 | M17: =D17*(1+J17)+G17 -> 508.44768 | N17: =E17*(1+K17)+H17 -> 338.96512 | O17: =O$5+(O$6-O$5)*(POWER(O$7,$B17-1)-1)/(POWER(O$7,$B$3-1)-1) -> 0.50501126 | P17: =P$5+(P$6-P$5)*(POWER(P$7,$B17-1)-1)/(POWER(P$7,$B$3-1)-1) -> 0.0027043866 | Q17: =Q$5+(Q$6-Q$5)*(POWER(Q$7,$B17-1)-1)/(POWER(Q$7,$B$3-1)-1) -> 0.27775619 | R17: =R$5+(R$6-R$5)*(POWER(R$7,$B17-1)-1)/(POWER(R$7,$B$3-1)-1) -> 1.0020045 | S17: =S$5+(S$6-S$5)*(POWER(S$7,$B17-1)-1)/(POWER(S$7,$B$3-1)-1) -> 0.056514635 | T17: =T$5+(T$6-T$5)*(POWER(T$7,$B17-1)-1)/(POWER(T$7,$B$3-1)-1) -> 2.0195439 | U17: =U$5+(U$6-U$5)*(POWER(U$7,$B17-1)-1)/(POWER(U$7,$B$3-1)-1) -> 1 | V17: =V$5+(V$6-V$5)*(POWER(V$7,$B17-1)-1)/(POWER(V$7,$B$3-1)-1) -> 1.0054653 | W17: =W$5+(W$6-W$5)*(POWER(W$7,$B17-1)-1)/(POWER(W$7,$B$3-1)-1) -> 1.016036 | X17: =(1+S17*(T17-1))*U17*W17*(O17+P17)*R17 -> 0.54667427 | Y17: =(1+S17*(T17-1))*(O17+P17+Q17)*U17*V17*W17*R17 -> 0.85036578 | Z17: =Y17*L17 -> 1423.8054 | AA17: =M17 -> 508.44768 | AB17: =N17 -> 338.96512 | AC17: =AB17/(AB17+战斗公式!$M$27) -> 0.01392685 | AD17: =Z17/(1-AC17) -> 1443.9145 | AE17: =AD17/AA17/X17 -> 5.1947731 | AF17: =AD17/AA17/Y17 -> 3.3395614 | AG17: =AG$5+(AG$6-AG$5)*(POWER(AG$7,$B17-1)-1)/(POWER(AG$7,$B$3-1)-1) -> 1.1513017 | AH17: =$AH$5+($AH$6-$AH$5)*(POWER($AH$7,$B17-1)-1)/(POWER($AH$7,$B$3-1)-1) -> 0.31174177 | AI17: =$AI$5+($AI$6-$AI$5)*(POWER($AI$7,$B17-1)-1)/(POWER($AI$7,$B$3-1)-1) -> 1.8898481 | AJ17: =$AJ$5+($AJ$6-$AJ$5)*(POWER($AJ$7,$B17-1)-1)/(POWER($AJ$7,$B$3-1)-1) -> 1.7231334 | AK17: =$AK$5+($AK$6-$AK$5)*(POWER($AK$7,$B17-1)-1)/(POWER($AK$7,$B$3-1)-1) -> 1 | AL17: =ROUND(Z17/AF17*AG17,0) -> 491 | AM17: =ROUND(AA17*AH17,0) -> 159 | AN17: =ROUND(AB17,0) -> 339 | AO17: =ROUND(Z17/$AE17*AG17*AJ17,0) -> 544 | AP17: =ROUND(AM17*AK17,0) -> 159 | AR17: =ROUNDUP(AR$10*$AO17,0) -> 544 | AS17: =ROUNDUP(AS$10*$AO17,0) -> 1632 | AT17: =ROUNDUP(AT$10*$AO17,0) -> 980 | AU17: =ROUNDUP(AU$10*$AO17,0) -> 272 | AV17: =ROUNDUP(AV$10*$AO17,0) -> 82 | AW17: =ROUNDUP(AW$10*$AO17,0) -> 2176 | AX17: =ROUNDUP(AX$10*$AO17,0) -> 4896 | AY17: =ROUND(AL17*$AY$10*AI17,0) -> 55675 | AZ17: =ROUND(AL17*$AZ$10*AI17,0) -> 27837 | BB17: =B17 -> 6
B18: 7 | C18: =C$5+(C$6-C$5)*(POWER(C$7,$B18-1)-1)/(POWER(C$7,$B$3-1)-1) -> 553.11685 | D18: =D$5+(D$6-D$5)*(POWER(D$7,$B18-1)-1)/(POWER(D$7,$B$3-1)-1) -> 165.93506 | E18: =E$5+(E$6-E$5)*(POWER(E$7,$B18-1)-1)/(POWER(E$7,$B$3-1)-1) -> 110.62337 | F18: =F$5+(F$6-F$5)*(POWER(F$7,$B18-1)-1)/(POWER(F$7,$B$3-1)-1) -> 1400.2958 | G18: =G$5+(G$6-G$5)*(POWER(G$7,$B18-1)-1)/(POWER(G$7,$B$3-1)-1) -> 420.08875 | H18: =H$5+(H$6-H$5)*(POWER(H$7,$B18-1)-1)/(POWER(H$7,$B$3-1)-1) -> 280.05916 | I18: =I$5+(I$6-I$5)*(POWER(I$7,$B18-1)-1)/(POWER(I$7,$B$3-1)-1) -> 0 | J18: =标准模型!$I$65/1*$B18/$B$3 -> 0.0504 | K18: =J18*标准模型!$J$63 -> 0.0504 | L18: =C18*(1+I18)+F18 -> 1953.4127 | M18: =D18*(1+J18)+G18 -> 594.38693 | N18: =E18*(1+K18)+H18 -> 396.25795 | O18: =O$5+(O$6-O$5)*(POWER(O$7,$B18-1)-1)/(POWER(O$7,$B$3-1)-1) -> 0.50601351 | P18: =P$5+(P$6-P$5)*(POWER(P$7,$B18-1)-1)/(POWER(P$7,$B$3-1)-1) -> 0.0032477003 | Q18: =Q$5+(Q$6-Q$5)*(POWER(Q$7,$B18-1)-1)/(POWER(Q$7,$B$3-1)-1) -> 0.27830743 | R18: =R$5+(R$6-R$5)*(POWER(R$7,$B18-1)-1)/(POWER(R$7,$B$3-1)-1) -> 1.0024054 | S18: =S$5+(S$6-S$5)*(POWER(S$7,$B18-1)-1)/(POWER(S$7,$B$3-1)-1) -> 0.057817558 | T18: =T$5+(T$6-T$5)*(POWER(T$7,$B18-1)-1)/(POWER(T$7,$B$3-1)-1) -> 2.0234527 | U18: =U$5+(U$6-U$5)*(POWER(U$7,$B18-1)-1)/(POWER(U$7,$B$3-1)-1) -> 1 | V18: =V$5+(V$6-V$5)*(POWER(V$7,$B18-1)-1)/(POWER(V$7,$B$3-1)-1) -> 1.0065583 | W18: =W$5+(W$6-W$5)*(POWER(W$7,$B18-1)-1)/(POWER(W$7,$B$3-1)-1) -> 1.0192432 | X18: =(1+S18*(T18-1))*U18*W18*(O18+P18)*R18 -> 0.55109814 | Y18: =(1+S18*(T18-1))*(O18+P18+Q18)*U18*V18*W18*R18 -> 0.85785859 | Z18: =Y18*L18 -> 1675.7518 | AA18: =M18 -> 594.38693 | AB18: =N18 -> 396.25795 | AC18: =AB18/(AB18+战斗公式!$M$27) -> 0.016242571 | AD18: =Z18/(1-AC18) -> 1703.4198 | AE18: =AD18/AA18/X18 -> 5.2002412 | AF18: =AD18/AA18/Y18 -> 3.3406942 | AG18: =AG$5+(AG$6-AG$5)*(POWER(AG$7,$B18-1)-1)/(POWER(AG$7,$B$3-1)-1) -> 1.1808846 | AH18: =$AH$5+($AH$6-$AH$5)*(POWER($AH$7,$B18-1)-1)/(POWER($AH$7,$B$3-1)-1) -> 0.31410423 | AI18: =$AI$5+($AI$6-$AI$5)*(POWER($AI$7,$B18-1)-1)/(POWER($AI$7,$B$3-1)-1) -> 1.8453557 | AJ18: =$AJ$5+($AJ$6-$AJ$5)*(POWER($AJ$7,$B18-1)-1)/(POWER($AJ$7,$B$3-1)-1) -> 1.7086701 | AK18: =$AK$5+($AK$6-$AK$5)*(POWER($AK$7,$B18-1)-1)/(POWER($AK$7,$B$3-1)-1) -> 1 | AL18: =ROUND(Z18/AF18*AG18,0) -> 592 | AM18: =ROUND(AA18*AH18,0) -> 187 | AN18: =ROUND(AB18,0) -> 396 | AO18: =ROUND(Z18/$AE18*AG18*AJ18,0) -> 650 | AP18: =ROUND(AM18*AK18,0) -> 187 | AR18: =ROUNDUP(AR$10*$AO18,0) -> 650 | AS18: =ROUNDUP(AS$10*$AO18,0) -> 1950 | AT18: =ROUNDUP(AT$10*$AO18,0) -> 1170 | AU18: =ROUNDUP(AU$10*$AO18,0) -> 325 | AV18: =ROUNDUP(AV$10*$AO18,0) -> 98 | AW18: =ROUNDUP(AW$10*$AO18,0) -> 2600 | AX18: =ROUNDUP(AX$10*$AO18,0) -> 5850 | AY18: =ROUND(AL18*$AY$10*AI18,0) -> 65547 | AZ18: =ROUND(AL18*$AZ$10*AI18,0) -> 32774 | BB18: =B18 -> 7
B19: 8 | C19: =C$5+(C$6-C$5)*(POWER(C$7,$B19-1)-1)/(POWER(C$7,$B$3-1)-1) -> 632.13605 | D19: =D$5+(D$6-D$5)*(POWER(D$7,$B19-1)-1)/(POWER(D$7,$B$3-1)-1) -> 189.64081 | E19: =E$5+(E$6-E$5)*(POWER(E$7,$B19-1)-1)/(POWER(E$7,$B$3-1)-1) -> 126.42721 | F19: =F$5+(F$6-F$5)*(POWER(F$7,$B19-1)-1)/(POWER(F$7,$B$3-1)-1) -> 1600.3444 | G19: =G$5+(G$6-G$5)*(POWER(G$7,$B19-1)-1)/(POWER(G$7,$B$3-1)-1) -> 480.10333 | H19: =H$5+(H$6-H$5)*(POWER(H$7,$B19-1)-1)/(POWER(H$7,$B$3-1)-1) -> 320.06889 | I19: =I$5+(I$6-I$5)*(POWER(I$7,$B19-1)-1)/(POWER(I$7,$B$3-1)-1) -> 0 | J19: =标准模型!$I$65/1*$B19/$B$3 -> 0.0576 | K19: =J19*标准模型!$J$63 -> 0.0576 | L19: =C19*(1+I19)+F19 -> 2232.4805 | M19: =D19*(1+J19)+G19 -> 680.66745 | N19: =E19*(1+K19)+H19 -> 453.7783 | O19: =O$5+(O$6-O$5)*(POWER(O$7,$B19-1)-1)/(POWER(O$7,$B$3-1)-1) -> 0.50701575 | P19: =P$5+(P$6-P$5)*(POWER(P$7,$B19-1)-1)/(POWER(P$7,$B$3-1)-1) -> 0.003791829 | Q19: =Q$5+(Q$6-Q$5)*(POWER(Q$7,$B19-1)-1)/(POWER(Q$7,$B$3-1)-1) -> 0.27885866 | R19: =R$5+(R$6-R$5)*(POWER(R$7,$B19-1)-1)/(POWER(R$7,$B$3-1)-1) -> 1.0028063 | S19: =S$5+(S$6-S$5)*(POWER(S$7,$B19-1)-1)/(POWER(S$7,$B$3-1)-1) -> 0.05912048 | T19: =T$5+(T$6-T$5)*(POWER(T$7,$B19-1)-1)/(POWER(T$7,$B$3-1)-1) -> 2.0273614 | U19: =U$5+(U$6-U$5)*(POWER(U$7,$B19-1)-1)/(POWER(U$7,$B$3-1)-1) -> 1 | V19: =V$5+(V$6-V$5)*(POWER(V$7,$B19-1)-1)/(POWER(V$7,$B$3-1)-1) -> 1.0076514 | W19: =W$5+(W$6-W$5)*(POWER(W$7,$B19-1)-1)/(POWER(W$7,$B$3-1)-1) -> 1.0224504 | X19: =(1+S19*(T19-1))*U19*W19*(O19+P19)*R19 -> 0.55555212 | Y19: =(1+S19*(T19-1))*(O19+P19+Q19)*U19*V19*W19*R19 -> 0.86540889 | Z19: =Y19*L19 -> 1932.0084 | AA19: =M19 -> 680.66745 | AB19: =N19 -> 453.7783 | AC19: =AB19/(AB19+战斗公式!$M$27) -> 0.018556572 | AD19: =Z19/(1-AC19) -> 1968.5378 | AE19: =AD19/AA19/X19 -> 5.2057577 | AF19: =AD19/AA19/Y19 -> 3.3418535 | AG19: =AG$5+(AG$6-AG$5)*(POWER(AG$7,$B19-1)-1)/(POWER(AG$7,$B$3-1)-1) -> 1.2102456 | AH19: =$AH$5+($AH$6-$AH$5)*(POWER($AH$7,$B19-1)-1)/(POWER($AH$7,$B$3-1)-1) -> 0.31647142 | AI19: =$AI$5+($AI$6-$AI$5)*(POWER($AI$7,$B19-1)-1)/(POWER($AI$7,$B$3-1)-1) -> 1.8030879 | AJ19: =$AJ$5+($AJ$6-$AJ$5)*(POWER($AJ$7,$B19-1)-1)/(POWER($AJ$7,$B$3-1)-1) -> 1.694496 | AK19: =$AK$5+($AK$6-$AK$5)*(POWER($AK$7,$B19-1)-1)/(POWER($AK$7,$B$3-1)-1) -> 1 | AL19: =ROUND(Z19/AF19*AG19,0) -> 700 | AM19: =ROUND(AA19*AH19,0) -> 215 | AN19: =ROUND(AB19,0) -> 454 | AO19: =ROUND(Z19/$AE19*AG19*AJ19,0) -> 761 | AP19: =ROUND(AM19*AK19,0) -> 215 | AR19: =ROUNDUP(AR$10*$AO19,0) -> 761 | AS19: =ROUNDUP(AS$10*$AO19,0) -> 2283 | AT19: =ROUNDUP(AT$10*$AO19,0) -> 1370 | AU19: =ROUNDUP(AU$10*$AO19,0) -> 381 | AV19: =ROUNDUP(AV$10*$AO19,0) -> 115 | AW19: =ROUNDUP(AW$10*$AO19,0) -> 3044 | AX19: =ROUNDUP(AX$10*$AO19,0) -> 6849 | AY19: =ROUND(AL19*$AY$10*AI19,0) -> 75730 | AZ19: =ROUND(AL19*$AZ$10*AI19,0) -> 37865 | BB19: =B19 -> 8
B20: 9 | C20: =C$5+(C$6-C$5)*(POWER(C$7,$B20-1)-1)/(POWER(C$7,$B$3-1)-1) -> 711.15517 | D20: =D$5+(D$6-D$5)*(POWER(D$7,$B20-1)-1)/(POWER(D$7,$B$3-1)-1) -> 213.34655 | E20: =E$5+(E$6-E$5)*(POWER(E$7,$B20-1)-1)/(POWER(E$7,$B$3-1)-1) -> 142.23103 | F20: =F$5+(F$6-F$5)*(POWER(F$7,$B20-1)-1)/(POWER(F$7,$B$3-1)-1) -> 1800.3928 | G20: =G$5+(G$6-G$5)*(POWER(G$7,$B20-1)-1)/(POWER(G$7,$B$3-1)-1) -> 540.11785 | H20: =H$5+(H$6-H$5)*(POWER(H$7,$B20-1)-1)/(POWER(H$7,$B$3-1)-1) -> 360.07857 | I20: =I$5+(I$6-I$5)*(POWER(I$7,$B20-1)-1)/(POWER(I$7,$B$3-1)-1) -> 0 | J20: =标准模型!$I$65/1*$B20/$B$3 -> 0.0648 | K20: =J20*标准模型!$J$63 -> 0.0648 | L20: =C20*(1+I20)+F20 -> 2511.548 | M20: =D20*(1+J20)+G20 -> 767.28926 | N20: =E20*(1+K20)+H20 -> 511.52617 | O20: =O$5+(O$6-O$5)*(POWER(O$7,$B20-1)-1)/(POWER(O$7,$B$3-1)-1) -> 0.508018 | P20: =P$5+(P$6-P$5)*(POWER(P$7,$B20-1)-1)/(POWER(P$7,$B$3-1)-1) -> 0.0043367739 | Q20: =Q$5+(Q$6-Q$5)*(POWER(Q$7,$B20-1)-1)/(POWER(Q$7,$B$3-1)-1) -> 0.2794099 | R20: =R$5+(R$6-R$5)*(POWER(R$7,$B20-1)-1)/(POWER(R$7,$B$3-1)-1) -> 1.0032072 | S20: =S$5+(S$6-S$5)*(POWER(S$7,$B20-1)-1)/(POWER(S$7,$B$3-1)-1) -> 0.0604234 | T20: =T$5+(T$6-T$5)*(POWER(T$7,$B20-1)-1)/(POWER(T$7,$B$3-1)-1) -> 2.0312702 | U20: =U$5+(U$6-U$5)*(POWER(U$7,$B20-1)-1)/(POWER(U$7,$B$3-1)-1) -> 1 | V20: =V$5+(V$6-V$5)*(POWER(V$7,$B20-1)-1)/(POWER(V$7,$B$3-1)-1) -> 1.0087444 | W20: =W$5+(W$6-W$5)*(POWER(W$7,$B20-1)-1)/(POWER(W$7,$B$3-1)-1) -> 1.0256576 | X20: =(1+S20*(T20-1))*U20*W20*(O20+P20)*R20 -> 0.56003641 | Y20: =(1+S20*(T20-1))*(O20+P20+Q20)*U20*V20*W20*R20 -> 0.87301709 | Z20: =Y20*L20 -> 2192.6243 | AA20: =M20 -> 767.28926 | AB20: =N20 -> 511.52617 | AC20: =AB20/(AB20+战斗公式!$M$27) -> 0.020868801 | AD20: =Z20/(1-AC20) -> 2239.357 | AE20: =AD20/AA20/X20 -> 5.2113226 | AF20: =AD20/AA20/Y20 -> 3.3430393 | AG20: =AG$5+(AG$6-AG$5)*(POWER(AG$7,$B20-1)-1)/(POWER(AG$7,$B$3-1)-1) -> 1.2393864 | AH20: =$AH$5+($AH$6-$AH$5)*(POWER($AH$7,$B20-1)-1)/(POWER($AH$7,$B$3-1)-1) -> 0.31884334 | AI20: =$AI$5+($AI$6-$AI$5)*(POWER($AI$7,$B20-1)-1)/(POWER($AI$7,$B$3-1)-1) -> 1.7629335 | AJ20: =$AJ$5+($AJ$6-$AJ$5)*(POWER($AJ$7,$B20-1)-1)/(POWER($AJ$7,$B$3-1)-1) -> 1.6806054 | AK20: =$AK$5+($AK$6-$AK$5)*(POWER($AK$7,$B20-1)-1)/(POWER($AK$7,$B$3-1)-1) -> 1 | AL20: =ROUND(Z20/AF20*AG20,0) -> 813 | AM20: =ROUND(AA20*AH20,0) -> 245 | AN20: =ROUND(AB20,0) -> 512 | AO20: =ROUND(Z20/$AE20*AG20*AJ20,0) -> 876 | AP20: =ROUND(AM20*AK20,0) -> 245 | AR20: =ROUNDUP(AR$10*$AO20,0) -> 876 | AS20: =ROUNDUP(AS$10*$AO20,0) -> 2628 | AT20: =ROUNDUP(AT$10*$AO20,0) -> 1577 | AU20: =ROUNDUP(AU$10*$AO20,0) -> 438 | AV20: =ROUNDUP(AV$10*$AO20,0) -> 132 | AW20: =ROUNDUP(AW$10*$AO20,0) -> 3504 | AX20: =ROUNDUP(AX$10*$AO20,0) -> 7884 | AY20: =ROUND(AL20*$AY$10*AI20,0) -> 85996 | AZ20: =ROUND(AL20*$AZ$10*AI20,0) -> 42998 | BB20: =B20 -> 9
B21: 10 | C21: =C$5+(C$6-C$5)*(POWER(C$7,$B21-1)-1)/(POWER(C$7,$B$3-1)-1) -> 790.17421 | D21: =D$5+(D$6-D$5)*(POWER(D$7,$B21-1)-1)/(POWER(D$7,$B$3-1)-1) -> 237.05226 | E21: =E$5+(E$6-E$5)*(POWER(E$7,$B21-1)-1)/(POWER(E$7,$B$3-1)-1) -> 158.03484 | F21: =F$5+(F$6-F$5)*(POWER(F$7,$B21-1)-1)/(POWER(F$7,$B$3-1)-1) -> 2000.441 | G21: =G$5+(G$6-G$5)*(POWER(G$7,$B21-1)-1)/(POWER(G$7,$B$3-1)-1) -> 600.13231 | H21: =H$5+(H$6-H$5)*(POWER(H$7,$B21-1)-1)/(POWER(H$7,$B$3-1)-1) -> 400.08821 | I21: =I$5+(I$6-I$5)*(POWER(I$7,$B21-1)-1)/(POWER(I$7,$B$3-1)-1) -> 0 | J21: =标准模型!$I$65/1*$B21/$B$3 -> 0.072 | K21: =J21*标准模型!$J$63 -> 0.072 | L21: =C21*(1+I21)+F21 -> 2790.6152 | M21: =D21*(1+J21)+G21 -> 854.25234 | N21: =E21*(1+K21)+H21 -> 569.50156 | O21: =O$5+(O$6-O$5)*(POWER(O$7,$B21-1)-1)/(POWER(O$7,$B$3-1)-1) -> 0.50902025 | P21: =P$5+(P$6-P$5)*(POWER(P$7,$B21-1)-1)/(POWER(P$7,$B$3-1)-1) -> 0.0048825362 | Q21: =Q$5+(Q$6-Q$5)*(POWER(Q$7,$B21-1)-1)/(POWER(Q$7,$B$3-1)-1) -> 0.27996114 | R21: =R$5+(R$6-R$5)*(POWER(R$7,$B21-1)-1)/(POWER(R$7,$B$3-1)-1) -> 1.0036081 | S21: =S$5+(S$6-S$5)*(POWER(S$7,$B21-1)-1)/(POWER(S$7,$B$3-1)-1) -> 0.061726319 | T21: =T$5+(T$6-T$5)*(POWER(T$7,$B21-1)-1)/(POWER(T$7,$B$3-1)-1) -> 2.035179 | U21: =U$5+(U$6-U$5)*(POWER(U$7,$B21-1)-1)/(POWER(U$7,$B$3-1)-1) -> 1 | V21: =V$5+(V$6-V$5)*(POWER(V$7,$B21-1)-1)/(POWER(V$7,$B$3-1)-1) -> 1.0098375 | W21: =W$5+(W$6-W$5)*(POWER(W$7,$B21-1)-1)/(POWER(W$7,$B$3-1)-1) -> 1.0288648 | X21: =(1+S21*(T21-1))*U21*W21*(O21+P21)*R21 -> 0.5645512 | Y21: =(1+S21*(T21-1))*(O21+P21+Q21)*U21*V21*W21*R21 -> 0.8806836 | Z21: =Y21*L21 -> 2457.6491 | AA21: =M21 -> 854.25234 | AB21: =N21 -> 569.50156 | AC21: =AB21/(AB21+战斗公式!$M$27) -> 0.023179207 | AD21: =Z21/(1-AC21) -> 2515.9672 | AE21: =AD21/AA21/X21 -> 5.2169355 | AF21: =AD21/AA21/Y21 -> 3.3442512 | AG21: =AG$5+(AG$6-AG$5)*(POWER(AG$7,$B21-1)-1)/(POWER(AG$7,$B$3-1)-1) -> 1.2683086 | AH21: =$AH$5+($AH$6-$AH$5)*(POWER($AH$7,$B21-1)-1)/(POWER($AH$7,$B$3-1)-1) -> 0.32122 | AI21: =$AI$5+($AI$6-$AI$5)*(POWER($AI$7,$B21-1)-1)/(POWER($AI$7,$B$3-1)-1) -> 1.7247868 | AJ21: =$AJ$5+($AJ$6-$AJ$5)*(POWER($AJ$7,$B21-1)-1)/(POWER($AJ$7,$B$3-1)-1) -> 1.6669926 | AK21: =$AK$5+($AK$6-$AK$5)*(POWER($AK$7,$B21-1)-1)/(POWER($AK$7,$B$3-1)-1) -> 1 | AL21: =ROUND(Z21/AF21*AG21,0) -> 932 | AM21: =ROUND(AA21*AH21,0) -> 274 | AN21: =ROUND(AB21,0) -> 570 | AO21: =ROUND(Z21/$AE21*AG21*AJ21,0) -> 996 | AP21: =ROUND(AM21*AK21,0) -> 274 | AR21: =ROUNDUP(AR$10*$AO21,0) -> 996 | AS21: =ROUNDUP(AS$10*$AO21,0) -> 2988 | AT21: =ROUNDUP(AT$10*$AO21,0) -> 1793 | AU21: =ROUNDUP(AU$10*$AO21,0) -> 498 | AV21: =ROUNDUP(AV$10*$AO21,0) -> 150 | AW21: =ROUNDUP(AW$10*$AO21,0) -> 3984 | AX21: =ROUNDUP(AX$10*$AO21,0) -> 8964 | AY21: =ROUND(AL21*$AY$10*AI21,0) -> 96450 | AZ21: =ROUND(AL21*$AZ$10*AI21,0) -> 48225 | BB21: =B21 -> 10
B22: 11 | C22: =C$5+(C$6-C$5)*(POWER(C$7,$B22-1)-1)/(POWER(C$7,$B$3-1)-1) -> 869.19317 | D22: =D$5+(D$6-D$5)*(POWER(D$7,$B22-1)-1)/(POWER(D$7,$B$3-1)-1) -> 260.75795 | E22: =E$5+(E$6-E$5)*(POWER(E$7,$B22-1)-1)/(POWER(E$7,$B$3-1)-1) -> 173.83863 | F22: =F$5+(F$6-F$5)*(POWER(F$7,$B22-1)-1)/(POWER(F$7,$B$3-1)-1) -> 2200.489 | G22: =G$5+(G$6-G$5)*(POWER(G$7,$B22-1)-1)/(POWER(G$7,$B$3-1)-1) -> 660.14671 | H22: =H$5+(H$6-H$5)*(POWER(H$7,$B22-1)-1)/(POWER(H$7,$B$3-1)-1) -> 440.09781 | I22: =I$5+(I$6-I$5)*(POWER(I$7,$B22-1)-1)/(POWER(I$7,$B$3-1)-1) -> 0 | J22: =标准模型!$I$65/1*$B22/$B$3 -> 0.0792 | K22: =J22*标准模型!$J$63 -> 0.0792 | L22: =C22*(1+I22)+F22 -> 3069.6822 | M22: =D22*(1+J22)+G22 -> 941.55669 | N22: =E22*(1+K22)+H22 -> 627.70446 | O22: =O$5+(O$6-O$5)*(POWER(O$7,$B22-1)-1)/(POWER(O$7,$B$3-1)-1) -> 0.51002249 | P22: =P$5+(P$6-P$5)*(POWER(P$7,$B22-1)-1)/(POWER(P$7,$B$3-1)-1) -> 0.0054291171 | Q22: =Q$5+(Q$6-Q$5)*(POWER(Q$7,$B22-1)-1)/(POWER(Q$7,$B$3-1)-1) -> 0.28051237 | R22: =R$5+(R$6-R$5)*(POWER(R$7,$B22-1)-1)/(POWER(R$7,$B$3-1)-1) -> 1.004009 | S22: =S$5+(S$6-S$5)*(POWER(S$7,$B22-1)-1)/(POWER(S$7,$B$3-1)-1) -> 0.063029237 | T22: =T$5+(T$6-T$5)*(POWER(T$7,$B22-1)-1)/(POWER(T$7,$B$3-1)-1) -> 2.0390877 | U22: =U$5+(U$6-U$5)*(POWER(U$7,$B22-1)-1)/(POWER(U$7,$B$3-1)-1) -> 1 | V22: =V$5+(V$6-V$5)*(POWER(V$7,$B22-1)-1)/(POWER(V$7,$B$3-1)-1) -> 1.0109305 | W22: =W$5+(W$6-W$5)*(POWER(W$7,$B22-1)-1)/(POWER(W$7,$B$3-1)-1) -> 1.032072 | X22: =(1+S22*(T22-1))*U22*W22*(O22+P22)*R22 -> 0.56909667 | Y22: =(1+S22*(T22-1))*(O22+P22+Q22)*U22*V22*W22*R22 -> 0.88840883 | Z22: =Y22*L22 -> 2727.1328 | AA22: =M22 -> 941.55669 | AB22: =N22 -> 627.70446 | AC22: =AB22/(AB22+战斗公式!$M$27) -> 0.025487737 | AD22: =Z22/(1-AC22) -> 2798.4592 | AE22: =AD22/AA22/X22 -> 5.2225963 | AF22: =AD22/AA22/Y22 -> 3.3454892 | AG22: =AG$5+(AG$6-AG$5)*(POWER(AG$7,$B22-1)-1)/(POWER(AG$7,$B$3-1)-1) -> 1.297014 | AH22: =$AH$5+($AH$6-$AH$5)*(POWER($AH$7,$B22-1)-1)/(POWER($AH$7,$B$3-1)-1) -> 0.32360142 | AI22: =$AI$5+($AI$6-$AI$5)*(POWER($AI$7,$B22-1)-1)/(POWER($AI$7,$B$3-1)-1) -> 1.6885475 | AJ22: =$AJ$5+($AJ$6-$AJ$5)*(POWER($AJ$7,$B22-1)-1)/(POWER($AJ$7,$B$3-1)-1) -> 1.6536521 | AK22: =$AK$5+($AK$6-$AK$5)*(POWER($AK$7,$B22-1)-1)/(POWER($AK$7,$B$3-1)-1) -> 1 | AL22: =ROUND(Z22/AF22*AG22,0) -> 1057 | AM22: =ROUND(AA22*AH22,0) -> 305 | AN22: =ROUND(AB22,0) -> 628 | AO22: =ROUND(Z22/$AE22*AG22*AJ22,0) -> 1120 | AP22: =ROUND(AM22*AK22,0) -> 305 | AR22: =ROUNDUP(AR$10*$AO22,0) -> 1120 | AS22: =ROUNDUP(AS$10*$AO22,0) -> 3360 | AT22: =ROUNDUP(AT$10*$AO22,0) -> 2016 | AU22: =ROUNDUP(AU$10*$AO22,0) -> 560 | AV22: =ROUNDUP(AV$10*$AO22,0) -> 168 | AW22: =ROUNDUP(AW$10*$AO22,0) -> 4480 | AX22: =ROUNDUP(AX$10*$AO22,0) -> 10080 | AY22: =ROUND(AL22*$AY$10*AI22,0) -> 107088 | AZ22: =ROUND(AL22*$AZ$10*AI22,0) -> 53544 | BB22: =B22 -> 11
B23: 12 | C23: =C$5+(C$6-C$5)*(POWER(C$7,$B23-1)-1)/(POWER(C$7,$B$3-1)-1) -> 948.21205 | D23: =D$5+(D$6-D$5)*(POWER(D$7,$B23-1)-1)/(POWER(D$7,$B$3-1)-1) -> 284.46362 | E23: =E$5+(E$6-E$5)*(POWER(E$7,$B23-1)-1)/(POWER(E$7,$B$3-1)-1) -> 189.64241 | F23: =F$5+(F$6-F$5)*(POWER(F$7,$B23-1)-1)/(POWER(F$7,$B$3-1)-1) -> 2400.5368 | G23: =G$5+(G$6-G$5)*(POWER(G$7,$B23-1)-1)/(POWER(G$7,$B$3-1)-1) -> 720.16105 | H23: =H$5+(H$6-H$5)*(POWER(H$7,$B23-1)-1)/(POWER(H$7,$B$3-1)-1) -> 480.10737 | I23: =I$5+(I$6-I$5)*(POWER(I$7,$B23-1)-1)/(POWER(I$7,$B$3-1)-1) -> 0 | J23: =标准模型!$I$65/1*$B23/$B$3 -> 0.0864 | K23: =J23*标准模型!$J$63 -> 0.0864 | L23: =C23*(1+I23)+F23 -> 3348.7489 | M23: =D23*(1+J23)+G23 -> 1029.2023 | N23: =E23*(1+K23)+H23 -> 686.13488 | O23: =O$5+(O$6-O$5)*(POWER(O$7,$B23-1)-1)/(POWER(O$7,$B$3-1)-1) -> 0.51102473 | P23: =P$5+(P$6-P$5)*(POWER(P$7,$B23-1)-1)/(POWER(P$7,$B$3-1)-1) -> 0.0059765179 | Q23: =Q$5+(Q$6-Q$5)*(POWER(Q$7,$B23-1)-1)/(POWER(Q$7,$B$3-1)-1) -> 0.2810636 | R23: =R$5+(R$6-R$5)*(POWER(R$7,$B23-1)-1)/(POWER(R$7,$B$3-1)-1) -> 1.0044099 | S23: =S$5+(S$6-S$5)*(POWER(S$7,$B23-1)-1)/(POWER(S$7,$B$3-1)-1) -> 0.064332154 | T23: =T$5+(T$6-T$5)*(POWER(T$7,$B23-1)-1)/(POWER(T$7,$B$3-1)-1) -> 2.0429965 | U23: =U$5+(U$6-U$5)*(POWER(U$7,$B23-1)-1)/(POWER(U$7,$B$3-1)-1) -> 1 | V23: =V$5+(V$6-V$5)*(POWER(V$7,$B23-1)-1)/(POWER(V$7,$B$3-1)-1) -> 1.0120236 | W23: =W$5+(W$6-W$5)*(POWER(W$7,$B23-1)-1)/(POWER(W$7,$B$3-1)-1) -> 1.0352791 | X23: =(1+S23*(T23-1))*U23*W23*(O23+P23)*R23 -> 0.57367303 | Y23: =(1+S23*(T23-1))*(O23+P23+Q23)*U23*V23*W23*R23 -> 0.8961932 | Z23: =Y23*L23 -> 3001.126 | AA23: =M23 -> 1029.2023 | AB23: =N23 -> 686.13488 | AC23: =AB23/(AB23+战斗公式!$M$27) -> 0.027794342 | AD23: =Z23/(1-AC23) -> 3086.9251 | AE23: =AD23/AA23/X23 -> 5.2283047 | AF23: =AD23/AA23/Y23 -> 3.3467531 | AG23: =AG$5+(AG$6-AG$5)*(POWER(AG$7,$B23-1)-1)/(POWER(AG$7,$B$3-1)-1) -> 1.325504 | AH23: =$AH$5+($AH$6-$AH$5)*(POWER($AH$7,$B23-1)-1)/(POWER($AH$7,$B$3-1)-1) -> 0.3259876 | AI23: =$AI$5+($AI$6-$AI$5)*(POWER($AI$7,$B23-1)-1)/(POWER($AI$7,$B$3-1)-1) -> 1.6541201 | AJ23: =$AJ$5+($AJ$6-$AJ$5)*(POWER($AJ$7,$B23-1)-1)/(POWER($AJ$7,$B$3-1)-1) -> 1.6405784 | AK23: =$AK$5+($AK$6-$AK$5)*(POWER($AK$7,$B23-1)-1)/(POWER($AK$7,$B$3-1)-1) -> 1 | AL23: =ROUND(Z23/AF23*AG23,0) -> 1189 | AM23: =ROUND(AA23*AH23,0) -> 336 | AN23: =ROUND(AB23,0) -> 686 | AO23: =ROUND(Z23/$AE23*AG23*AJ23,0) -> 1248 | AP23: =ROUND(AM23*AK23,0) -> 336 | AR23: =ROUNDUP(AR$10*$AO23,0) -> 1248 | AS23: =ROUNDUP(AS$10*$AO23,0) -> 3744 | AT23: =ROUNDUP(AT$10*$AO23,0) -> 2247 | AU23: =ROUNDUP(AU$10*$AO23,0) -> 624 | AV23: =ROUNDUP(AV$10*$AO23,0) -> 188 | AW23: =ROUNDUP(AW$10*$AO23,0) -> 4992 | AX23: =ROUNDUP(AX$10*$AO23,0) -> 11232 | AY23: =ROUND(AL23*$AY$10*AI23,0) -> 118005 | AZ23: =ROUND(AL23*$AZ$10*AI23,0) -> 59002 | BB23: =B23 -> 12
B24: 13 | C24: =C$5+(C$6-C$5)*(POWER(C$7,$B24-1)-1)/(POWER(C$7,$B$3-1)-1) -> 1027.2309 | D24: =D$5+(D$6-D$5)*(POWER(D$7,$B24-1)-1)/(POWER(D$7,$B$3-1)-1) -> 308.16926 | E24: =E$5+(E$6-E$5)*(POWER(E$7,$B24-1)-1)/(POWER(E$7,$B$3-1)-1) -> 205.44617 | F24: =F$5+(F$6-F$5)*(POWER(F$7,$B24-1)-1)/(POWER(F$7,$B$3-1)-1) -> 2600.5844 | G24: =G$5+(G$6-G$5)*(POWER(G$7,$B24-1)-1)/(POWER(G$7,$B$3-1)-1) -> 780.17533 | H24: =H$5+(H$6-H$5)*(POWER(H$7,$B24-1)-1)/(POWER(H$7,$B$3-1)-1) -> 520.11689 | I24: =I$5+(I$6-I$5)*(POWER(I$7,$B24-1)-1)/(POWER(I$7,$B$3-1)-1) -> 0 | J24: =标准模型!$I$65/1*$B24/$B$3 -> 0.0936 | K24: =J24*标准模型!$J$63 -> 0.0936 | L24: =C24*(1+I24)+F24 -> 3627.8153 | M24: =D24*(1+J24)+G24 -> 1117.1892 | N24: =E24*(1+K24)+H24 -> 744.79282 | O24: =O$5+(O$6-O$5)*(POWER(O$7,$B24-1)-1)/(POWER(O$7,$B$3-1)-1) -> 0.51202698 | P24: =P$5+(P$6-P$5)*(POWER(P$7,$B24-1)-1)/(POWER(P$7,$B$3-1)-1) -> 0.0065247398 | Q24: =Q$5+(Q$6-Q$5)*(POWER(Q$7,$B24-1)-1)/(POWER(Q$7,$B$3-1)-1) -> 0.28161484 | R24: =R$5+(R$6-R$5)*(POWER(R$7,$B24-1)-1)/(POWER(R$7,$B$3-1)-1) -> 1.0048108 | S24: =S$5+(S$6-S$5)*(POWER(S$7,$B24-1)-1)/(POWER(S$7,$B$3-1)-1) -> 0.065635069 | T24: =T$5+(T$6-T$5)*(POWER(T$7,$B24-1)-1)/(POWER(T$7,$B$3-1)-1) -> 2.0469052 | U24: =U$5+(U$6-U$5)*(POWER(U$7,$B24-1)-1)/(POWER(U$7,$B$3-1)-1) -> 1 | V24: =V$5+(V$6-V$5)*(POWER(V$7,$B24-1)-1)/(POWER(V$7,$B$3-1)-1) -> 1.0131166 | W24: =W$5+(W$6-W$5)*(POWER(W$7,$B24-1)-1)/(POWER(W$7,$B$3-1)-1) -> 1.0384863 | X24: =(1+S24*(T24-1))*U24*W24*(O24+P24)*R24 -> 0.57828047 | Y24: =(1+S24*(T24-1))*(O24+P24+Q24)*U24*V24*W24*R24 -> 0.90403714 | Z24: =Y24*L24 -> 3279.6798 | AA24: =M24 -> 1117.1892 | AB24: =N24 -> 744.79282 | AC24: =AB24/(AB24+战斗公式!$M$27) -> 0.030098972 | AD24: =Z24/(1-AC24) -> 3381.4582 | AE24: =AD24/AA24/X24 -> 5.2340607 | AF24: =AD24/AA24/Y24 -> 3.3480428 | AG24: =AG$5+(AG$6-AG$5)*(POWER(AG$7,$B24-1)-1)/(POWER(AG$7,$B$3-1)-1) -> 1.3537804 | AH24: =$AH$5+($AH$6-$AH$5)*(POWER($AH$7,$B24-1)-1)/(POWER($AH$7,$B$3-1)-1) -> 0.32837856 | AI24: =$AI$5+($AI$6-$AI$5)*(POWER($AI$7,$B24-1)-1)/(POWER($AI$7,$B$3-1)-1) -> 1.6214141 | AJ24: =$AJ$5+($AJ$6-$AJ$5)*(POWER($AJ$7,$B24-1)-1)/(POWER($AJ$7,$B$3-1)-1) -> 1.6277662 | AK24: =$AK$5+($AK$6-$AK$5)*(POWER($AK$7,$B24-1)-1)/(POWER($AK$7,$B$3-1)-1) -> 1 | AL24: =ROUND(Z24/AF24*AG24,0) -> 1326 | AM24: =ROUND(AA24*AH24,0) -> 367 | AN24: =ROUND(AB24,0) -> 745 | AO24: =ROUND(Z24/$AE24*AG24*AJ24,0) -> 1381 | AP24: =ROUND(AM24*AK24,0) -> 367 | AR24: =ROUNDUP(AR$10*$AO24,0) -> 1381 | AS24: =ROUNDUP(AS$10*$AO24,0) -> 4143 | AT24: =ROUNDUP(AT$10*$AO24,0) -> 2486 | AU24: =ROUNDUP(AU$10*$AO24,0) -> 691 | AV24: =ROUNDUP(AV$10*$AO24,0) -> 208 | AW24: =ROUNDUP(AW$10*$AO24,0) -> 5524 | AX24: =ROUNDUP(AX$10*$AO24,0) -> 12429 | AY24: =ROUND(AL24*$AY$10*AI24,0) -> 129000 | AZ24: =ROUND(AL24*$AZ$10*AI24,0) -> 64500 | BB24: =B24 -> 13
... B511: 500 | C511: =C$5+(C$6-C$5)*(POWER(C$7,$B511-1)-1)/(POWER(C$7,$B$3-1)-1) -> 39500 | D511: =D$5+(D$6-D$5)*(POWER(D$7,$B511-1)-1)/(POWER(D$7,$B$3-1)-1) -> 11850 | E511: =E$5+(E$6-E$5)*(POWER(E$7,$B511-1)-1)/(POWER(E$7,$B$3-1)-1) -> 7900 | F511: =F$5+(F$6-F$5)*(POWER(F$7,$B511-1)-1)/(POWER(F$7,$B$3-1)-1) -> 100000 | G511: =G$5+(G$6-G$5)*(POWER(G$7,$B511-1)-1)/(POWER(G$7,$B$3-1)-1) -> 30000 | H511: =H$5+(H$6-H$5)*(POWER(H$7,$B511-1)-1)/(POWER(H$7,$B$3-1)-1) -> 20000 | I511: =I$5+(I$6-I$5)*(POWER(I$7,$B511-1)-1)/(POWER(I$7,$B$3-1)-1) -> 0 | J511: =标准模型!$I$65/1*$B511/$B$3 -> 3.6 | K511: =J511*标准模型!$J$63 -> 3.6 | L511: =C511*(1+I511)+F511 -> 139500 | M511: =D511*(1+J511)+G511 -> 84510 | N511: =E511*(1+K511)+H511 -> 56340 | O511: =O$5+(O$6-O$5)*(POWER(O$7,$B511-1)-1)/(POWER(O$7,$B$3-1)-1) -> 1 | P511: =P$5+(P$6-P$5)*(POWER(P$7,$B511-1)-1)/(POWER(P$7,$B$3-1)-1) -> 0.4 | Q511: =Q$5+(Q$6-Q$5)*(POWER(Q$7,$B511-1)-1)/(POWER(Q$7,$B$3-1)-1) -> 0.55 | R511: =R$5+(R$6-R$5)*(POWER(R$7,$B511-1)-1)/(POWER(R$7,$B$3-1)-1) -> 1.2 | S511: =S$5+(S$6-S$5)*(POWER(S$7,$B511-1)-1)/(POWER(S$7,$B$3-1)-1) -> 0.7 | T511: =T$5+(T$6-T$5)*(POWER(T$7,$B511-1)-1)/(POWER(T$7,$B$3-1)-1) -> 3.95 | U511: =U$5+(U$6-U$5)*(POWER(U$7,$B511-1)-1)/(POWER(U$7,$B$3-1)-1) -> 1 | V511: =V$5+(V$6-V$5)*(POWER(V$7,$B511-1)-1)/(POWER(V$7,$B$3-1)-1) -> 1.5452991 | W511: =W$5+(W$6-W$5)*(POWER(W$7,$B511-1)-1)/(POWER(W$7,$B$3-1)-1) -> 2.6 | X511: =(1+S511*(T511-1))*U511*W511*(O511+P511)*R511 -> 13.38792 | Y511: =(1+S511*(T511-1))*(O511+P511+Q511)*U511*V511*W511*R511 -> 28.815904 | Z511: =Y511*L511 -> 4019818.6 | AA511: =M511 -> 84510 | AB511: =N511 -> 56340 | AC511: =AB511/(AB511+战斗公式!$M$27) -> 0.7012696 | AD511: =Z511/(1-AC511) -> 13456343 | AE511: =AD511/AA511/X511 -> 11.893395 | AF511: =AD511/AA511/Y511 -> 5.5256922 | AG511: =AG$5+(AG$6-AG$5)*(POWER(AG$7,$B511-1)-1)/(POWER(AG$7,$B$3-1)-1) -> 5 | AH511: =$AH$5+($AH$6-$AH$5)*(POWER($AH$7,$B511-1)-1)/(POWER($AH$7,$B$3-1)-1) -> 2.3 | AI511: =$AI$5+($AI$6-$AI$5)*(POWER($AI$7,$B511-1)-1)/(POWER($AI$7,$B$3-1)-1) -> 1 | AJ511: =$AJ$5+($AJ$6-$AJ$5)*(POWER($AJ$7,$B511-1)-1)/(POWER($AJ$7,$B$3-1)-1) -> 1 | AK511: =$AK$5+($AK$6-$AK$5)*(POWER($AK$7,$B511-1)-1)/(POWER($AK$7,$B$3-1)-1) -> 1 | AL511: =ROUND(Z511/AF511*AG511,0) -> 3637389 | AM511: =ROUND(AA511*AH511,0) -> 194373 | AN511: =ROUND(AB511,0) -> 56340 | AO511: =ROUND(Z511/$AE511*AG511*AJ511,0) -> 1689937 | AP511: =ROUND(AM511*AK511,0) -> 194373 | AR511: =ROUNDUP(AR$10*$AO511,0) -> 1689937 | AS511: =ROUNDUP(AS$10*$AO511,0) -> 5069811 | AT511: =ROUNDUP(AT$10*$AO511,0) -> 3041887 | AU511: =ROUNDUP(AU$10*$AO511,0) -> 844969 | AV511: =ROUNDUP(AV$10*$AO511,0) -> 253491 | AW511: =ROUNDUP(AW$10*$AO511,0) -> 6759748 | AX511: =ROUNDUP(AX$10*$AO511,0) -> 15209433 | AY511: =ROUND(AL511*$AY$10*AI511,0) -> 218243340 | AZ511: =ROUND(AL511*$AZ$10*AI511,0) -> 109121670 | BB511: =B511 -> 500

Sheet 技能系数
B2: 技能系数 | C2: 16.5 | G2: 技能系数计算 | J2: 拆分系数 | N2: 品质系数 | Q2: 攻血比
B3: 技能当前品质 | C3: R
B4: 单体伤害 | G4: 基础技能系数 | H4: =标准模型!H81 -> 2 | J4: 1 | K4: 0.7 | L4: =$L$7/$K$7*K4 -> 4.76 | N4: R | O4: 0.9 | Q4: 血量 | R4: 12 | S4: =$S$5*$R$5/R4 -> 3
B5: 单体系数 | C5: 1 | G5: 基础冷却时间 | H5: =标准模型!H78 -> 10 | J5: 2 | K5: 0.8 | L5: =$L$7/$K$7*K5 -> 5.44 | N5: SR | O5: 0.95 | Q5: 攻击 | R5: 3 | S5: 12
B6: 品质系数 | C6: =$C$3 -> R | D6: =VLOOKUP(C6,$N$4:$O$6,2,0) -> 0.9 | G6: 实际冷却时间 | H6: 12 | J6: 3 | K6: 0.9 | L6: =$L$7/$K$7*K6 -> 6.12 | N6: SSR | O6: 1 | Q6: 防御 | R6: 2 | S6: =$S$5*$R$5/R6 -> 18
B7: 攻速 | C7: 7 | G7: 最终技能系数 | H7: =H4*H6/H5 -> 2.4 | J7: 4 | K7: 1 | L7: 6.8
B8: 伤害系数 | C8: =C5/C7*D6*C2 -> 2.1214286 | G8: 普攻基础系数 | H8: =100% -> 1
G9: 必杀基础系数 | H9: =标准模型!H82 -> 16.5
B10: 穿透子弹
B11: 穿透子弹系数 | C11: 0.7
B12: 品质系数 | C12: =$C$3 -> R | D12: =VLOOKUP(C12,$N$4:$O$6,2,0) -> 0.9
B13: 攻速 | C13: 1
B14: 伤害系数 | C14: =C11/C13*D12*C2 -> 10.395
B16: 跟踪子弹 | N16: 普攻、必杀系数 | O16: 0.5 | P16: 0.65 | Q16: 0.8 | R16: 1
B17: 跟踪子弹系数 | C17: 0.93
B18: 品质系数 | C18: =$C$3 -> R | D18: =VLOOKUP(C18,$N$4:$O$6,2,0) -> 0.9 | N18: 技能系数 | O18: 0.5 | P18: 0.75 | Q18: 1
B19: 攻速 | C19: 1 | T19: %/ | U19: %
B20: 伤害系数 | C20: =C17/C19*D18*C2 -> 13.8105 | O20: =MROUND($R$20*O16,5) -> 20 | P20: =MROUND($R$20*P16,5) -> 25 | Q20: =MROUND($R$20*Q16,5) -> 30 | R20: 40 | T20: =_xlfn.CONCAT(O20,$T$19,P20,$T$19,Q20,$T$19,R20,$U$19) -> 20%/25%/30%/40%
O22: =MROUND(O18*$R$20,5) -> 20 | P22: =MROUND(P18*$R$20,5) -> 30 | Q22: =MROUND(Q18*$R$20,5) -> 40 | T22: =_xlfn.CONCAT(O22,$T$19,P22,$T$19,Q22,$U$19) -> 20%/30%/40%
B23: AOE子弹
B24: AOE系数 | C24: 0.75
B25: 品质系数 | C25: =$C$3 -> R | D25: =VLOOKUP(C25,$N$4:$O$6,2,0) -> 0.9
B26: 标准范围半径 | C26: 1
B27: 实际范围半径（标准倍数） | C27: 1
B28: 衰减系数 | C28: 1.2
B29: 攻速 | C29: 1
B30: 伤害系数 | C30: =POWER(C26,C28)/POWER(C27,C28)*C24*D25*C2/C29 -> 11.1375
B32: DOT
B33: DOT系数 | C33: 1.2
B34: 品质系数 | C34: =$C$3 -> R | D34: =VLOOKUP(C34,$N$4:$O$6,2,0) -> 0.9
B35: DOT持续时间 | C35: 5
B36: DOT标准持续时间 | C36: 5
B37: DOT持续系数 | C37: 1.39 | D37: =POWER(C35,C37)/POWER(C36,C37)/C35*C36 -> 1
B38: DOT标准最大层数 | C38: 5
B39: DOT最大层数 | C39: 2
B40: DOT最大层数系数 | C40: 1.21 | D40: =POWER(C38,C40)/POWER(C39,C40)*C39/C38 -> 1.2121808
B41: DOT单层系数 | C41: =C33/C35*D37*D40*D34*C2 -> 4.3202124
B44: 回血
B45: 回血系数 | C45: =标准模型!I75 -> 0.19090909
B46: 品质系数 | C46: =$C$3 -> R | D46: =VLOOKUP(C46,$N$4:$O$6,2,0) -> 0.9
B47: 回血人数 | C47: 5
B48: 标准回血人数 | C48: 1
B49: 人数衰减系数 | C49: 1.35 | D49: =POWER(C47,C49)/POWER(C48,C49)*C48/C47 -> 1.756465
B50: 最终回血系数 | C50: =C45/C47*C48*D49*D46*C2 -> 0.99591566
B53: 护盾
B54: 护盾系数 | C54: =C45*1.25 -> 0.23863636
B55: 品质系数 | C55: =$C$3 -> R | D55: =VLOOKUP(C55,$N$4:$O$6,2,0) -> 0.9
B56: 护盾人数 | C56: 1
B57: 标准护盾人数 | C57: 1
B58: 人数衰减系数 | C58: 1.56 | D58: =POWER(C56,C58)/POWER(C57,C58)*C57/C56 -> 1
B59: 护盾持续时间 | C59: 4
B60: 护盾持续上限 | C60: 20
B61: 护盾持续下限 | C61: 2
B62: 最终持续时间 | C62: {=_xlfn.IFS(C59>=C60,C60,C59<=C61,C61,AND(C59<C60,C59>C61),C59)} -> 4
B63: 标准护盾持续时间 | C63: 5
B64: 时间衰减系数 | C64: 0.35 | D64: =POWER(C62,C64)/POWER(C63,C64)*C63/C62 -> 1.1560896
B65: 最终护盾系数 | C65: =C54*D55/C56*D58*D64*C2 -> 4.0968927
B67: 眩晕
B68: 控制系数 | C68: 0.6
B69: 品质系数 | C69: =$C$3 -> R | D69: =VLOOKUP(C69,$N$4:$O$6,2,0) -> 0.9
B70: 标准控制秒数 | C70: 1
B71: 控制人数 | C71: 1
B72: 标准控制人数 | C72: 1
B73: 控制人数系数 | C73: 0.35 | D73: =POWER(C71,C73)/POWER(C72,C73)*C72/C71 -> 1
B74: 实际控制秒数 | C74: =$C$2*C70*C68*D73*D69 -> 8.91
B76: 冰冻
B77: 控制系数 | C77: 1.4
B78: 品质系数 | C78: =$C$3 -> R | D78: =VLOOKUP(C78,$N$4:$O$6,2,0) -> 0.9
B79: 标准控制秒数 | C79: 1
B80: 控制人数 | C80: 1
B81: 标准控制人数 | C81: 1
B82: 控制人数系数 | C82: 0.35 | D82: =POWER(C80,C82)/POWER(C81,C82)*C81/C80 -> 1
B83: 实际控制秒数 | C83: =$C$2*C79*C77*D82*D78 -> 20.79
B85: 沉默
B86: 控制系数 | C86: 2
B87: 品质系数 | C87: =$C$3 -> R | D87: =VLOOKUP(C87,$N$4:$O$6,2,0) -> 0.9
B88: 标准控制秒数 | C88: 1
B89: 控制人数 | C89: 2
B90: 标准控制人数 | C90: 1
B91: 控制人数系数 | C91: 0.35 | D91: =POWER(C89,C91)/POWER(C90,C91)*C90/C89 -> 0.63728031
B92: 实际控制秒数 | C92: =$C$2*C88*C86*D91*D87 -> 18.927225

Sheet Boss技能系数
A1: Boss技能系数测算
A3: 基础参数 | B3: 数值 | C3: 说明 | D3: 技能档位 | E3: 基准倍率 | F3: 默认CD(s) | G3: 说明 | I3: 释放屏蔽 | J3: 倍率 | K3: 说明 | M3: 范围类型 | N3: 倍率 | O3: 说明 | Q3: 穿透类型 | R3: 倍率 | S3: 说明
A4: 最终TTK(s) | B4: 5.5 | C4: 100%命中下后期Boss目标击杀时间 | D4: 普攻 | E4: 1 | F4: 1.5 | G4: 高频稳定压血 | I4: 不屏蔽 | J4: 1 | K4: 不挤占其他行为 | M4: 单体 | N4: 1 | O4: 单目标 | Q4: 不穿透 | R4: 1 | S4: 命中后停止
A5: 普攻基准倍率 | B5: 0.8 | C5: 单次普攻伤害基准 | D5: 中技能 | E5: 1.75 | F5: 8 | G5: 核心威胁，承接普通Boss机制 | I5: 屏蔽普攻 | J5: 1 | K5: 释放期间替代部分普攻 | M5: 直线 | N5: 1 | O5: 直线/矩形路径 | Q5: 穿透 | R5: 0.7 | S5: 可命中多目标/多次
A6: 中技能基准倍率 | B6: 2 | C6: 单次中技能伤害基准 | D6: 必杀 | E6: 2.5 | F6: 25 | G6: 阶段大招/高压窗口 | I6: 屏蔽中技能 | J6: 1 | K6: 释放期间替代部分技能 | M6: 扇形 | N6: 1 | O6: 前方扇形 | Q6: 无限穿透 | R6: 0.3 | S6: 不受命中次数限制，激光类型
A7: 必杀基准倍率 | B7: 3 | C7: 单次必杀伤害基准 | I7: 屏蔽全部 | J7: 1 | K7: 大招占用完整行为窗 | M7: 圆形 | N7: 1 | O7: 地面圆形区域
A8: 每秒致死预算系数 | B8: 1 | C8: 用于把最终技能系数换算为TTK压力 | M8: 环形 | N8: 1 | O8: 内外圈区域
A9: 范围大小每单位系数 | B9: 0.05 | C9: 范围每超出标准1单位，提升5%威胁；低于标准最低按0.85 | M9: 全屏 | N9: 0.5 | O9: 全场范围
A10: 额外弹体系数 | B10: 0.08 | C10: 每多1个弹体，降低提升8%威胁
A11: 额外波次系数 | B11: 0.12 | C11: 每多1波，降低12%威胁
A12: 持续命中系数 | B12: 0.08 | C12: 持续技能按可命中段数追加威胁
A13: 控制每秒系数 | B13: 0.12 | C13: 控制越久，威胁越高
A14: 填写说明：黄色为可调输入；绿色为公式。最终技能系数 = 基准倍率 × 参数综合系数；100%命中掉血占比 = 最终技能系数 ÷ 最终TTK。
A15: Boss名 | B15: 技能名 | C15: 技能档位 | D15: 基准倍率 | E15: CD(s) | F15: 释放屏蔽 | G15: 屏蔽系数 | H15: 范围类型 | I15: 范围类型系数 | J15: 范围半径/宽度 | K15: 标准范围 | L15: 范围大小系数 | M15: 穿透类型 | N15: 穿透系数 | O15: 弹体数 | P15: 弹体系数 | Q15: 波次数 | R15: 波次系数 | S15: 持续时间(s) | T15: 命中间隔(s) | U15: 持续系数 | V15: 控制时长(s) | W15: 控制系数 | X15: 机制修正 | Y15: 参数综合系数 | Z15: 最终技能系数
A16: Boss模板 | B16: 普攻 | C16: 普攻 | D16: =IF($C16="","",VLOOKUP($C16,$D$4:$F$6,2,FALSE)) -> 1 | E16: =IF($C16="","",VLOOKUP($C16,$D$4:$F$6,3,FALSE)) -> 1.5 | F16: 不屏蔽 | G16: =IF($C16="","",VLOOKUP($F16,$I$4:$J$7,2,FALSE)) -> 1 | H16: 单体 | I16: =IF($C16="","",VLOOKUP($H16,$M$4:$N$9,2,FALSE)) -> 1 | J16: 0 | K16: 0 | L16: =IF($C16="","",IF($J16>0,MAX(0.85,1-($J16-$K16)*$B$9),1)) -> 1 | M16: 不穿透 | N16: =IF($C16="","",VLOOKUP($M16,$Q$4:$R$6,2,FALSE)) -> 1 | O16: 1 | P16: =IF($C16="","",1-MAX($O16-1,0)*$B$10) -> 1 | Q16: 1 | R16: =IF($C16="","",1-MAX($Q16-1,0)*$B$11) -> 1 | S16: 0 | T16: 0 | U16: =IF($C16="","",IF($S16>0,1+MAX($S16/MAX($T16,0.1)-1,0)*$B$12,1)) -> 1 | V16: 0 | W16: =IF($C16="","",1-MAX($V16,0)*$B$13) -> 1 | X16: 1 | Y16: =IF($C16="","",PRODUCT($G16,$I16,$L16,$N16,$P16,$R16,$U16,$W16,$X16)) -> 1 | Z16: =IF($C16="","",$D16*$Y16) -> 1
A17: Boss模板 | B17: 扇形中技能 | C17: 中技能 | D17: =IF($C17="","",VLOOKUP($C17,$D$4:$F$6,2,FALSE)) -> 1.75 | E17: =IF($C17="","",VLOOKUP($C17,$D$4:$F$6,3,FALSE)) -> 8 | F17: 屏蔽普攻 | G17: =IF($C17="","",VLOOKUP($F17,$I$4:$J$7,2,FALSE)) -> 1 | H17: 扇形 | I17: =IF($C17="","",VLOOKUP($H17,$M$4:$N$9,2,FALSE)) -> 1 | J17: 6 | K17: 4 | L17: =IF($C17="","",IF($J17>0,MAX(0.85,1-($J17-$K17)*$B$9),1)) -> 0.9 | M17: 穿透 | N17: =IF($C17="","",VLOOKUP($M17,$Q$4:$R$6,2,FALSE)) -> 0.7 | O17: 1 | P17: =IF($C17="","",1-MAX($O17-1,0)*$B$10) -> 1 | Q17: 1 | R17: =IF($C17="","",1-MAX($Q17-1,0)*$B$11) -> 1 | S17: 0 | T17: 0 | U17: =IF($C17="","",IF($S17>0,1+MAX($S17/MAX($T17,0.1)-1,0)*$B$12,1)) -> 1 | V17: 0 | W17: =IF($C17="","",1-MAX($V17,0)*$B$13) -> 1 | X17: 1 | Y17: =IF($C17="","",PRODUCT($G17,$I17,$L17,$N17,$P17,$R17,$U17,$W17,$X17)) -> 0.63 | Z17: =IF($C17="","",$D17*$Y17) -> 1.1025
A18: Boss模板 | B18: 多波必杀 | C18: 必杀 | D18: =IF($C18="","",VLOOKUP($C18,$D$4:$F$6,2,FALSE)) -> 2.5 | E18: =IF($C18="","",VLOOKUP($C18,$D$4:$F$6,3,FALSE)) -> 25 | F18: 屏蔽全部 | G18: =IF($C18="","",VLOOKUP($F18,$I$4:$J$7,2,FALSE)) -> 1 | H18: 圆形 | I18: =IF($C18="","",VLOOKUP($H18,$M$4:$N$9,2,FALSE)) -> 1 | J18: 8 | K18: 4 | L18: =IF($C18="","",IF($J18>0,MAX(0.85,1-($J18-$K18)*$B$9),1)) -> 0.85 | M18: 不穿透 | N18: =IF($C18="","",VLOOKUP($M18,$Q$4:$R$6,2,FALSE)) -> 1 | O18: 1 | P18: =IF($C18="","",1-MAX($O18-1,0)*$B$10) -> 1 | Q18: 1 | R18: =IF($C18="","",1-MAX($Q18-1,0)*$B$11) -> 1 | S18: 0 | T18: 0 | U18: =IF($C18="","",IF($S18>0,1+MAX($S18/MAX($T18,0.1)-1,0)*$B$12,1)) -> 1 | V18: 0 | W18: =IF($C18="","",1-MAX($V18,0)*$B$13) -> 1 | X18: 1.1 | Y18: =IF($C18="","",PRODUCT($G18,$I18,$L18,$N18,$P18,$R18,$U18,$W18,$X18)) -> 0.935 | Z18: =IF($C18="","",$D18*$Y18) -> 2.3375
D19: =IF($C19="","",VLOOKUP($C19,$D$4:$F$6,2,FALSE)) | E19: =IF($C19="","",VLOOKUP($C19,$D$4:$F$6,3,FALSE)) | G19: =IF($C19="","",VLOOKUP($F19,$I$4:$J$7,2,FALSE)) | I19: =IF($C19="","",VLOOKUP($H19,$M$4:$N$9,2,FALSE)) | J19: 0 | K19: 0 | L19: =IF($C19="","",IF($J19>0,MAX(0.85,1+($J19-$K19)*$B$9),1)) | N19: =IF($C19="","",VLOOKUP($M19,$Q$4:$R$6,2,FALSE)) | O19: 1 | P19: =IF($C19="","",1+MAX($O19-1,0)*$B$10) | Q19: 1 | R19: =IF($C19="","",1+MAX($Q19-1,0)*$B$11) | S19: 0 | T19: 0 | U19: =IF($C19="","",IF($S19>0,1+MAX($S19/MAX($T19,0.1)-1,0)*$B$12,1)) | V19: 0 | W19: =IF($C19="","",1+MAX($V19,0)*$B$13) | X19: 1 | Y19: =IF($C19="","",PRODUCT($G19,$I19,$L19,$N19,$P19,$R19,$U19,$W19,$X19)) | Z19: =IF($C19="","",$D19*$Y19) | AA19: =IF($C19="","",$Z19/$B$4) | AB19: =IF($C19="","",$Z19/$E19) | AC19: =IF($C19="","",$D19/$Y19)
D20: =IF($C20="","",VLOOKUP($C20,$D$4:$F$6,2,FALSE)) | E20: =IF($C20="","",VLOOKUP($C20,$D$4:$F$6,3,FALSE)) | G20: =IF($C20="","",VLOOKUP($F20,$I$4:$J$7,2,FALSE)) | I20: =IF($C20="","",VLOOKUP($H20,$M$4:$N$9,2,FALSE)) | J20: 0 | K20: 0 | L20: =IF($C20="","",IF($J20>0,MAX(0.85,1+($J20-$K20)*$B$9),1)) | N20: =IF($C20="","",VLOOKUP($M20,$Q$4:$R$6,2,FALSE)) | O20: 1 | P20: =IF($C20="","",1+MAX($O20-1,0)*$B$10) | Q20: 1 | R20: =IF($C20="","",1+MAX($Q20-1,0)*$B$11) | S20: 0 | T20: 0 | U20: =IF($C20="","",IF($S20>0,1+MAX($S20/MAX($T20,0.1)-1,0)*$B$12,1)) | V20: 0 | W20: =IF($C20="","",1+MAX($V20,0)*$B$13) | X20: 1 | Y20: =IF($C20="","",PRODUCT($G20,$I20,$L20,$N20,$P20,$R20,$U20,$W20,$X20)) | Z20: =IF($C20="","",$D20*$Y20) | AA20: =IF($C20="","",$Z20/$B$4) | AB20: =IF($C20="","",$Z20/$E20) | AC20: =IF($C20="","",$D20/$Y20)
D21: =IF($C21="","",VLOOKUP($C21,$D$4:$F$6,2,FALSE)) | E21: =IF($C21="","",VLOOKUP($C21,$D$4:$F$6,3,FALSE)) | G21: =IF($C21="","",VLOOKUP($F21,$I$4:$J$7,2,FALSE)) | I21: =IF($C21="","",VLOOKUP($H21,$M$4:$N$9,2,FALSE)) | J21: 0 | K21: 0 | L21: =IF($C21="","",IF($J21>0,MAX(0.85,1+($J21-$K21)*$B$9),1)) | N21: =IF($C21="","",VLOOKUP($M21,$Q$4:$R$6,2,FALSE)) | O21: 1 | P21: =IF($C21="","",1+MAX($O21-1,0)*$B$10) | Q21: 1 | R21: =IF($C21="","",1+MAX($Q21-1,0)*$B$11) | S21: 0 | T21: 0 | U21: =IF($C21="","",IF($S21>0,1+MAX($S21/MAX($T21,0.1)-1,0)*$B$12,1)) | V21: 0 | W21: =IF($C21="","",1+MAX($V21,0)*$B$13) | X21: 1 | Y21: =IF($C21="","",PRODUCT($G21,$I21,$L21,$N21,$P21,$R21,$U21,$W21,$X21)) | Z21: =IF($C21="","",$D21*$Y21) | AA21: =IF($C21="","",$Z21/$B$4) | AB21: =IF($C21="","",$Z21/$E21) | AC21: =IF($C21="","",$D21/$Y21)
D22: =IF($C22="","",VLOOKUP($C22,$D$4:$F$6,2,FALSE)) | E22: =IF($C22="","",VLOOKUP($C22,$D$4:$F$6,3,FALSE)) | G22: =IF($C22="","",VLOOKUP($F22,$I$4:$J$7,2,FALSE)) | I22: =IF($C22="","",VLOOKUP($H22,$M$4:$N$9,2,FALSE)) | J22: 0 | K22: 0 | L22: =IF($C22="","",IF($J22>0,MAX(0.85,1+($J22-$K22)*$B$9),1)) | N22: =IF($C22="","",VLOOKUP($M22,$Q$4:$R$6,2,FALSE)) | O22: 1 | P22: =IF($C22="","",1+MAX($O22-1,0)*$B$10) | Q22: 1 | R22: =IF($C22="","",1+MAX($Q22-1,0)*$B$11) | S22: 0 | T22: 0 | U22: =IF($C22="","",IF($S22>0,1+MAX($S22/MAX($T22,0.1)-1,0)*$B$12,1)) | V22: 0 | W22: =IF($C22="","",1+MAX($V22,0)*$B$13) | X22: 1 | Y22: =IF($C22="","",PRODUCT($G22,$I22,$L22,$N22,$P22,$R22,$U22,$W22,$X22)) | Z22: =IF($C22="","",$D22*$Y22) | AA22: =IF($C22="","",$Z22/$B$4) | AB22: =IF($C22="","",$Z22/$E22) | AC22: =IF($C22="","",$D22/$Y22)
D23: =IF($C23="","",VLOOKUP($C23,$D$4:$F$6,2,FALSE)) | E23: =IF($C23="","",VLOOKUP($C23,$D$4:$F$6,3,FALSE)) | G23: =IF($C23="","",VLOOKUP($F23,$I$4:$J$7,2,FALSE)) | I23: =IF($C23="","",VLOOKUP($H23,$M$4:$N$9,2,FALSE)) | J23: 0 | K23: 0 | L23: =IF($C23="","",IF($J23>0,MAX(0.85,1+($J23-$K23)*$B$9),1)) | N23: =IF($C23="","",VLOOKUP($M23,$Q$4:$R$6,2,FALSE)) | O23: 1 | P23: =IF($C23="","",1+MAX($O23-1,0)*$B$10) | Q23: 1 | R23: =IF($C23="","",1+MAX($Q23-1,0)*$B$11) | S23: 0 | T23: 0 | U23: =IF($C23="","",IF($S23>0,1+MAX($S23/MAX($T23,0.1)-1,0)*$B$12,1)) | V23: 0 | W23: =IF($C23="","",1+MAX($V23,0)*$B$13) | X23: 1 | Y23: =IF($C23="","",PRODUCT($G23,$I23,$L23,$N23,$P23,$R23,$U23,$W23,$X23)) | Z23: =IF($C23="","",$D23*$Y23) | AA23: =IF($C23="","",$Z23/$B$4) | AB23: =IF($C23="","",$Z23/$E23) | AC23: =IF($C23="","",$D23/$Y23)
D24: =IF($C24="","",VLOOKUP($C24,$D$4:$F$6,2,FALSE)) | E24: =IF($C24="","",VLOOKUP($C24,$D$4:$F$6,3,FALSE)) | G24: =IF($C24="","",VLOOKUP($F24,$I$4:$J$7,2,FALSE)) | I24: =IF($C24="","",VLOOKUP($H24,$M$4:$N$9,2,FALSE)) | J24: 0 | K24: 0 | L24: =IF($C24="","",IF($J24>0,MAX(0.85,1+($J24-$K24)*$B$9),1)) | N24: =IF($C24="","",VLOOKUP($M24,$Q$4:$R$6,2,FALSE)) | O24: 1 | P24: =IF($C24="","",1+MAX($O24-1,0)*$B$10) | Q24: 1 | R24: =IF($C24="","",1+MAX($Q24-1,0)*$B$11) | S24: 0 | T24: 0 | U24: =IF($C24="","",IF($S24>0,1+MAX($S24/MAX($T24,0.1)-1,0)*$B$12,1)) | V24: 0 | W24: =IF($C24="","",1+MAX($V24,0)*$B$13) | X24: 1 | Y24: =IF($C24="","",PRODUCT($G24,$I24,$L24,$N24,$P24,$R24,$U24,$W24,$X24)) | Z24: =IF($C24="","",$D24*$Y24) | AA24: =IF($C24="","",$Z24/$B$4) | AB24: =IF($C24="","",$Z24/$E24) | AC24: =IF($C24="","",$D24/$Y24)
D25: =IF($C25="","",VLOOKUP($C25,$D$4:$F$6,2,FALSE)) | E25: =IF($C25="","",VLOOKUP($C25,$D$4:$F$6,3,FALSE)) | G25: =IF($C25="","",VLOOKUP($F25,$I$4:$J$7,2,FALSE)) | I25: =IF($C25="","",VLOOKUP($H25,$M$4:$N$9,2,FALSE)) | J25: 0 | K25: 0 | L25: =IF($C25="","",IF($J25>0,MAX(0.85,1+($J25-$K25)*$B$9),1)) | N25: =IF($C25="","",VLOOKUP($M25,$Q$4:$R$6,2,FALSE)) | O25: 1 | P25: =IF($C25="","",1+MAX($O25-1,0)*$B$10) | Q25: 1 | R25: =IF($C25="","",1+MAX($Q25-1,0)*$B$11) | S25: 0 | T25: 0 | U25: =IF($C25="","",IF($S25>0,1+MAX($S25/MAX($T25,0.1)-1,0)*$B$12,1)) | V25: 0 | W25: =IF($C25="","",1+MAX($V25,0)*$B$13) | X25: 1 | Y25: =IF($C25="","",PRODUCT($G25,$I25,$L25,$N25,$P25,$R25,$U25,$W25,$X25)) | Z25: =IF($C25="","",$D25*$Y25) | AA25: =IF($C25="","",$Z25/$B$4) | AB25: =IF($C25="","",$Z25/$E25) | AC25: =IF($C25="","",$D25/$Y25)
D26: =IF($C26="","",VLOOKUP($C26,$D$4:$F$6,2,FALSE)) | E26: =IF($C26="","",VLOOKUP($C26,$D$4:$F$6,3,FALSE)) | G26: =IF($C26="","",VLOOKUP($F26,$I$4:$J$7,2,FALSE)) | I26: =IF($C26="","",VLOOKUP($H26,$M$4:$N$9,2,FALSE)) | J26: 0 | K26: 0 | L26: =IF($C26="","",IF($J26>0,MAX(0.85,1+($J26-$K26)*$B$9),1)) | N26: =IF($C26="","",VLOOKUP($M26,$Q$4:$R$6,2,FALSE)) | O26: 1 | P26: =IF($C26="","",1+MAX($O26-1,0)*$B$10) | Q26: 1 | R26: =IF($C26="","",1+MAX($Q26-1,0)*$B$11) | S26: 0 | T26: 0 | U26: =IF($C26="","",IF($S26>0,1+MAX($S26/MAX($T26,0.1)-1,0)*$B$12,1)) | V26: 0 | W26: =IF($C26="","",1+MAX($V26,0)*$B$13) | X26: 1 | Y26: =IF($C26="","",PRODUCT($G26,$I26,$L26,$N26,$P26,$R26,$U26,$W26,$X26)) | Z26: =IF($C26="","",$D26*$Y26) | AA26: =IF($C26="","",$Z26/$B$4) | AB26: =IF($C26="","",$Z26/$E26) | AC26: =IF($C26="","",$D26/$Y26)
D27: =IF($C27="","",VLOOKUP($C27,$D$4:$F$6,2,FALSE)) | E27: =IF($C27="","",VLOOKUP($C27,$D$4:$F$6,3,FALSE)) | G27: =IF($C27="","",VLOOKUP($F27,$I$4:$J$7,2,FALSE)) | I27: =IF($C27="","",VLOOKUP($H27,$M$4:$N$9,2,FALSE)) | J27: 0 | K27: 0 | L27: =IF($C27="","",IF($J27>0,MAX(0.85,1+($J27-$K27)*$B$9),1)) | N27: =IF($C27="","",VLOOKUP($M27,$Q$4:$R$6,2,FALSE)) | O27: 1 | P27: =IF($C27="","",1+MAX($O27-1,0)*$B$10) | Q27: 1 | R27: =IF($C27="","",1+MAX($Q27-1,0)*$B$11) | S27: 0 | T27: 0 | U27: =IF($C27="","",IF($S27>0,1+MAX($S27/MAX($T27,0.1)-1,0)*$B$12,1)) | V27: 0 | W27: =IF($C27="","",1+MAX($V27,0)*$B$13) | X27: 1 | Y27: =IF($C27="","",PRODUCT($G27,$I27,$L27,$N27,$P27,$R27,$U27,$W27,$X27)) | Z27: =IF($C27="","",$D27*$Y27) | AA27: =IF($C27="","",$Z27/$B$4) | AB27: =IF($C27="","",$Z27/$E27) | AC27: =IF($C27="","",$D27/$Y27)
D28: =IF($C28="","",VLOOKUP($C28,$D$4:$F$6,2,FALSE)) | E28: =IF($C28="","",VLOOKUP($C28,$D$4:$F$6,3,FALSE)) | G28: =IF($C28="","",VLOOKUP($F28,$I$4:$J$7,2,FALSE)) | I28: =IF($C28="","",VLOOKUP($H28,$M$4:$N$9,2,FALSE)) | J28: 0 | K28: 0 | L28: =IF($C28="","",IF($J28>0,MAX(0.85,1+($J28-$K28)*$B$9),1)) | N28: =IF($C28="","",VLOOKUP($M28,$Q$4:$R$6,2,FALSE)) | O28: 1 | P28: =IF($C28="","",1+MAX($O28-1,0)*$B$10) | Q28: 1 | R28: =IF($C28="","",1+MAX($Q28-1,0)*$B$11) | S28: 0 | T28: 0 | U28: =IF($C28="","",IF($S28>0,1+MAX($S28/MAX($T28,0.1)-1,0)*$B$12,1)) | V28: 0 | W28: =IF($C28="","",1+MAX($V28,0)*$B$13) | X28: 1 | Y28: =IF($C28="","",PRODUCT($G28,$I28,$L28,$N28,$P28,$R28,$U28,$W28,$X28)) | Z28: =IF($C28="","",$D28*$Y28) | AA28: =IF($C28="","",$Z28/$B$4) | AB28: =IF($C28="","",$Z28/$E28) | AC28: =IF($C28="","",$D28/$Y28)
D29: =IF($C29="","",VLOOKUP($C29,$D$4:$F$6,2,FALSE)) | E29: =IF($C29="","",VLOOKUP($C29,$D$4:$F$6,3,FALSE)) | G29: =IF($C29="","",VLOOKUP($F29,$I$4:$J$7,2,FALSE)) | I29: =IF($C29="","",VLOOKUP($H29,$M$4:$N$9,2,FALSE)) | J29: 0 | K29: 0 | L29: =IF($C29="","",IF($J29>0,MAX(0.85,1+($J29-$K29)*$B$9),1)) | N29: =IF($C29="","",VLOOKUP($M29,$Q$4:$R$6,2,FALSE)) | O29: 1 | P29: =IF($C29="","",1+MAX($O29-1,0)*$B$10) | Q29: 1 | R29: =IF($C29="","",1+MAX($Q29-1,0)*$B$11) | S29: 0 | T29: 0 | U29: =IF($C29="","",IF($S29>0,1+MAX($S29/MAX($T29,0.1)-1,0)*$B$12,1)) | V29: 0 | W29: =IF($C29="","",1+MAX($V29,0)*$B$13) | X29: 1 | Y29: =IF($C29="","",PRODUCT($G29,$I29,$L29,$N29,$P29,$R29,$U29,$W29,$X29)) | Z29: =IF($C29="","",$D29*$Y29) | AA29: =IF($C29="","",$Z29/$B$4) | AB29: =IF($C29="","",$Z29/$E29) | AC29: =IF($C29="","",$D29/$Y29)
D30: =IF($C30="","",VLOOKUP($C30,$D$4:$F$6,2,FALSE)) | E30: =IF($C30="","",VLOOKUP($C30,$D$4:$F$6,3,FALSE)) | G30: =IF($C30="","",VLOOKUP($F30,$I$4:$J$7,2,FALSE)) | I30: =IF($C30="","",VLOOKUP($H30,$M$4:$N$9,2,FALSE)) | J30: 0 | K30: 0 | L30: =IF($C30="","",IF($J30>0,MAX(0.85,1+($J30-$K30)*$B$9),1)) | N30: =IF($C30="","",VLOOKUP($M30,$Q$4:$R$6,2,FALSE)) | O30: 1 | P30: =IF($C30="","",1+MAX($O30-1,0)*$B$10) | Q30: 1 | R30: =IF($C30="","",1+MAX($Q30-1,0)*$B$11) | S30: 0 | T30: 0 | U30: =IF($C30="","",IF($S30>0,1+MAX($S30/MAX($T30,0.1)-1,0)*$B$12,1)) | V30: 0 | W30: =IF($C30="","",1+MAX($V30,0)*$B$13) | X30: 1 | Y30: =IF($C30="","",PRODUCT($G30,$I30,$L30,$N30,$P30,$R30,$U30,$W30,$X30)) | Z30: =IF($C30="","",$D30*$Y30) | AA30: =IF($C30="","",$Z30/$B$4) | AB30: =IF($C30="","",$Z30/$E30) | AC30: =IF($C30="","",$D30/$Y30)
... D60: =IF($C60="","",VLOOKUP($C60,$D$4:$F$6,2,FALSE)) | E60: =IF($C60="","",VLOOKUP($C60,$D$4:$F$6,3,FALSE)) | G60: =IF($C60="","",VLOOKUP($F60,$I$4:$J$7,2,FALSE)) | I60: =IF($C60="","",VLOOKUP($H60,$M$4:$N$9,2,FALSE)) | J60: 0 | K60: 0 | L60: =IF($C60="","",IF($J60>0,MAX(0.85,1+($J60-$K60)*$B$9),1)) | N60: =IF($C60="","",VLOOKUP($M60,$Q$4:$R$6,2,FALSE)) | O60: 1 | P60: =IF($C60="","",1+MAX($O60-1,0)*$B$10) | Q60: 1 | R60: =IF($C60="","",1+MAX($Q60-1,0)*$B$11) | S60: 0 | T60: 0 | U60: =IF($C60="","",IF($S60>0,1+MAX($S60/MAX($T60,0.1)-1,0)*$B$12,1)) | V60: 0 | W60: =IF($C60="","",1+MAX($V60,0)*$B$13) | X60: 1 | Y60: =IF($C60="","",PRODUCT($G60,$I60,$L60,$N60,$P60,$R60,$U60,$W60,$X60)) | Z60: =IF($C60="","",$D60*$Y60) | AA60: =IF($C60="","",$Z60/$B$4) | AB60: =IF($C60="","",$Z60/$E60) | AC60: =IF($C60="","",$D60/$Y60)

Sheet 草稿-技能系数公式
C4: 10 | D4: 10 | E4: 15 | F4: 15 | G4: 20 | H4: 20 | I4: =_xlfn.CONCAT(C4,C$5,D4,C$5,E4,C$5,F4,C$5,G4,C$5,H4,D5) -> 10%/10%/15%/15%/20%/20%
C5: %/ | D5: %
C7: 50 | D7: 70 | E7: 70 | F7: 85 | G7: 85 | H7: 100 | I7: =_xlfn.CONCAT(C7,C$8,D7,C$8,E7,C$8,F7,C$8,G7,C$8,H7,D8) -> 50%/70%/70%/85%/85%/100%
C8: %/ | D8: %

Sheet 怪物标准模型-可视版
C2: BOSS属性 | F2: 小怪基础属性 | H2: 普通怪 | I2: 普通盾怪 | J2: 2级普通怪 | K2: 站桩怪 | L2: 炮灰怪 | M2: 精英怪 | N2: 精英盾怪
B3: 等级 | C3: 生命 | D3: 攻击 | E3: 防御 | F3: 攻击 | G3: 防御 | H3: 生命 | I3: 生命 | J3: 生命 | K3: 生命 | L3: 生命 | M3: 生命 | N3: 生命
B4: 1 | C4: =怪物标准模型!AY12 -> 8772 | D4: =怪物标准模型!AM12 -> 25 | E4: =怪物标准模型!AN12 -> 56 | F4: =怪物标准模型!AP12 -> 25 | G4: =E4 -> 56 | H4: =怪物标准模型!AR12 -> 79 | I4: =怪物标准模型!AS12 -> 237 | J4: =怪物标准模型!AT12 -> 143 | K4: =怪物标准模型!AU12 -> 40 | L4: =怪物标准模型!AV12 -> 12 | M4: =怪物标准模型!AW12 -> 316 | N4: =怪物标准模型!AX12 -> 711
B5: 2 | C5: =怪物标准模型!AY13 -> 17828 | D5: =怪物标准模型!AM13 -> 51 | E5: =怪物标准模型!AN13 -> 112 | F5: =怪物标准模型!AP13 -> 51 | G5: =E5 -> 112 | H5: =怪物标准模型!AR13 -> 163 | I5: =怪物标准模型!AS13 -> 489 | J5: =怪物标准模型!AT13 -> 294 | K5: =怪物标准模型!AU13 -> 82 | L5: =怪物标准模型!AV13 -> 25 | M5: =怪物标准模型!AW13 -> 652 | N5: =怪物标准模型!AX13 -> 1467
B6: 3 | C6: =怪物标准模型!AY14 -> 27022 | D6: =怪物标准模型!AM14 -> 77 | E6: =怪物标准模型!AN14 -> 168 | F6: =怪物标准模型!AP14 -> 77 | G6: =E6 -> 168 | H6: =怪物标准模型!AR14 -> 251 | I6: =怪物标准模型!AS14 -> 753 | J6: =怪物标准模型!AT14 -> 452 | K6: =怪物标准模型!AU14 -> 126 | L6: =怪物标准模型!AV14 -> 38 | M6: =怪物标准模型!AW14 -> 1004 | N6: =怪物标准模型!AX14 -> 2259
B7: 4 | C7: =怪物标准模型!AY15 -> 36343 | D7: =怪物标准模型!AM15 -> 104 | E7: =怪物标准模型!AN15 -> 225 | F7: =怪物标准模型!AP15 -> 104 | G7: =E7 -> 225 | H7: =怪物标准模型!AR15 -> 344 | I7: =怪物标准模型!AS15 -> 1032 | J7: =怪物标准模型!AT15 -> 620 | K7: =怪物标准模型!AU15 -> 172 | L7: =怪物标准模型!AV15 -> 52 | M7: =怪物标准模型!AW15 -> 1376 | N7: =怪物标准模型!AX15 -> 3096
B8: 5 | C8: =怪物标准模型!AY16 -> 45899 | D8: =怪物标准模型!AM16 -> 131 | E8: =怪物标准模型!AN16 -> 282 | F8: =怪物标准模型!AP16 -> 131 | G8: =E8 -> 282 | H8: =怪物标准模型!AR16 -> 442 | I8: =怪物标准模型!AS16 -> 1326 | J8: =怪物标准模型!AT16 -> 796 | K8: =怪物标准模型!AU16 -> 221 | L8: =怪物标准模型!AV16 -> 67 | M8: =怪物标准模型!AW16 -> 1768 | N8: =怪物标准模型!AX16 -> 3978
B9: 6 | C9: =怪物标准模型!AY17 -> 55675 | D9: =怪物标准模型!AM17 -> 159 | E9: =怪物标准模型!AN17 -> 339 | F9: =怪物标准模型!AP17 -> 159 | G9: =E9 -> 339 | H9: =怪物标准模型!AR17 -> 544 | I9: =怪物标准模型!AS17 -> 1632 | J9: =怪物标准模型!AT17 -> 980 | K9: =怪物标准模型!AU17 -> 272 | L9: =怪物标准模型!AV17 -> 82 | M9: =怪物标准模型!AW17 -> 2176 | N9: =怪物标准模型!AX17 -> 4896
B10: 7 | C10: =怪物标准模型!AY18 -> 65547 | D10: =怪物标准模型!AM18 -> 187 | E10: =怪物标准模型!AN18 -> 396 | F10: =怪物标准模型!AP18 -> 187 | G10: =E10 -> 396 | H10: =怪物标准模型!AR18 -> 650 | I10: =怪物标准模型!AS18 -> 1950 | J10: =怪物标准模型!AT18 -> 1170 | K10: =怪物标准模型!AU18 -> 325 | L10: =怪物标准模型!AV18 -> 98 | M10: =怪物标准模型!AW18 -> 2600 | N10: =怪物标准模型!AX18 -> 5850
B11: 8 | C11: =怪物标准模型!AY19 -> 75730 | D11: =怪物标准模型!AM19 -> 215 | E11: =怪物标准模型!AN19 -> 454 | F11: =怪物标准模型!AP19 -> 215 | G11: =E11 -> 454 | H11: =怪物标准模型!AR19 -> 761 | I11: =怪物标准模型!AS19 -> 2283 | J11: =怪物标准模型!AT19 -> 1370 | K11: =怪物标准模型!AU19 -> 381 | L11: =怪物标准模型!AV19 -> 115 | M11: =怪物标准模型!AW19 -> 3044 | N11: =怪物标准模型!AX19 -> 6849
B12: 9 | C12: =怪物标准模型!AY20 -> 85996 | D12: =怪物标准模型!AM20 -> 245 | E12: =怪物标准模型!AN20 -> 512 | F12: =怪物标准模型!AP20 -> 245 | G12: =E12 -> 512 | H12: =怪物标准模型!AR20 -> 876 | I12: =怪物标准模型!AS20 -> 2628 | J12: =怪物标准模型!AT20 -> 1577 | K12: =怪物标准模型!AU20 -> 438 | L12: =怪物标准模型!AV20 -> 132 | M12: =怪物标准模型!AW20 -> 3504 | N12: =怪物标准模型!AX20 -> 7884
B13: 10 | C13: =怪物标准模型!AY21 -> 96450 | D13: =怪物标准模型!AM21 -> 274 | E13: =怪物标准模型!AN21 -> 570 | F13: =怪物标准模型!AP21 -> 274 | G13: =E13 -> 570 | H13: =怪物标准模型!AR21 -> 996 | I13: =怪物标准模型!AS21 -> 2988 | J13: =怪物标准模型!AT21 -> 1793 | K13: =怪物标准模型!AU21 -> 498 | L13: =怪物标准模型!AV21 -> 150 | M13: =怪物标准模型!AW21 -> 3984 | N13: =怪物标准模型!AX21 -> 8964
B14: 11 | C14: =怪物标准模型!AY22 -> 107088 | D14: =怪物标准模型!AM22 -> 305 | E14: =怪物标准模型!AN22 -> 628 | F14: =怪物标准模型!AP22 -> 305 | G14: =E14 -> 628 | H14: =怪物标准模型!AR22 -> 1120 | I14: =怪物标准模型!AS22 -> 3360 | J14: =怪物标准模型!AT22 -> 2016 | K14: =怪物标准模型!AU22 -> 560 | L14: =怪物标准模型!AV22 -> 168 | M14: =怪物标准模型!AW22 -> 4480 | N14: =怪物标准模型!AX22 -> 10080
B15: 12 | C15: =怪物标准模型!AY23 -> 118005 | D15: =怪物标准模型!AM23 -> 336 | E15: =怪物标准模型!AN23 -> 686 | F15: =怪物标准模型!AP23 -> 336 | G15: =E15 -> 686 | H15: =怪物标准模型!AR23 -> 1248 | I15: =怪物标准模型!AS23 -> 3744 | J15: =怪物标准模型!AT23 -> 2247 | K15: =怪物标准模型!AU23 -> 624 | L15: =怪物标准模型!AV23 -> 188 | M15: =怪物标准模型!AW23 -> 4992 | N15: =怪物标准模型!AX23 -> 11232
... B503: 500 | C503: =怪物标准模型!AY511 -> 218243340 | D503: =怪物标准模型!AM511 -> 194373 | E503: =怪物标准模型!AN511 -> 56340 | F503: =怪物标准模型!AP511 -> 194373 | G503: =E503 -> 56340 | H503: =怪物标准模型!AR511 -> 1689937 | I503: =怪物标准模型!AS511 -> 5069811 | J503: =怪物标准模型!AT511 -> 3041887 | K503: =怪物标准模型!AU511 -> 844969 | L503: =怪物标准模型!AV511 -> 253491 | M503: =怪物标准模型!AW511 -> 6759748 | N503: =怪物标准模型!AX511 -> 15209433

Sheet 怪物标准模型趋势

Sheet 玩家战力曲线
A2: 以关卡进度做玩家战力预估 | E2: 基础进度 | G2: 角色等级进度 | H2: 星盘进度 | I2: 专武进度 | J2: 映射装备进度 | K2: 旅券进度 | AL2: 预计bossTTK
A3: 以主线作为标准 | D3: 起始进度 | E3: 1 | G3: 0 | H3: 0 | I3: 0 | J3: 0 | K3: 0 | AL3: 35
A4: 主线章节总数 | C4: 8 | D4: 结束进度 | E4: 1 | G4: 0.8 | H4: 0.7 | I4: 0.6 | J4: 0.5 | K4: 0.35 | AL4: 55
A5: 主线关卡总数 | C5: =5+10+15*(C4-2) -> 105 | D5: 函数参数1 | E5: 0.999999 | G5: 0.97 | H5: 0.97 | I5: 0.97 | J5: 0.97 | K5: 0.97 | Y5: =标准模型!$D$86 -> 1.2 | Z5: =标准模型!$D$83 -> 1 | AA5: =标准模型!$D$85 -> 1 | AB5: =标准模型!$D$84 -> 1 | AK5: 单位时间伤害上限 | AL5: 1.01
D6: 函数参数2 | AK6: =标准模型!J110 -> 23884007
D7: 函数参数3
D8: 起始关卡 | E8: 1 | G8: 1 | H8: 14 | I8: 40 | J8: 30 | K8: 50 | U8: 0.7 | V8: 0 | W8: =标准模型!$C$77*标准模型!H84 -> 0.275 | X8: 1 | Y8: 1 | Z8: 1 | AA8: 1 | AB8: 1 | AL8: 1
N9: =标准模型!$J$65 -> 3.6 | S9: =标准模型!$I$65 -> 3.6 | U9: =标准模型!$C$76 -> 1 | V9: =标准模型!$C$78 -> 0.4 | W9: =标准模型!$C$77 -> 0.55 | X9: 1 | Y9: 1 | Z9: 1 | AA9: 1 | AB9: 1 | AD9: =标准模型!$D$110-1 -> 0 | AE9: =标准模型!$H$103 -> 0.30769231 | AF9: =标准模型!$E$110-1 -> 0.54529915 | AG9: =标准模型!$G$65 -> 0.7 | AH9: =标准模型!$H$65 -> 1.95 | AI9: =标准模型!$C$105 -> 1.6
H10: ='参考-养成属性规划（从养成属性复制）'!$V$39 -> 0.058823529 | I10: ='参考-养成属性规划（从养成属性复制）'!$V$41 -> 0.029411765 | J10: ='参考-养成属性规划（从养成属性复制）'!$V$43 -> 0.67647059 | K10: ='参考-养成属性规划（从养成属性复制）'!$V$42 -> 0.20588235 | L10: 裸体基础属性 | M10: 额外基础属性 | N10: 基础属性百分比 | O10: 算百分比后基础 | Q10: 裸体基础属性 | R10: 额外基础属性 | S10: 基础属性百分比 | T10: 算百分比后基础 | X10: 战斗内效果
A11: 玩家等级 | B11: 关卡id | C11: 章节 | D11: 关卡 | E11: 基础进度 | F11: 队伍人数进度 | G11: 角色等级进度 | H11: 星盘进度 | I11: 专武进度 | J11: 映射装备进度 | K11: 旅券进度 | L11: 防御 | M11: 防御 | N11: 防御% | O11: 防御 | P11: 减伤率 | Q11: 攻击 | R11: 攻击 | S11: 攻击% | T11: 攻击 | U11: 普攻系数倍率 | V11: 技能系数倍率 | W11: 必杀系数倍率 | X11: 角色天赋倍率 | Y11: 星盘天赋倍率 | Z11: 专武天赋倍率 | AA11: 映射装备天赋倍率 | AB11: 收容物天赋倍率 | AC11: 战斗内总倍率 | AD11: 攻速倍率 | AE11: 技能倍率 | AF11: 必杀倍率 | AG11: 暴击 | AH11: 暴击伤害 | AI11: 增伤倍率 | AJ11: 养成总倍率 | AK11: 总单位时间伤害 | AL11: 预计bossTTK | AN11: boss生命 | AO11: 怪物等级
A12: {=_xlfn.IFNA(_xlfn.XLOOKUP(C12&D12,'玩家等级对应关卡（从新手节奏复制）'!$C:$C&'玩家等级对应关卡（从新手节奏复制）'!$D:$D,'玩家等级对应关卡（从新手节奏复制）'!$E:$E),A11)} -> 1 | B12: {=_xlfn.SEQUENCE(C5,1,1,1)} -> 1 | C12: 0 | D12: 1 | E12: =IF($B12<E$8,0,E$3+(E$4-E$3)*(POWER(E$5,$B12-E$8)-1)/(POWER(E$5,$C$5-E$8)-1)) -> 1 | F12: 1 | G12: =IF($B12<G$8,0,G$3+(G$4-G$3)*(POWER(G$5,$B12-G$8)-1)/(POWER(G$5,$C$5-G$8)-1)) -> 0 | H12: =IF($B12<H$8,0,H$3+(H$4-H$3)*(POWER(H$5,$B12-H$8)-1)/(POWER(H$5,$C$5-H$8)-1)) -> 0 | I12: =IF($B12<I$8,0,I$3+(I$4-I$3)*(POWER(I$5,$B12-I$8)-1)/(POWER(I$5,$C$5-I$8)-1)) -> 0 | J12: =IF($B12<J$8,0,J$3+(J$4-J$3)*(POWER(J$5,$B12-J$8)-1)/(POWER(J$5,$C$5-J$8)-1)) -> 0 | K12: =IF($B12<K$8,0,K$3+(K$4-K$3)*(POWER(K$5,$B12-K$8)-1)/(POWER(K$5,$C$5-K$8)-1)) -> 0 | L12: =E12*'参考-养成属性规划（从养成属性复制）'!$F$36+G12*'参考-养成属性规划（从养成属性复制）'!$F$37+'参考-养成属性规划（从养成属性复制）'!$F$39*H12 -> 1000 | M12: =I12*'参考-养成属性规划（从养成属性复制）'!$F$41+J12*'参考-养成属性规划（从养成属性复制）'!$F$42+K12*'参考-养成属性规划（从养成属性复制）'!$F$43 -> 0 | N12: =1+N$9*($H$10*$H12+$I$10*$I12+$J$10*$J12) -> 1 | O12: =L12*N12+M12 -> 1000 | P12: =O12/(O12+战斗公式!$M$27) -> 0.04 | Q12: =E12*'参考-养成属性规划（从养成属性复制）'!$E$36+G12*'参考-养成属性规划（从养成属性复制）'!$E$37+'参考-养成属性规划（从养成属性复制）'!$E$39*H131 -> 1500 | R12: =I12*'参考-养成属性规划（从养成属性复制）'!$E$41+J12*'参考-养成属性规划（从养成属性复制）'!$E$42+K12*'参考-养成属性规划（从养成属性复制）'!$E$43 -> 0 | S12: =1+S$9*($H$10*$H12+$I$10*$I12+$J$10*$J12) -> 1 | T12: =Q12*S12+R12 -> 1500 | U12: =U$8+(U$9-U$8)*$H12 -> 0.7 | V12: =IF(B12<$H$8,0,V$8+(V$9-V$8)*$H12) -> 0 | W12: =W$8+(W$9-W$8)*$H12 -> 0.275 | X12: =X$8+(X$9-X$8)*K12 -> 1 | Y12: =Y$8+(Y$9-Y$8)*$H12 -> 1 | Z12: =Z$8+(Z$9-Z$8)*$I12 -> 1 | AA12: =AA$8+(AA$9-AA$8)*$J12 -> 1 | AB12: =AB$8+(AB$9-AB$8)*$K12 -> 1 | AC12: =SUM(U12:W12)*PRODUCT(X12:AB12) -> 0.975 | AD12: =1+AD$9*($H$10*$H12+$I$10*$I12+$J$10*$J12) -> 1 | AE12: =1+AE$9*($H$10*$H12+$I$10*$I12+$J$10*$J12+$K$10*$K12) -> 1 | AF12: =1+AF$9*($H$10*$H12+$I$10*$I12+$J$10*$J12) -> 1 | AG12: =战斗属性!$F$11+AG$9*($H$10*$H12+$I$10*$I12+$J$10*$J12+$K12*$K$10) -> 0.05 | AH12: =战斗属性!$F$12+AH$9*($H$10*$H12+$I$10*$I12+$J$10*$J12+$K$10*$K12) -> 2 | AI12: =1+AI$9*($H$10*$H12+$I$10*$I12+$J$10*$J12+$K12*$K$10) -> 1 | AJ12: =(1+AG12*(AH12-1))*AD12*AF12*AI12 -> 1.05 | AK12: =AJ12*AC12*T12*F12*(1-P12) -> 1474.2 | AL12: =IF($B12<AL$8,0,AL$3+(AL$4-AL$3)*(POWER(AL$5,$B12-AL$8)-1)/(POWER(AL$5,$C$5-AL$8)-1)) -> 35 | AN12: =AL12*AK12 -> 51597 | AO12: {=INDEX(_xlfn.ANCHORARRAY(怪物标准模型!$B$12),MATCH(AN12,怪物标准模型!$AY$12:$AY$511))} -> 5 | AP12: 5
A13: {=_xlfn.IFNA(_xlfn.XLOOKUP(C13&D13,'玩家等级对应关卡（从新手节奏复制）'!$C:$C&'玩家等级对应关卡（从新手节奏复制）'!$D:$D,'玩家等级对应关卡（从新手节奏复制）'!$E:$E),A12)} -> 2 | B13: 2 | C13: 0 | D13: 2 | E13: =IF($B13<E$8,0,E$3+(E$4-E$3)*(POWER(E$5,$B13-E$8)-1)/(POWER(E$5,$C$5-E$8)-1)) -> 1 | F13: 1 | G13: =IF($B13<G$8,0,G$3+(G$4-G$3)*(POWER(G$5,$B13-G$8)-1)/(POWER(G$5,$C$5-G$8)-1)) -> 0.025054752 | H13: =IF($B13<H$8,0,H$3+(H$4-H$3)*(POWER(H$5,$B13-H$8)-1)/(POWER(H$5,$C$5-H$8)-1)) -> 0 | I13: =IF($B13<I$8,0,I$3+(I$4-I$3)*(POWER(I$5,$B13-I$8)-1)/(POWER(I$5,$C$5-I$8)-1)) -> 0 | J13: =IF($B13<J$8,0,J$3+(J$4-J$3)*(POWER(J$5,$B13-J$8)-1)/(POWER(J$5,$C$5-J$8)-1)) -> 0 | K13: =IF($B13<K$8,0,K$3+(K$4-K$3)*(POWER(K$5,$B13-K$8)-1)/(POWER(K$5,$C$5-K$8)-1)) -> 0 | L13: =E13*'参考-养成属性规划（从养成属性复制）'!$F$36+G13*'参考-养成属性规划（从养成属性复制）'!$F$37+'参考-养成属性规划（从养成属性复制）'!$F$39*H13 -> 1120.2628 | M13: =I13*'参考-养成属性规划（从养成属性复制）'!$F$41+J13*'参考-养成属性规划（从养成属性复制）'!$F$42+K13*'参考-养成属性规划（从养成属性复制）'!$F$43 -> 0 | N13: =1+N$9*($H$10*$H13+$I$10*$I13+$J$10*$J13) -> 1 | O13: =L13*N13+M13 -> 1120.2628 | P13: =O13/(O13+战斗公式!$M$27) -> 0.044595983 | Q13: =E13*'参考-养成属性规划（从养成属性复制）'!$E$36+G13*'参考-养成属性规划（从养成属性复制）'!$E$37+'参考-养成属性规划（从养成属性复制）'!$E$39*H132 -> 1680.3942 | R13: =I13*'参考-养成属性规划（从养成属性复制）'!$E$41+J13*'参考-养成属性规划（从养成属性复制）'!$E$42+K13*'参考-养成属性规划（从养成属性复制）'!$E$43 -> 0 | S13: =1+S$9*($H$10*$H13+$I$10*$I13+$J$10*$J13) -> 1 | T13: =Q13*S13+R13 -> 1680.3942 | U13: =U$8+(U$9-U$8)*$H13 -> 0.7 | V13: =IF(B13<$H$8,0,V$8+(V$9-V$8)*$H13) -> 0 | W13: =W$8+(W$9-W$8)*$H13 -> 0.275 | X13: =X$8+(X$9-X$8)*K13 -> 1 | Y13: =Y$8+(Y$9-Y$8)*$H13 -> 1 | Z13: =Z$8+(Z$9-Z$8)*$I13 -> 1 | AA13: =AA$8+(AA$9-AA$8)*$J13 -> 1 | AB13: =AB$8+(AB$9-AB$8)*$K13 -> 1 | AC13: =SUM(U13:W13)*PRODUCT(X13:AB13) -> 0.975 | AD13: =1+AD$9*($H$10*$H13+$I$10*$I13+$J$10*$J13) -> 1 | AE13: =1+AE$9*($H$10*$H13+$I$10*$I13+$J$10*$J13+$K$10*$K13) -> 1 | AF13: =1+AF$9*($H$10*$H13+$I$10*$I13+$J$10*$J13) -> 1 | AG13: =战斗属性!$F$11+AG$9*($H$10*$H13+$I$10*$I13+$J$10*$J13+$K13*$K$10) -> 0.05 | AH13: =战斗属性!$F$12+AH$9*($H$10*$H13+$I$10*$I13+$J$10*$J13+$K$10*$K13) -> 2 | AI13: =1+AI$9*($H$10*$H13+$I$10*$I13+$J$10*$J13+$K13*$K$10) -> 1 | AJ13: =(1+AG13*(AH13-1))*AD13*AF13*AI13 -> 1.05 | AK13: =AJ13*AC13*T13*F13*(1-P13) -> 1643.585 | AL13: =IF($B13<AL$8,0,AL$3+(AL$4-AL$3)*(POWER(AL$5,$B13-AL$8)-1)/(POWER(AL$5,$C$5-AL$8)-1)) -> 35.110215 | AN13: =AL13*AK13 -> 57706.62 | AO13: {=INDEX(_xlfn.ANCHORARRAY(怪物标准模型!$B$12),MATCH(AN13,怪物标准模型!$AY$12:$AY$511))} -> 6 | AP13: 6
A14: {=_xlfn.IFNA(_xlfn.XLOOKUP(C14&D14,'玩家等级对应关卡（从新手节奏复制）'!$C:$C&'玩家等级对应关卡（从新手节奏复制）'!$D:$D,'玩家等级对应关卡（从新手节奏复制）'!$E:$E),A13)} -> 3 | B14: 3 | C14: 0 | D14: 3 | E14: =IF($B14<E$8,0,E$3+(E$4-E$3)*(POWER(E$5,$B14-E$8)-1)/(POWER(E$5,$C$5-E$8)-1)) -> 1 | F14: 1 | G14: =IF($B14<G$8,0,G$3+(G$4-G$3)*(POWER(G$5,$B14-G$8)-1)/(POWER(G$5,$C$5-G$8)-1)) -> 0.049357862 | H14: =IF($B14<H$8,0,H$3+(H$4-H$3)*(POWER(H$5,$B14-H$8)-1)/(POWER(H$5,$C$5-H$8)-1)) -> 0 | I14: =IF($B14<I$8,0,I$3+(I$4-I$3)*(POWER(I$5,$B14-I$8)-1)/(POWER(I$5,$C$5-I$8)-1)) -> 0 | J14: =IF($B14<J$8,0,J$3+(J$4-J$3)*(POWER(J$5,$B14-J$8)-1)/(POWER(J$5,$C$5-J$8)-1)) -> 0 | K14: =IF($B14<K$8,0,K$3+(K$4-K$3)*(POWER(K$5,$B14-K$8)-1)/(POWER(K$5,$C$5-K$8)-1)) -> 0 | L14: =E14*'参考-养成属性规划（从养成属性复制）'!$F$36+G14*'参考-养成属性规划（从养成属性复制）'!$F$37+'参考-养成属性规划（从养成属性复制）'!$F$39*H14 -> 1236.9177 | M14: =I14*'参考-养成属性规划（从养成属性复制）'!$F$41+J14*'参考-养成属性规划（从养成属性复制）'!$F$42+K14*'参考-养成属性规划（从养成属性复制）'!$F$43 -> 0 | N14: =1+N$9*($H$10*$H14+$I$10*$I14+$J$10*$J14) -> 1 | O14: =L14*N14+M14 -> 1236.9177 | P14: =O14/(O14+战斗公式!$M$27) -> 0.049012235 | Q14: =E14*'参考-养成属性规划（从养成属性复制）'!$E$36+G14*'参考-养成属性规划（从养成属性复制）'!$E$37+'参考-养成属性规划（从养成属性复制）'!$E$39*H133 -> 1855.3766 | R14: =I14*'参考-养成属性规划（从养成属性复制）'!$E$41+J14*'参考-养成属性规划（从养成属性复制）'!$E$42+K14*'参考-养成属性规划（从养成属性复制）'!$E$43 -> 0 | S14: =1+S$9*($H$10*$H14+$I$10*$I14+$J$10*$J14) -> 1 | T14: =Q14*S14+R14 -> 1855.3766 | U14: =U$8+(U$9-U$8)*$H14 -> 0.7 | V14: =IF(B14<$H$8,0,V$8+(V$9-V$8)*$H14) -> 0 | W14: =W$8+(W$9-W$8)*$H14 -> 0.275 | X14: =X$8+(X$9-X$8)*K14 -> 1 | Y14: =Y$8+(Y$9-Y$8)*$H14 -> 1 | Z14: =Z$8+(Z$9-Z$8)*$I14 -> 1 | AA14: =AA$8+(AA$9-AA$8)*$J14 -> 1 | AB14: =AB$8+(AB$9-AB$8)*$K14 -> 1 | AC14: =SUM(U14:W14)*PRODUCT(X14:AB14) -> 0.975 | AD14: =1+AD$9*($H$10*$H14+$I$10*$I14+$J$10*$J14) -> 1 | AE14: =1+AE$9*($H$10*$H14+$I$10*$I14+$J$10*$J14+$K$10*$K14) -> 1 | AF14: =1+AF$9*($H$10*$H14+$I$10*$I14+$J$10*$J14) -> 1 | AG14: =战斗属性!$F$11+AG$9*($H$10*$H14+$I$10*$I14+$J$10*$J14+$K14*$K$10) -> 0.05 | AH14: =战斗属性!$F$12+AH$9*($H$10*$H14+$I$10*$I14+$J$10*$J14+$K$10*$K14) -> 2 | AI14: =1+AI$9*($H$10*$H14+$I$10*$I14+$J$10*$J14+$K14*$K$10) -> 1 | AJ14: =(1+AG14*(AH14-1))*AD14*AF14*AI14 -> 1.05 | AK14: =AJ14*AC14*T14*F14*(1-P14) -> 1806.3459 | AL14: =IF($B14<AL$8,0,AL$3+(AL$4-AL$3)*(POWER(AL$5,$B14-AL$8)-1)/(POWER(AL$5,$C$5-AL$8)-1)) -> 35.221532 | AN14: =AL14*AK14 -> 63622.27 | AO14: {=INDEX(_xlfn.ANCHORARRAY(怪物标准模型!$B$12),MATCH(AN14,怪物标准模型!$AY$12:$AY$511))} -> 6 | AP14: 6
A15: {=_xlfn.IFNA(_xlfn.XLOOKUP(C15&D15,'玩家等级对应关卡（从新手节奏复制）'!$C:$C&'玩家等级对应关卡（从新手节奏复制）'!$D:$D,'玩家等级对应关卡（从新手节奏复制）'!$E:$E),A14)} -> 4 | B15: 4 | C15: 0 | D15: 4 | E15: =IF($B15<E$8,0,E$3+(E$4-E$3)*(POWER(E$5,$B15-E$8)-1)/(POWER(E$5,$C$5-E$8)-1)) -> 1 | F15: 1.4 | G15: =IF($B15<G$8,0,G$3+(G$4-G$3)*(POWER(G$5,$B15-G$8)-1)/(POWER(G$5,$C$5-G$8)-1)) -> 0.072931878 | H15: =IF($B15<H$8,0,H$3+(H$4-H$3)*(POWER(H$5,$B15-H$8)-1)/(POWER(H$5,$C$5-H$8)-1)) -> 0 | I15: =IF($B15<I$8,0,I$3+(I$4-I$3)*(POWER(I$5,$B15-I$8)-1)/(POWER(I$5,$C$5-I$8)-1)) -> 0 | J15: =IF($B15<J$8,0,J$3+(J$4-J$3)*(POWER(J$5,$B15-J$8)-1)/(POWER(J$5,$C$5-J$8)-1)) -> 0 | K15: =IF($B15<K$8,0,K$3+(K$4-K$3)*(POWER(K$5,$B15-K$8)-1)/(POWER(K$5,$C$5-K$8)-1)) -> 0 | L15: =E15*'参考-养成属性规划（从养成属性复制）'!$F$36+G15*'参考-养成属性规划（从养成属性复制）'!$F$37+'参考-养成属性规划（从养成属性复制）'!$F$39*H15 -> 1350.073 | M15: =I15*'参考-养成属性规划（从养成属性复制）'!$F$41+J15*'参考-养成属性规划（从养成属性复制）'!$F$42+K15*'参考-养成属性规划（从养成属性复制）'!$F$43 -> 0 | N15: =1+N$9*($H$10*$H15+$I$10*$I15+$J$10*$J15) -> 1 | O15: =L15*N15+M15 -> 1350.073 | P15: =O15/(O15+战斗公式!$M$27) -> 0.053257165 | Q15: =E15*'参考-养成属性规划（从养成属性复制）'!$E$36+G15*'参考-养成属性规划（从养成属性复制）'!$E$37+'参考-养成属性规划（从养成属性复制）'!$E$39*H134 -> 2025.1095 | R15: =I15*'参考-养成属性规划（从养成属性复制）'!$E$41+J15*'参考-养成属性规划（从养成属性复制）'!$E$42+K15*'参考-养成属性规划（从养成属性复制）'!$E$43 -> 0 | S15: =1+S$9*($H$10*$H15+$I$10*$I15+$J$10*$J15) -> 1 | T15: =Q15*S15+R15 -> 2025.1095 | U15: =U$8+(U$9-U$8)*$H15 -> 0.7 | V15: =IF(B15<$H$8,0,V$8+(V$9-V$8)*$H15) -> 0 | W15: =W$8+(W$9-W$8)*$H15 -> 0.275 | X15: =X$8+(X$9-X$8)*K15 -> 1 | Y15: =Y$8+(Y$9-Y$8)*$H15 -> 1 | Z15: =Z$8+(Z$9-Z$8)*$I15 -> 1 | AA15: =AA$8+(AA$9-AA$8)*$J15 -> 1 | AB15: =AB$8+(AB$9-AB$8)*$K15 -> 1 | AC15: =SUM(U15:W15)*PRODUCT(X15:AB15) -> 0.975 | AD15: =1+AD$9*($H$10*$H15+$I$10*$I15+$J$10*$J15) -> 1 | AE15: =1+AE$9*($H$10*$H15+$I$10*$I15+$J$10*$J15+$K$10*$K15) -> 1 | AF15: =1+AF$9*($H$10*$H15+$I$10*$I15+$J$10*$J15) -> 1 | AG15: =战斗属性!$F$11+AG$9*($H$10*$H15+$I$10*$I15+$J$10*$J15+$K15*$K$10) -> 0.05 | AH15: =战斗属性!$F$12+AH$9*($H$10*$H15+$I$10*$I15+$J$10*$J15+$K$10*$K15) -> 2 | AI15: =1+AI$9*($H$10*$H15+$I$10*$I15+$J$10*$J15+$K15*$K$10) -> 1 | AJ15: =(1+AG15*(AH15-1))*AD15*AF15*AI15 -> 1.05 | AK15: =AJ15*AC15*T15*F15*(1-P15) -> 2747.9099 | AL15: =IF($B15<AL$8,0,AL$3+(AL$4-AL$3)*(POWER(AL$5,$B15-AL$8)-1)/(POWER(AL$5,$C$5-AL$8)-1)) -> 35.333962 | AN15: =AL15*AK15 -> 97094.544 | AO15: {=INDEX(_xlfn.ANCHORARRAY(怪物标准模型!$B$12),MATCH(AN15,怪物标准模型!$AY$12:$AY$511))} -> 10 | AP15: 10
A16: {=_xlfn.IFNA(_xlfn.XLOOKUP(C16&D16,'玩家等级对应关卡（从新手节奏复制）'!$C:$C&'玩家等级对应关卡（从新手节奏复制）'!$D:$D,'玩家等级对应关卡（从新手节奏复制）'!$E:$E),A15)} -> 5 | B16: 5 | C16: 0 | D16: 5 | E16: =IF($B16<E$8,0,E$3+(E$4-E$3)*(POWER(E$5,$B16-E$8)-1)/(POWER(E$5,$C$5-E$8)-1)) -> 1 | F16: 1.6 | G16: =IF($B16<G$8,0,G$3+(G$4-G$3)*(POWER(G$5,$B16-G$8)-1)/(POWER(G$5,$C$5-G$8)-1)) -> 0.095798674 | H16: =IF($B16<H$8,0,H$3+(H$4-H$3)*(POWER(H$5,$B16-H$8)-1)/(POWER(H$5,$C$5-H$8)-1)) -> 0 | I16: =IF($B16<I$8,0,I$3+(I$4-I$3)*(POWER(I$5,$B16-I$8)-1)/(POWER(I$5,$C$5-I$8)-1)) -> 0 | J16: =IF($B16<J$8,0,J$3+(J$4-J$3)*(POWER(J$5,$B16-J$8)-1)/(POWER(J$5,$C$5-J$8)-1)) -> 0 | K16: =IF($B16<K$8,0,K$3+(K$4-K$3)*(POWER(K$5,$B16-K$8)-1)/(POWER(K$5,$C$5-K$8)-1)) -> 0 | L16: =E16*'参考-养成属性规划（从养成属性复制）'!$F$36+G16*'参考-养成属性规划（从养成属性复制）'!$F$37+'参考-养成属性规划（从养成属性复制）'!$F$39*H16 -> 1459.8336 | M16: =I16*'参考-养成属性规划（从养成属性复制）'!$F$41+J16*'参考-养成属性规划（从养成属性复制）'!$F$42+K16*'参考-养成属性规划（从养成属性复制）'!$F$43 -> 0 | N16: =1+N$9*($H$10*$H16+$I$10*$I16+$J$10*$J16) -> 1 | O16: =L16*N16+M16 -> 1459.8336 | P16: =O16/(O16+战斗公式!$M$27) -> 0.057338695 | Q16: =E16*'参考-养成属性规划（从养成属性复制）'!$E$36+G16*'参考-养成属性规划（从养成属性复制）'!$E$37+'参考-养成属性规划（从养成属性复制）'!$E$39*H135 -> 2189.7505 | R16: =I16*'参考-养成属性规划（从养成属性复制）'!$E$41+J16*'参考-养成属性规划（从养成属性复制）'!$E$42+K16*'参考-养成属性规划（从养成属性复制）'!$E$43 -> 0 | S16: =1+S$9*($H$10*$H16+$I$10*$I16+$J$10*$J16) -> 1 | T16: =Q16*S16+R16 -> 2189.7505 | U16: =U$8+(U$9-U$8)*$H16 -> 0.7 | V16: =IF(B16<$H$8,0,V$8+(V$9-V$8)*$H16) -> 0 | W16: =W$8+(W$9-W$8)*$H16 -> 0.275 | X16: =X$8+(X$9-X$8)*K16 -> 1 | Y16: =Y$8+(Y$9-Y$8)*$H16 -> 1 | Z16: =Z$8+(Z$9-Z$8)*$I16 -> 1 | AA16: =AA$8+(AA$9-AA$8)*$J16 -> 1 | AB16: =AB$8+(AB$9-AB$8)*$K16 -> 1 | AC16: =SUM(U16:W16)*PRODUCT(X16:AB16) -> 0.975 | AD16: =1+AD$9*($H$10*$H16+$I$10*$I16+$J$10*$J16) -> 1 | AE16: =1+AE$9*($H$10*$H16+$I$10*$I16+$J$10*$J16+$K$10*$K16) -> 1 | AF16: =1+AF$9*($H$10*$H16+$I$10*$I16+$J$10*$J16) -> 1 | AG16: =战斗属性!$F$11+AG$9*($H$10*$H16+$I$10*$I16+$J$10*$J16+$K16*$K$10) -> 0.05 | AH16: =战斗属性!$F$12+AH$9*($H$10*$H16+$I$10*$I16+$J$10*$J16+$K$10*$K16) -> 2 | AI16: =1+AI$9*($H$10*$H16+$I$10*$I16+$J$10*$J16+$K16*$K$10) -> 1 | AJ16: =(1+AG16*(AH16-1))*AD16*AF16*AI16 -> 1.05 | AK16: =AJ16*AC16*T16*F16*(1-P16) -> 3381.1482 | AL16: =IF($B16<AL$8,0,AL$3+(AL$4-AL$3)*(POWER(AL$5,$B16-AL$8)-1)/(POWER(AL$5,$C$5-AL$8)-1)) -> 35.447516 | AN16: =AL16*AK16 -> 119853.3 | AO16: {=INDEX(_xlfn.ANCHORARRAY(怪物标准模型!$B$12),MATCH(AN16,怪物标准模型!$AY$12:$AY$511))} -> 12 | AP16: 12
A17: {=_xlfn.IFNA(_xlfn.XLOOKUP(C17&D17,'玩家等级对应关卡（从新手节奏复制）'!$C:$C&'玩家等级对应关卡（从新手节奏复制）'!$D:$D,'玩家等级对应关卡（从新手节奏复制）'!$E:$E),A16)} -> 6 | B17: 6 | C17: 1 | D17: 1 | E17: =IF($B17<E$8,0,E$3+(E$4-E$3)*(POWER(E$5,$B17-E$8)-1)/(POWER(E$5,$C$5-E$8)-1)) -> 1 | F17: 1.7 | G17: =IF($B17<G$8,0,G$3+(G$4-G$3)*(POWER(G$5,$B17-G$8)-1)/(POWER(G$5,$C$5-G$8)-1)) -> 0.11797947 | H17: =IF($B17<H$8,0,H$3+(H$4-H$3)*(POWER(H$5,$B17-H$8)-1)/(POWER(H$5,$C$5-H$8)-1)) -> 0 | I17: =IF($B17<I$8,0,I$3+(I$4-I$3)*(POWER(I$5,$B17-I$8)-1)/(POWER(I$5,$C$5-I$8)-1)) -> 0 | J17: =IF($B17<J$8,0,J$3+(J$4-J$3)*(POWER(J$5,$B17-J$8)-1)/(POWER(J$5,$C$5-J$8)-1)) -> 0 | K17: =IF($B17<K$8,0,K$3+(K$4-K$3)*(POWER(K$5,$B17-K$8)-1)/(POWER(K$5,$C$5-K$8)-1)) -> 0 | L17: =E17*'参考-养成属性规划（从养成属性复制）'!$F$36+G17*'参考-养成属性规划（从养成属性复制）'!$F$37+'参考-养成属性规划（从养成属性复制）'!$F$39*H17 -> 1566.3014 | M17: =I17*'参考-养成属性规划（从养成属性复制）'!$F$41+J17*'参考-养成属性规划（从养成属性复制）'!$F$42+K17*'参考-养成属性规划（从养成属性复制）'!$F$43 -> 0 | N17: =1+N$9*($H$10*$H17+$I$10*$I17+$J$10*$J17) -> 1 | O17: =L17*N17+M17 -> 1566.3014 | P17: =O17/(O17+战斗公式!$M$27) -> 0.061264295 | Q17: =E17*'参考-养成属性规划（从养成属性复制）'!$E$36+G17*'参考-养成属性规划（从养成属性复制）'!$E$37+'参考-养成属性规划（从养成属性复制）'!$E$39*H136 -> 2349.4522 | R17: =I17*'参考-养成属性规划（从养成属性复制）'!$E$41+J17*'参考-养成属性规划（从养成属性复制）'!$E$42+K17*'参考-养成属性规划（从养成属性复制）'!$E$43 -> 0 | S17: =1+S$9*($H$10*$H17+$I$10*$I17+$J$10*$J17) -> 1 | T17: =Q17*S17+R17 -> 2349.4522 | U17: =U$8+(U$9-U$8)*$H17 -> 0.7 | V17: =IF(B17<$H$8,0,V$8+(V$9-V$8)*$H17) -> 0 | W17: =W$8+(W$9-W$8)*$H17 -> 0.275 | X17: =X$8+(X$9-X$8)*K17 -> 1 | Y17: =Y$8+(Y$9-Y$8)*$H17 -> 1 | Z17: =Z$8+(Z$9-Z$8)*$I17 -> 1 | AA17: =AA$8+(AA$9-AA$8)*$J17 -> 1 | AB17: =AB$8+(AB$9-AB$8)*$K17 -> 1 | AC17: =SUM(U17:W17)*PRODUCT(X17:AB17) -> 0.975 | AD17: =1+AD$9*($H$10*$H17+$I$10*$I17+$J$10*$J17) -> 1 | AE17: =1+AE$9*($H$10*$H17+$I$10*$I17+$J$10*$J17+$K$10*$K17) -> 1 | AF17: =1+AF$9*($H$10*$H17+$I$10*$I17+$J$10*$J17) -> 1 | AG17: =战斗属性!$F$11+AG$9*($H$10*$H17+$I$10*$I17+$J$10*$J17+$K17*$K$10) -> 0.05 | AH17: =战斗属性!$F$12+AH$9*($H$10*$H17+$I$10*$I17+$J$10*$J17+$K$10*$K17) -> 2 | AI17: =1+AI$9*($H$10*$H17+$I$10*$I17+$J$10*$J17+$K17*$K$10) -> 1 | AJ17: =(1+AG17*(AH17-1))*AD17*AF17*AI17 -> 1.05 | AK17: =AJ17*AC17*T17*F17*(1-P17) -> 3838.4225 | AL17: =IF($B17<AL$8,0,AL$3+(AL$4-AL$3)*(POWER(AL$5,$B17-AL$8)-1)/(POWER(AL$5,$C$5-AL$8)-1)) -> 35.562206 | AN17: =AL17*AK17 -> 136502.77 | AO17: {=INDEX(_xlfn.ANCHORARRAY(怪物标准模型!$B$12),MATCH(AN17,怪物标准模型!$AY$12:$AY$511))} -> 13 | AP17: 13
A18: {=_xlfn.IFNA(_xlfn.XLOOKUP(C18&D18,'玩家等级对应关卡（从新手节奏复制）'!$C:$C&'玩家等级对应关卡（从新手节奏复制）'!$D:$D,'玩家等级对应关卡（从新手节奏复制）'!$E:$E),A17)} -> 6 | B18: 7 | C18: 1 | D18: 2 | E18: =IF($B18<E$8,0,E$3+(E$4-E$3)*(POWER(E$5,$B18-E$8)-1)/(POWER(E$5,$C$5-E$8)-1)) -> 1 | F18: 2.1 | G18: =IF($B18<G$8,0,G$3+(G$4-G$3)*(POWER(G$5,$B18-G$8)-1)/(POWER(G$5,$C$5-G$8)-1)) -> 0.13949483 | H18: =IF($B18<H$8,0,H$3+(H$4-H$3)*(POWER(H$5,$B18-H$8)-1)/(POWER(H$5,$C$5-H$8)-1)) -> 0 | I18: =IF($B18<I$8,0,I$3+(I$4-I$3)*(POWER(I$5,$B18-I$8)-1)/(POWER(I$5,$C$5-I$8)-1)) -> 0 | J18: =IF($B18<J$8,0,J$3+(J$4-J$3)*(POWER(J$5,$B18-J$8)-1)/(POWER(J$5,$C$5-J$8)-1)) -> 0 | K18: =IF($B18<K$8,0,K$3+(K$4-K$3)*(POWER(K$5,$B18-K$8)-1)/(POWER(K$5,$C$5-K$8)-1)) -> 0 | L18: =E18*'参考-养成属性规划（从养成属性复制）'!$F$36+G18*'参考-养成属性规划（从养成属性复制）'!$F$37+'参考-养成属性规划（从养成属性复制）'!$F$39*H18 -> 1669.5752 | M18: =I18*'参考-养成属性规划（从养成属性复制）'!$F$41+J18*'参考-养成属性规划（从养成属性复制）'!$F$42+K18*'参考-养成属性规划（从养成属性复制）'!$F$43 -> 0 | N18: =1+N$9*($H$10*$H18+$I$10*$I18+$J$10*$J18) -> 1 | O18: =L18*N18+M18 -> 1669.5752 | P18: =O18/(O18+战斗公式!$M$27) -> 0.065041014 | Q18: =E18*'参考-养成属性规划（从养成属性复制）'!$E$36+G18*'参考-养成属性规划（从养成属性复制）'!$E$37+'参考-养成属性规划（从养成属性复制）'!$E$39*H137 -> 2504.3628 | R18: =I18*'参考-养成属性规划（从养成属性复制）'!$E$41+J18*'参考-养成属性规划（从养成属性复制）'!$E$42+K18*'参考-养成属性规划（从养成属性复制）'!$E$43 -> 0 | S18: =1+S$9*($H$10*$H18+$I$10*$I18+$J$10*$J18) -> 1 | T18: =Q18*S18+R18 -> 2504.3628 | U18: =U$8+(U$9-U$8)*$H18 -> 0.7 | V18: =IF(B18<$H$8,0,V$8+(V$9-V$8)*$H18) -> 0 | W18: =W$8+(W$9-W$8)*$H18 -> 0.275 | X18: =X$8+(X$9-X$8)*K18 -> 1 | Y18: =Y$8+(Y$9-Y$8)*$H18 -> 1 | Z18: =Z$8+(Z$9-Z$8)*$I18 -> 1 | AA18: =AA$8+(AA$9-AA$8)*$J18 -> 1 | AB18: =AB$8+(AB$9-AB$8)*$K18 -> 1 | AC18: =SUM(U18:W18)*PRODUCT(X18:AB18) -> 0.975 | AD18: =1+AD$9*($H$10*$H18+$I$10*$I18+$J$10*$J18) -> 1 | AE18: =1+AE$9*($H$10*$H18+$I$10*$I18+$J$10*$J18+$K$10*$K18) -> 1 | AF18: =1+AF$9*($H$10*$H18+$I$10*$I18+$J$10*$J18) -> 1 | AG18: =战斗属性!$F$11+AG$9*($H$10*$H18+$I$10*$I18+$J$10*$J18+$K18*$K$10) -> 0.05 | AH18: =战斗属性!$F$12+AH$9*($H$10*$H18+$I$10*$I18+$J$10*$J18+$K$10*$K18) -> 2 | AI18: =1+AI$9*($H$10*$H18+$I$10*$I18+$J$10*$J18+$K18*$K$10) -> 1 | AJ18: =(1+AG18*(AH18-1))*AD18*AF18*AI18 -> 1.05 | AK18: =AJ18*AC18*T18*F18*(1-P18) -> 5033.8818 | AL18: =IF($B18<AL$8,0,AL$3+(AL$4-AL$3)*(POWER(AL$5,$B18-AL$8)-1)/(POWER(AL$5,$C$5-AL$8)-1)) -> 35.678042 | AN18: =AL18*AK18 -> 179599.05 | AO18: {=INDEX(_xlfn.ANCHORARRAY(怪物标准模型!$B$12),MATCH(AN18,怪物标准模型!$AY$12:$AY$511))} -> 17 | AP18: 17
A19: {=_xlfn.IFNA(_xlfn.XLOOKUP(C19&D19,'玩家等级对应关卡（从新手节奏复制）'!$C:$C&'玩家等级对应关卡（从新手节奏复制）'!$D:$D,'玩家等级对应关卡（从新手节奏复制）'!$E:$E),A18)} -> 7 | B19: 8 | C19: 1 | D19: 3 | E19: =IF($B19<E$8,0,E$3+(E$4-E$3)*(POWER(E$5,$B19-E$8)-1)/(POWER(E$5,$C$5-E$8)-1)) -> 1 | F19: 2.3 | G19: =IF($B19<G$8,0,G$3+(G$4-G$3)*(POWER(G$5,$B19-G$8)-1)/(POWER(G$5,$C$5-G$8)-1)) -> 0.16036474 | H19: =IF($B19<H$8,0,H$3+(H$4-H$3)*(POWER(H$5,$B19-H$8)-1)/(POWER(H$5,$C$5-H$8)-1)) -> 0 | I19: =IF($B19<I$8,0,I$3+(I$4-I$3)*(POWER(I$5,$B19-I$8)-1)/(POWER(I$5,$C$5-I$8)-1)) -> 0 | J19: =IF($B19<J$8,0,J$3+(J$4-J$3)*(POWER(J$5,$B19-J$8)-1)/(POWER(J$5,$C$5-J$8)-1)) -> 0 | K19: =IF($B19<K$8,0,K$3+(K$4-K$3)*(POWER(K$5,$B19-K$8)-1)/(POWER(K$5,$C$5-K$8)-1)) -> 0 | L19: =E19*'参考-养成属性规划（从养成属性复制）'!$F$36+G19*'参考-养成属性规划（从养成属性复制）'!$F$37+'参考-养成属性规划（从养成属性复制）'!$F$39*H19 -> 1769.7508 | M19: =I19*'参考-养成属性规划（从养成属性复制）'!$F$41+J19*'参考-养成属性规划（从养成属性复制）'!$F$42+K19*'参考-养成属性规划（从养成属性复制）'!$F$43 -> 0 | N19: =1+N$9*($H$10*$H19+$I$10*$I19+$J$10*$J19) -> 1 | O19: =L19*N19+M19 -> 1769.7508 | P19: =O19/(O19+战斗公式!$M$27) -> 0.068675509 | Q19: =E19*'参考-养成属性规划（从养成属性复制）'!$E$36+G19*'参考-养成属性规划（从养成属性复制）'!$E$37+'参考-养成属性规划（从养成属性复制）'!$E$39*H138 -> 2654.6261 | R19: =I19*'参考-养成属性规划（从养成属性复制）'!$E$41+J19*'参考-养成属性规划（从养成属性复制）'!$E$42+K19*'参考-养成属性规划（从养成属性复制）'!$E$43 -> 0 | S19: =1+S$9*($H$10*$H19+$I$10*$I19+$J$10*$J19) -> 1 | T19: =Q19*S19+R19 -> 2654.6261 | U19: =U$8+(U$9-U$8)*$H19 -> 0.7 | V19: =IF(B19<$H$8,0,V$8+(V$9-V$8)*$H19) -> 0 | W19: =W$8+(W$9-W$8)*$H19 -> 0.275 | X19: =X$8+(X$9-X$8)*K19 -> 1 | Y19: =Y$8+(Y$9-Y$8)*$H19 -> 1 | Z19: =Z$8+(Z$9-Z$8)*$I19 -> 1 | AA19: =AA$8+(AA$9-AA$8)*$J19 -> 1 | AB19: =AB$8+(AB$9-AB$8)*$K19 -> 1 | AC19: =SUM(U19:W19)*PRODUCT(X19:AB19) -> 0.975 | AD19: =1+AD$9*($H$10*$H19+$I$10*$I19+$J$10*$J19) -> 1 | AE19: =1+AE$9*($H$10*$H19+$I$10*$I19+$J$10*$J19+$K$10*$K19) -> 1 | AF19: =1+AF$9*($H$10*$H19+$I$10*$I19+$J$10*$J19) -> 1 | AG19: =战斗属性!$F$11+AG$9*($H$10*$H19+$I$10*$I19+$J$10*$J19+$K19*$K$10) -> 0.05 | AH19: =战斗属性!$F$12+AH$9*($H$10*$H19+$I$10*$I19+$J$10*$J19+$K$10*$K19) -> 2 | AI19: =1+AI$9*($H$10*$H19+$I$10*$I19+$J$10*$J19+$K19*$K$10) -> 1 | AJ19: =(1+AG19*(AH19-1))*AD19*AF19*AI19 -> 1.05 | AK19: =AJ19*AC19*T19*F19*(1-P19) -> 5821.3826 | AL19: =IF($B19<AL$8,0,AL$3+(AL$4-AL$3)*(POWER(AL$5,$B19-AL$8)-1)/(POWER(AL$5,$C$5-AL$8)-1)) -> 35.795038 | AN19: =AL19*AK19 -> 208376.61 | AO19: {=INDEX(_xlfn.ANCHORARRAY(怪物标准模型!$B$12),MATCH(AN19,怪物标准模型!$AY$12:$AY$511))} -> 19 | AP19: 19
A20: {=_xlfn.IFNA(_xlfn.XLOOKUP(C20&D20,'玩家等级对应关卡（从新手节奏复制）'!$C:$C&'玩家等级对应关卡（从新手节奏复制）'!$D:$D,'玩家等级对应关卡（从新手节奏复制）'!$E:$E),A19)} -> 8 | B20: 9 | C20: 1 | D20: 4 | E20: =IF($B20<E$8,0,E$3+(E$4-E$3)*(POWER(E$5,$B20-E$8)-1)/(POWER(E$5,$C$5-E$8)-1)) -> 1 | F20: 2.4 | G20: =IF($B20<G$8,0,G$3+(G$4-G$3)*(POWER(G$5,$B20-G$8)-1)/(POWER(G$5,$C$5-G$8)-1)) -> 0.18060855 | H20: =IF($B20<H$8,0,H$3+(H$4-H$3)*(POWER(H$5,$B20-H$8)-1)/(POWER(H$5,$C$5-H$8)-1)) -> 0 | I20: =IF($B20<I$8,0,I$3+(I$4-I$3)*(POWER(I$5,$B20-I$8)-1)/(POWER(I$5,$C$5-I$8)-1)) -> 0 | J20: =IF($B20<J$8,0,J$3+(J$4-J$3)*(POWER(J$5,$B20-J$8)-1)/(POWER(J$5,$C$5-J$8)-1)) -> 0 | K20: =IF($B20<K$8,0,K$3+(K$4-K$3)*(POWER(K$5,$B20-K$8)-1)/(POWER(K$5,$C$5-K$8)-1)) -> 0 | L20: =E20*'参考-养成属性规划（从养成属性复制）'!$F$36+G20*'参考-养成属性规划（从养成属性复制）'!$F$37+'参考-养成属性规划（从养成属性复制）'!$F$39*H20 -> 1866.921 | M20: =I20*'参考-养成属性规划（从养成属性复制）'!$F$41+J20*'参考-养成属性规划（从养成属性复制）'!$F$42+K20*'参考-养成属性规划（从养成属性复制）'!$F$43 -> 0 | N20: =1+N$9*($H$10*$H20+$I$10*$I20+$J$10*$J20) -> 1 | O20: =L20*N20+M20 -> 1866.921 | P20: =O20/(O20+战斗公式!$M$27) -> 0.072174073 | Q20: =E20*'参考-养成属性规划（从养成属性复制）'!$E$36+G20*'参考-养成属性规划（从养成属性复制）'!$E$37+'参考-养成属性规划（从养成属性复制）'!$E$39*H139 -> 2800.3816 | R20: =I20*'参考-养成属性规划（从养成属性复制）'!$E$41+J20*'参考-养成属性规划（从养成属性复制）'!$E$42+K20*'参考-养成属性规划（从养成属性复制）'!$E$43 -> 0 | S20: =1+S$9*($H$10*$H20+$I$10*$I20+$J$10*$J20) -> 1 | T20: =Q20*S20+R20 -> 2800.3816 | U20: =U$8+(U$9-U$8)*$H20 -> 0.7 | V20: =IF(B20<$H$8,0,V$8+(V$9-V$8)*$H20) -> 0 | W20: =W$8+(W$9-W$8)*$H20 -> 0.275 | X20: =X$8+(X$9-X$8)*K20 -> 1 | Y20: =Y$8+(Y$9-Y$8)*$H20 -> 1 | Z20: =Z$8+(Z$9-Z$8)*$I20 -> 1 | AA20: =AA$8+(AA$9-AA$8)*$J20 -> 1 | AB20: =AB$8+(AB$9-AB$8)*$K20 -> 1 | AC20: =SUM(U20:W20)*PRODUCT(X20:AB20) -> 0.975 | AD20: =1+AD$9*($H$10*$H20+$I$10*$I20+$J$10*$J20) -> 1 | AE20: =1+AE$9*($H$10*$H20+$I$10*$I20+$J$10*$J20+$K$10*$K20) -> 1 | AF20: =1+AF$9*($H$10*$H20+$I$10*$I20+$J$10*$J20) -> 1 | AG20: =战斗属性!$F$11+AG$9*($H$10*$H20+$I$10*$I20+$J$10*$J20+$K20*$K$10) -> 0.05 | AH20: =战斗属性!$F$12+AH$9*($H$10*$H20+$I$10*$I20+$J$10*$J20+$K$10*$K20) -> 2 | AI20: =1+AI$9*($H$10*$H20+$I$10*$I20+$J$10*$J20+$K20*$K$10) -> 1 | AJ20: =(1+AG20*(AH20-1))*AD20*AF20*AI20 -> 1.05 | AK20: =AJ20*AC20*T20*F20*(1-P20) -> 6383.9411 | AL20: =IF($B20<AL$8,0,AL$3+(AL$4-AL$3)*(POWER(AL$5,$B20-AL$8)-1)/(POWER(AL$5,$C$5-AL$8)-1)) -> 35.913203 | AN20: =AL20*AK20 -> 229267.77 | AO20: {=INDEX(_xlfn.ANCHORARRAY(怪物标准模型!$B$12),MATCH(AN20,怪物标准模型!$AY$12:$AY$511))} -> 21 | AP20: 21
A21: {=_xlfn.IFNA(_xlfn.XLOOKUP(C21&D21,'玩家等级对应关卡（从新手节奏复制）'!$C:$C&'玩家等级对应关卡（从新手节奏复制）'!$D:$D,'玩家等级对应关卡（从新手节奏复制）'!$E:$E),A20)} -> 9 | B21: 10 | C21: 1 | D21: 5 | E21: =IF($B21<E$8,0,E$3+(E$4-E$3)*(POWER(E$5,$B21-E$8)-1)/(POWER(E$5,$C$5-E$8)-1)) -> 1 | F21: 2.7 | G21: =IF($B21<G$8,0,G$3+(G$4-G$3)*(POWER(G$5,$B21-G$8)-1)/(POWER(G$5,$C$5-G$8)-1)) -> 0.20024505 | H21: =IF($B21<H$8,0,H$3+(H$4-H$3)*(POWER(H$5,$B21-H$8)-1)/(POWER(H$5,$C$5-H$8)-1)) -> 0 | I21: =IF($B21<I$8,0,I$3+(I$4-I$3)*(POWER(I$5,$B21-I$8)-1)/(POWER(I$5,$C$5-I$8)-1)) -> 0 | J21: =IF($B21<J$8,0,J$3+(J$4-J$3)*(POWER(J$5,$B21-J$8)-1)/(POWER(J$5,$C$5-J$8)-1)) -> 0 | K21: =IF($B21<K$8,0,K$3+(K$4-K$3)*(POWER(K$5,$B21-K$8)-1)/(POWER(K$5,$C$5-K$8)-1)) -> 0 | L21: =E21*'参考-养成属性规划（从养成属性复制）'!$F$36+G21*'参考-养成属性规划（从养成属性复制）'!$F$37+'参考-养成属性规划（从养成属性复制）'!$F$39*H21 -> 1961.1762 | M21: =I21*'参考-养成属性规划（从养成属性复制）'!$F$41+J21*'参考-养成属性规划（从养成属性复制）'!$F$42+K21*'参考-养成属性规划（从养成属性复制）'!$F$43 -> 0 | N21: =1+N$9*($H$10*$H21+$I$10*$I21+$J$10*$J21) -> 1 | O21: =L21*N21+M21 -> 1961.1762 | P21: =O21/(O21+战斗公式!$M$27) -> 0.075542657 | Q21: =E21*'参考-养成属性规划（从养成属性复制）'!$E$36+G21*'参考-养成属性规划（从养成属性复制）'!$E$37+'参考-养成属性规划（从养成属性复制）'!$E$39*H140 -> 2941.7643 | R21: =I21*'参考-养成属性规划（从养成属性复制）'!$E$41+J21*'参考-养成属性规划（从养成属性复制）'!$E$42+K21*'参考-养成属性规划（从养成属性复制）'!$E$43 -> 0 | S21: =1+S$9*($H$10*$H21+$I$10*$I21+$J$10*$J21) -> 1 | T21: =Q21*S21+R21 -> 2941.7643 | U21: =U$8+(U$9-U$8)*$H21 -> 0.7 | V21: =IF(B21<$H$8,0,V$8+(V$9-V$8)*$H21) -> 0 | W21: =W$8+(W$9-W$8)*$H21 -> 0.275 | X21: =X$8+(X$9-X$8)*K21 -> 1 | Y21: =Y$8+(Y$9-Y$8)*$H21 -> 1 | Z21: =Z$8+(Z$9-Z$8)*$I21 -> 1 | AA21: =AA$8+(AA$9-AA$8)*$J21 -> 1 | AB21: =AB$8+(AB$9-AB$8)*$K21 -> 1 | AC21: =SUM(U21:W21)*PRODUCT(X21:AB21) -> 0.975 | AD21: =1+AD$9*($H$10*$H21+$I$10*$I21+$J$10*$J21) -> 1 | AE21: =1+AE$9*($H$10*$H21+$I$10*$I21+$J$10*$J21+$K$10*$K21) -> 1 | AF21: =1+AF$9*($H$10*$H21+$I$10*$I21+$J$10*$J21) -> 1 | AG21: =战斗属性!$F$11+AG$9*($H$10*$H21+$I$10*$I21+$J$10*$J21+$K21*$K$10) -> 0.05 | AH21: =战斗属性!$F$12+AH$9*($H$10*$H21+$I$10*$I21+$J$10*$J21+$K$10*$K21) -> 2 | AI21: =1+AI$9*($H$10*$H21+$I$10*$I21+$J$10*$J21+$K21*$K$10) -> 1 | AJ21: =(1+AG21*(AH21-1))*AD21*AF21*AI21 -> 1.05 | AK21: =AJ21*AC21*T21*F21*(1-P21) -> 7517.1365 | AL21: =IF($B21<AL$8,0,AL$3+(AL$4-AL$3)*(POWER(AL$5,$B21-AL$8)-1)/(POWER(AL$5,$C$5-AL$8)-1)) -> 36.032549 | AN21: =AL21*AK21 -> 270861.59 | AO21: {=INDEX(_xlfn.ANCHORARRAY(怪物标准模型!$B$12),MATCH(AN21,怪物标准模型!$AY$12:$AY$511))} -> 24 | AP21: 24
A22: {=_xlfn.IFNA(_xlfn.XLOOKUP(C22&D22,'玩家等级对应关卡（从新手节奏复制）'!$C:$C&'玩家等级对应关卡（从新手节奏复制）'!$D:$D,'玩家等级对应关卡（从新手节奏复制）'!$E:$E),A21)} -> 10 | B22: 11 | C22: 1 | D22: 6 | E22: =IF($B22<E$8,0,E$3+(E$4-E$3)*(POWER(E$5,$B22-E$8)-1)/(POWER(E$5,$C$5-E$8)-1)) -> 1 | F22: 2.8 | G22: =IF($B22<G$8,0,G$3+(G$4-G$3)*(POWER(G$5,$B22-G$8)-1)/(POWER(G$5,$C$5-G$8)-1)) -> 0.21929245 | H22: =IF($B22<H$8,0,H$3+(H$4-H$3)*(POWER(H$5,$B22-H$8)-1)/(POWER(H$5,$C$5-H$8)-1)) -> 0 | I22: =IF($B22<I$8,0,I$3+(I$4-I$3)*(POWER(I$5,$B22-I$8)-1)/(POWER(I$5,$C$5-I$8)-1)) -> 0 | J22: =IF($B22<J$8,0,J$3+(J$4-J$3)*(POWER(J$5,$B22-J$8)-1)/(POWER(J$5,$C$5-J$8)-1)) -> 0 | K22: =IF($B22<K$8,0,K$3+(K$4-K$3)*(POWER(K$5,$B22-K$8)-1)/(POWER(K$5,$C$5-K$8)-1)) -> 0 | L22: =E22*'参考-养成属性规划（从养成属性复制）'!$F$36+G22*'参考-养成属性规划（从养成属性复制）'!$F$37+'参考-养成属性规划（从养成属性复制）'!$F$39*H22 -> 2052.6038 | M22: =I22*'参考-养成属性规划（从养成属性复制）'!$F$41+J22*'参考-养成属性规划（从养成属性复制）'!$F$42+K22*'参考-养成属性规划（从养成属性复制）'!$F$43 -> 0 | N22: =1+N$9*($H$10*$H22+$I$10*$I22+$J$10*$J22) -> 1 | O22: =L22*N22+M22 -> 2052.6038 | P22: =O22/(O22+战斗公式!$M$27) -> 0.078786895 | Q22: =E22*'参考-养成属性规划（从养成属性复制）'!$E$36+G22*'参考-养成属性规划（从养成属性复制）'!$E$37+'参考-养成属性规划（从养成属性复制）'!$E$39*H141 -> 3078.9056 | R22: =I22*'参考-养成属性规划（从养成属性复制）'!$E$41+J22*'参考-养成属性规划（从养成属性复制）'!$E$42+K22*'参考-养成属性规划（从养成属性复制）'!$E$43 -> 0 | S22: =1+S$9*($H$10*$H22+$I$10*$I22+$J$10*$J22) -> 1 | T22: =Q22*S22+R22 -> 3078.9056 | U22: =U$8+(U$9-U$8)*$H22 -> 0.7 | V22: =IF(B22<$H$8,0,V$8+(V$9-V$8)*$H22) -> 0 | W22: =W$8+(W$9-W$8)*$H22 -> 0.275 | X22: =X$8+(X$9-X$8)*K22 -> 1 | Y22: =Y$8+(Y$9-Y$8)*$H22 -> 1 | Z22: =Z$8+(Z$9-Z$8)*$I22 -> 1 | AA22: =AA$8+(AA$9-AA$8)*$J22 -> 1 | AB22: =AB$8+(AB$9-AB$8)*$K22 -> 1 | AC22: =SUM(U22:W22)*PRODUCT(X22:AB22) -> 0.975 | AD22: =1+AD$9*($H$10*$H22+$I$10*$I22+$J$10*$J22) -> 1 | AE22: =1+AE$9*($H$10*$H22+$I$10*$I22+$J$10*$J22+$K$10*$K22) -> 1 | AF22: =1+AF$9*($H$10*$H22+$I$10*$I22+$J$10*$J22) -> 1 | AG22: =战斗属性!$F$11+AG$9*($H$10*$H22+$I$10*$I22+$J$10*$J22+$K22*$K$10) -> 0.05 | AH22: =战斗属性!$F$12+AH$9*($H$10*$H22+$I$10*$I22+$J$10*$J22+$K$10*$K22) -> 2 | AI22: =1+AI$9*($H$10*$H22+$I$10*$I22+$J$10*$J22+$K22*$K$10) -> 1 | AJ22: =(1+AG22*(AH22-1))*AD22*AF22*AI22 -> 1.05 | AK22: =AJ22*AC22*T22*F22*(1-P22) -> 8130.3348 | AL22: =IF($B22<AL$8,0,AL$3+(AL$4-AL$3)*(POWER(AL$5,$B22-AL$8)-1)/(POWER(AL$5,$C$5-AL$8)-1)) -> 36.15309 | AN22: =AL22*AK22 -> 293936.72 | AO22: {=INDEX(_xlfn.ANCHORARRAY(怪物标准模型!$B$12),MATCH(AN22,怪物标准模型!$AY$12:$AY$511))} -> 26 | AP22: 26
A23: {=_xlfn.IFNA(_xlfn.XLOOKUP(C23&D23,'玩家等级对应关卡（从新手节奏复制）'!$C:$C&'玩家等级对应关卡（从新手节奏复制）'!$D:$D,'玩家等级对应关卡（从新手节奏复制）'!$E:$E),A22)} -> 10 | B23: 12 | C23: 1 | D23: 7 | E23: =IF($B23<E$8,0,E$3+(E$4-E$3)*(POWER(E$5,$B23-E$8)-1)/(POWER(E$5,$C$5-E$8)-1)) -> 1 | F23: 2.9 | G23: =IF($B23<G$8,0,G$3+(G$4-G$3)*(POWER(G$5,$B23-G$8)-1)/(POWER(G$5,$C$5-G$8)-1)) -> 0.23776843 | H23: =IF($B23<H$8,0,H$3+(H$4-H$3)*(POWER(H$5,$B23-H$8)-1)/(POWER(H$5,$C$5-H$8)-1)) -> 0 | I23: =IF($B23<I$8,0,I$3+(I$4-I$3)*(POWER(I$5,$B23-I$8)-1)/(POWER(I$5,$C$5-I$8)-1)) -> 0 | J23: =IF($B23<J$8,0,J$3+(J$4-J$3)*(POWER(J$5,$B23-J$8)-1)/(POWER(J$5,$C$5-J$8)-1)) -> 0 | K23: =IF($B23<K$8,0,K$3+(K$4-K$3)*(POWER(K$5,$B23-K$8)-1)/(POWER(K$5,$C$5-K$8)-1)) -> 0 | L23: =E23*'参考-养成属性规划（从养成属性复制）'!$F$36+G23*'参考-养成属性规划（从养成属性复制）'!$F$37+'参考-养成属性规划（从养成属性复制）'!$F$39*H23 -> 2141.2885 | M23: =I23*'参考-养成属性规划（从养成属性复制）'!$F$41+J23*'参考-养成属性规划（从养成属性复制）'!$F$42+K23*'参考-养成属性规划（从养成属性复制）'!$F$43 -> 0 | N23: =1+N$9*($H$10*$H23+$I$10*$I23+$J$10*$J23) -> 1 | O23: =L23*N23+M23 -> 2141.2885 | P23: =O23/(O23+战斗公式!$M$27) -> 0.081912124 | Q23: =E23*'参考-养成属性规划（从养成属性复制）'!$E$36+G23*'参考-养成属性规划（从养成属性复制）'!$E$37+'参考-养成属性规划（从养成属性复制）'!$E$39*H142 -> 3211.9327 | R23: =I23*'参考-养成属性规划（从养成属性复制）'!$E$41+J23*'参考-养成属性规划（从养成属性复制）'!$E$42+K23*'参考-养成属性规划（从养成属性复制）'!$E$43 -> 0 | S23: =1+S$9*($H$10*$H23+$I$10*$I23+$J$10*$J23) -> 1 | T23: =Q23*S23+R23 -> 3211.9327 | U23: =U$8+(U$9-U$8)*$H23 -> 0.7 | V23: =IF(B23<$H$8,0,V$8+(V$9-V$8)*$H23) -> 0 | W23: =W$8+(W$9-W$8)*$H23 -> 0.275 | X23: =X$8+(X$9-X$8)*K23 -> 1 | Y23: =Y$8+(Y$9-Y$8)*$H23 -> 1 | Z23: =Z$8+(Z$9-Z$8)*$I23 -> 1 | AA23: =AA$8+(AA$9-AA$8)*$J23 -> 1 | AB23: =AB$8+(AB$9-AB$8)*$K23 -> 1 | AC23: =SUM(U23:W23)*PRODUCT(X23:AB23) -> 0.975 | AD23: =1+AD$9*($H$10*$H23+$I$10*$I23+$J$10*$J23) -> 1 | AE23: =1+AE$9*($H$10*$H23+$I$10*$I23+$J$10*$J23+$K$10*$K23) -> 1 | AF23: =1+AF$9*($H$10*$H23+$I$10*$I23+$J$10*$J23) -> 1 | AG23: =战斗属性!$F$11+AG$9*($H$10*$H23+$I$10*$I23+$J$10*$J23+$K23*$K$10) -> 0.05 | AH23: =战斗属性!$F$12+AH$9*($H$10*$H23+$I$10*$I23+$J$10*$J23+$K$10*$K23) -> 2 | AI23: =1+AI$9*($H$10*$H23+$I$10*$I23+$J$10*$J23+$K23*$K$10) -> 1 | AJ23: =(1+AG23*(AH23-1))*AD23*AF23*AI23 -> 1.05 | AK23: =AJ23*AC23*T23*F23*(1-P23) -> 8754.7268 | AL23: =IF($B23<AL$8,0,AL$3+(AL$4-AL$3)*(POWER(AL$5,$B23-AL$8)-1)/(POWER(AL$5,$C$5-AL$8)-1)) -> 36.274835 | AN23: =AL23*AK23 -> 317576.27 | AO23: {=INDEX(_xlfn.ANCHORARRAY(怪物标准模型!$B$12),MATCH(AN23,怪物标准模型!$AY$12:$AY$511))} -> 27 | AP23: 27
A24: {=_xlfn.IFNA(_xlfn.XLOOKUP(C24&D24,'玩家等级对应关卡（从新手节奏复制）'!$C:$C&'玩家等级对应关卡（从新手节奏复制）'!$D:$D,'玩家等级对应关卡（从新手节奏复制）'!$E:$E),A23)} -> 11 | B24: 13 | C24: 1 | D24: 8 | E24: =IF($B24<E$8,0,E$3+(E$4-E$3)*(POWER(E$5,$B24-E$8)-1)/(POWER(E$5,$C$5-E$8)-1)) -> 1 | F24: 3 | G24: =IF($B24<G$8,0,G$3+(G$4-G$3)*(POWER(G$5,$B24-G$8)-1)/(POWER(G$5,$C$5-G$8)-1)) -> 0.25569013 | H24: =IF($B24<H$8,0,H$3+(H$4-H$3)*(POWER(H$5,$B24-H$8)-1)/(POWER(H$5,$C$5-H$8)-1)) -> 0 | I24: =IF($B24<I$8,0,I$3+(I$4-I$3)*(POWER(I$5,$B24-I$8)-1)/(POWER(I$5,$C$5-I$8)-1)) -> 0 | J24: =IF($B24<J$8,0,J$3+(J$4-J$3)*(POWER(J$5,$B24-J$8)-1)/(POWER(J$5,$C$5-J$8)-1)) -> 0 | K24: =IF($B24<K$8,0,K$3+(K$4-K$3)*(POWER(K$5,$B24-K$8)-1)/(POWER(K$5,$C$5-K$8)-1)) -> 0 | L24: =E24*'参考-养成属性规划（从养成属性复制）'!$F$36+G24*'参考-养成属性规划（从养成属性复制）'!$F$37+'参考-养成属性规划（从养成属性复制）'!$F$39*H24 -> 2227.3126 | M24: =I24*'参考-养成属性规划（从养成属性复制）'!$F$41+J24*'参考-养成属性规划（从养成属性复制）'!$F$42+K24*'参考-养成属性规划（从养成属性复制）'!$F$43 -> 0 | N24: =1+N$9*($H$10*$H24+$I$10*$I24+$J$10*$J24) -> 1 | O24: =L24*N24+M24 -> 2227.3126 | P24: =O24/(O24+战斗公式!$M$27) -> 0.084923402 | Q24: =E24*'参考-养成属性规划（从养成属性复制）'!$E$36+G24*'参考-养成属性规划（从养成属性复制）'!$E$37+'参考-养成属性规划（从养成属性复制）'!$E$39*H143 -> 3340.9689 | R24: =I24*'参考-养成属性规划（从养成属性复制）'!$E$41+J24*'参考-养成属性规划（从养成属性复制）'!$E$42+K24*'参考-养成属性规划（从养成属性复制）'!$E$43 -> 0 | S24: =1+S$9*($H$10*$H24+$I$10*$I24+$J$10*$J24) -> 1 | T24: =Q24*S24+R24 -> 3340.9689 | U24: =U$8+(U$9-U$8)*$H24 -> 0.7 | V24: =IF(B24<$H$8,0,V$8+(V$9-V$8)*$H24) -> 0 | W24: =W$8+(W$9-W$8)*$H24 -> 0.275 | X24: =X$8+(X$9-X$8)*K24 -> 1 | Y24: =Y$8+(Y$9-Y$8)*$H24 -> 1 | Z24: =Z$8+(Z$9-Z$8)*$I24 -> 1 | AA24: =AA$8+(AA$9-AA$8)*$J24 -> 1 | AB24: =AB$8+(AB$9-AB$8)*$K24 -> 1 | AC24: =SUM(U24:W24)*PRODUCT(X24:AB24) -> 0.975 | AD24: =1+AD$9*($H$10*$H24+$I$10*$I24+$J$10*$J24) -> 1 | AE24: =1+AE$9*($H$10*$H24+$I$10*$I24+$J$10*$J24+$K$10*$K24) -> 1 | AF24: =1+AF$9*($H$10*$H24+$I$10*$I24+$J$10*$J24) -> 1 | AG24: =战斗属性!$F$11+AG$9*($H$10*$H24+$I$10*$I24+$J$10*$J24+$K24*$K$10) -> 0.05 | AH24: =战斗属性!$F$12+AH$9*($H$10*$H24+$I$10*$I24+$J$10*$J24+$K$10*$K24) -> 2 | AI24: =1+AI$9*($H$10*$H24+$I$10*$I24+$J$10*$J24+$K24*$K$10) -> 1 | AJ24: =(1+AG24*(AH24-1))*AD24*AF24*AI24 -> 1.05 | AK24: =AJ24*AC24*T24*F24*(1-P24) -> 9389.5559 | AL24: =IF($B24<AL$8,0,AL$3+(AL$4-AL$3)*(POWER(AL$5,$B24-AL$8)-1)/(POWER(AL$5,$C$5-AL$8)-1)) -> 36.397798 | AN24: =AL24*AK24 -> 341759.16 | AO24: {=INDEX(_xlfn.ANCHORARRAY(怪物标准模型!$B$12),MATCH(AN24,怪物标准模型!$AY$12:$AY$511))} -> 29 | AP24: 29
... A41: {=_xlfn.IFNA(_xlfn.XLOOKUP(C41&D41,'玩家等级对应关卡（从新手节奏复制）'!$C:$C&'玩家等级对应关卡（从新手节奏复制）'!$D:$D,'玩家等级对应关卡（从新手节奏复制）'!$E:$E),A40)} -> 19 | B41: 30 | C41: 2 | D41: 15 | E41: =IF($B41<E$8,0,E$3+(E$4-E$3)*(POWER(E$5,$B41-E$8)-1)/(POWER(E$5,$C$5-E$8)-1)) -> 1 | F41: 4.45 | G41: =IF($B41<G$8,0,G$3+(G$4-G$3)*(POWER(G$5,$B41-G$8)-1)/(POWER(G$5,$C$5-G$8)-1)) -> 0.48989612 | H41: =IF($B41<H$8,0,H$3+(H$4-H$3)*(POWER(H$5,$B41-H$8)-1)/(POWER(H$5,$C$5-H$8)-1)) -> 0.28803932 | I41: =IF($B41<I$8,0,I$3+(I$4-I$3)*(POWER(I$5,$B41-I$8)-1)/(POWER(I$5,$C$5-I$8)-1)) -> 0 | J41: =IF($B41<J$8,0,J$3+(J$4-J$3)*(POWER(J$5,$B41-J$8)-1)/(POWER(J$5,$C$5-J$8)-1)) -> 0 | K41: =IF($B41<K$8,0,K$3+(K$4-K$3)*(POWER(K$5,$B41-K$8)-1)/(POWER(K$5,$C$5-K$8)-1)) -> 0 | L41: =E41*'参考-养成属性规划（从养成属性复制）'!$F$36+G41*'参考-养成属性规划（从养成属性复制）'!$F$37+'参考-养成属性规划（从养成属性复制）'!$F$39*H41 -> 4013.9918 | M41: =I41*'参考-养成属性规划（从养成属性复制）'!$F$41+J41*'参考-养成属性规划（从养成属性复制）'!$F$42+K41*'参考-养成属性规划（从养成属性复制）'!$F$43 -> 0 | N41: =1+N$9*($H$10*$H41+$I$10*$I41+$J$10*$J41) -> 1.0609966 | O41: =L41*N41+M41 -> 4258.8315 | P41: =O41/(O41+战斗公式!$M$27) -> 0.15070798 | Q41: =E41*'参考-养成属性规划（从养成属性复制）'!$E$36+G41*'参考-养成属性规划（从养成属性复制）'!$E$37+'参考-养成属性规划（从养成属性复制）'!$E$39*H160 -> 5027.252 | R41: =I41*'参考-养成属性规划（从养成属性复制）'!$E$41+J41*'参考-养成属性规划（从养成属性复制）'!$E$42+K41*'参考-养成属性规划（从养成属性复制）'!$E$43 -> 0 | S41: =1+S$9*($H$10*$H41+$I$10*$I41+$J$10*$J41) -> 1.0609966 | T41: =Q41*S41+R41 -> 5333.8971 | U41: =U$8+(U$9-U$8)*$H41 -> 0.7864118 | V41: =IF(B41<$H$8,0,V$8+(V$9-V$8)*$H41) -> 0.11521573 | W41: =W$8+(W$9-W$8)*$H41 -> 0.35421081 | X41: =X$8+(X$9-X$8)*K41 -> 1 | Y41: =Y$8+(Y$9-Y$8)*$H41 -> 1 | Z41: =Z$8+(Z$9-Z$8)*$I41 -> 1 | AA41: =AA$8+(AA$9-AA$8)*$J41 -> 1 | AB41: =AB$8+(AB$9-AB$8)*$K41 -> 1 | AC41: =SUM(U41:W41)*PRODUCT(X41:AB41) -> 1.2558383 | AD41: =1+AD$9*($H$10*$H41+$I$10*$I41+$J$10*$J41) -> 1 | AE41: =1+AE$9*($H$10*$H41+$I$10*$I41+$J$10*$J41+$K$10*$K41) -> 1.0052134 | AF41: =1+AF$9*($H$10*$H41+$I$10*$I41+$J$10*$J41) -> 1.0092393 | AG41: =战斗属性!$F$11+AG$9*($H$10*$H41+$I$10*$I41+$J$10*$J41+$K41*$K$10) -> 0.061860443 | AH41: =战斗属性!$F$12+AH$9*($H$10*$H41+$I$10*$I41+$J$10*$J41+$K$10*$K41) -> 2.0330398 | AI41: =1+AI$9*($H$10*$H41+$I$10*$I41+$J$10*$J41+$K41*$K$10) -> 1.0271096 | AJ41: =(1+AG41*(AH41-1))*AD41*AF41*AI41 -> 1.1028425 | AK41: =AJ41*AC41*T41*F41*(1-P41) -> 27919.582 | AL41: =IF($B41<AL$8,0,AL$3+(AL$4-AL$3)*(POWER(AL$5,$B41-AL$8)-1)/(POWER(AL$5,$C$5-AL$8)-1)) -> 38.686724 | AN41: =AL41*AK41 -> 1080117.2 | AO41: {=INDEX(_xlfn.ANCHORARRAY(怪物标准模型!$B$12),MATCH(AN41,怪物标准模型!$AY$12:$AY$511))} -> 61 | AP41: 61
A42: {=_xlfn.IFNA(_xlfn.XLOOKUP(C42&D42,'玩家等级对应关卡（从新手节奏复制）'!$C:$C&'玩家等级对应关卡（从新手节奏复制）'!$D:$D,'玩家等级对应关卡（从新手节奏复制）'!$E:$E),A41)} -> 19 | B42: 31 | C42: =C27+1 -> 3 | D42: =D27 -> 1 | E42: =IF($B42<E$8,0,E$3+(E$4-E$3)*(POWER(E$5,$B42-E$8)-1)/(POWER(E$5,$C$5-E$8)-1)) -> 1 | F42: 4.6 | G42: =IF($B42<G$8,0,G$3+(G$4-G$3)*(POWER(G$5,$B42-G$8)-1)/(POWER(G$5,$C$5-G$8)-1)) -> 0.50025398 | H42: =IF($B42<H$8,0,H$3+(H$4-H$3)*(POWER(H$5,$B42-H$8)-1)/(POWER(H$5,$C$5-H$8)-1)) -> 0.30179934 | I42: =IF($B42<I$8,0,I$3+(I$4-I$3)*(POWER(I$5,$B42-I$8)-1)/(POWER(I$5,$C$5-I$8)-1)) -> 0 | J42: =IF($B42<J$8,0,J$3+(J$4-J$3)*(POWER(J$5,$B42-J$8)-1)/(POWER(J$5,$C$5-J$8)-1)) -> 0.016700643 | K42: =IF($B42<K$8,0,K$3+(K$4-K$3)*(POWER(K$5,$B42-K$8)-1)/(POWER(K$5,$C$5-K$8)-1)) -> 0 | L42: =E42*'参考-养成属性规划（从养成属性复制）'!$F$36+G42*'参考-养成属性规划（从养成属性复制）'!$F$37+'参考-养成属性规划（从养成属性复制）'!$F$39*H42 -> 4095.3576 | M42: =I42*'参考-养成属性规划（从养成属性复制）'!$F$41+J42*'参考-养成属性规划（从养成属性复制）'!$F$42+K42*'参考-养成属性规划（从养成属性复制）'!$F$43 -> 100.20386 | N42: =1+N$9*($H$10*$H42+$I$10*$I42+$J$10*$J42) -> 1.1045814 | O42: =L42*N42+M42 -> 4623.8598 | P42: =O42/(O42+战斗公式!$M$27) -> 0.16153865 | Q42: =E42*'参考-养成属性规划（从养成属性复制）'!$E$36+G42*'参考-养成属性规划（从养成属性复制）'!$E$37+'参考-养成属性规划（从养成属性复制）'!$E$39*H161 -> 5101.8287 | R42: =I42*'参考-养成属性规划（从养成属性复制）'!$E$41+J42*'参考-养成属性规划（从养成属性复制）'!$E$42+K42*'参考-养成属性规划（从养成属性复制）'!$E$43 -> 150.30579 | S42: =1+S$9*($H$10*$H42+$I$10*$I42+$J$10*$J42) -> 1.1045814 | T42: =Q42*S42+R42 -> 5785.691 | U42: =U$8+(U$9-U$8)*$H42 -> 0.7905398 | V42: =IF(B42<$H$8,0,V$8+(V$9-V$8)*$H42) -> 0.12071974 | W42: =W$8+(W$9-W$8)*$H42 -> 0.35799482 | X42: =X$8+(X$9-X$8)*K42 -> 1 | Y42: =Y$8+(Y$9-Y$8)*$H42 -> 1 | Z42: =Z$8+(Z$9-Z$8)*$I42 -> 1 | AA42: =AA$8+(AA$9-AA$8)*$J42 -> 1 | AB42: =AB$8+(AB$9-AB$8)*$K42 -> 1 | AC42: =SUM(U42:W42)*PRODUCT(X42:AB42) -> 1.2692544 | AD42: =1+AD$9*($H$10*$H42+$I$10*$I42+$J$10*$J42) -> 1 | AE42: =1+AE$9*($H$10*$H42+$I$10*$I42+$J$10*$J42+$K$10*$K42) -> 1.0089386 | AF42: =1+AF$9*($H$10*$H42+$I$10*$I42+$J$10*$J42) -> 1.0158412 | AG42: =战斗属性!$F$11+AG$9*($H$10*$H42+$I$10*$I42+$J$10*$J42+$K42*$K$10) -> 0.070335278 | AH42: =战斗属性!$F$12+AH$9*($H$10*$H42+$I$10*$I42+$J$10*$J42+$K$10*$K42) -> 2.0566483 | AI42: =1+AI$9*($H$10*$H42+$I$10*$I42+$J$10*$J42+$K42*$K$10) -> 1.0464806 | AJ42: =(1+AG42*(AH42-1))*AD42*AF42*AI42 -> 1.1420642 | AK42: =AJ42*AC42*T42*F42*(1-P42) -> 32347.096 | AL42: =IF($B42<AL$8,0,AL$3+(AL$4-AL$3)*(POWER(AL$5,$B42-AL$8)-1)/(POWER(AL$5,$C$5-AL$8)-1)) -> 38.833806 | AN42: =AL42*AK42 -> 1256160.8 | AO42: {=INDEX(_xlfn.ANCHORARRAY(怪物标准模型!$B$12),MATCH(AN42,怪物标准模型!$AY$12:$AY$511))} -> 67 | AP42: 65
A43: {=_xlfn.IFNA(_xlfn.XLOOKUP(C43&D43,'玩家等级对应关卡（从新手节奏复制）'!$C:$C&'玩家等级对应关卡（从新手节奏复制）'!$D:$D,'玩家等级对应关卡（从新手节奏复制）'!$E:$E),A42)} -> 19 | B43: 32 | C43: =C28+1 -> 3 | D43: =D28 -> 2 | E43: =IF($B43<E$8,0,E$3+(E$4-E$3)*(POWER(E$5,$B43-E$8)-1)/(POWER(E$5,$C$5-E$8)-1)) -> 1 | F43: 4.65 | G43: =IF($B43<G$8,0,G$3+(G$4-G$3)*(POWER(G$5,$B43-G$8)-1)/(POWER(G$5,$C$5-G$8)-1)) -> 0.51030112 | H43: =IF($B43<H$8,0,H$3+(H$4-H$3)*(POWER(H$5,$B43-H$8)-1)/(POWER(H$5,$C$5-H$8)-1)) -> 0.31514656 | I43: =IF($B43<I$8,0,I$3+(I$4-I$3)*(POWER(I$5,$B43-I$8)-1)/(POWER(I$5,$C$5-I$8)-1)) -> 0 | J43: =IF($B43<J$8,0,J$3+(J$4-J$3)*(POWER(J$5,$B43-J$8)-1)/(POWER(J$5,$C$5-J$8)-1)) -> 0.032900268 | K43: =IF($B43<K$8,0,K$3+(K$4-K$3)*(POWER(K$5,$B43-K$8)-1)/(POWER(K$5,$C$5-K$8)-1)) -> 0 | L43: =E43*'参考-养成属性规划（从养成属性复制）'!$F$36+G43*'参考-养成属性规划（从养成属性复制）'!$F$37+'参考-养成属性规划（从养成属性复制）'!$F$39*H43 -> 4174.2824 | M43: =I43*'参考-养成属性规划（从养成属性复制）'!$F$41+J43*'参考-养成属性规划（从养成属性复制）'!$F$42+K43*'参考-养成属性规划（从养成属性复制）'!$F$43 -> 197.40161 | N43: =1+N$9*($H$10*$H43+$I$10*$I43+$J$10*$J43) -> 1.1468587 | O43: =L43*N43+M43 -> 4984.7139 | P43: =O43/(O43+战斗公式!$M$27) -> 0.17197734 | Q43: =E43*'参考-养成属性规划（从养成属性复制）'!$E$36+G43*'参考-养成属性规划（从养成属性复制）'!$E$37+'参考-养成属性规划（从养成属性复制）'!$E$39*H162 -> 5174.168 | R43: =I43*'参考-养成属性规划（从养成属性复制）'!$E$41+J43*'参考-养成属性规划（从养成属性复制）'!$E$42+K43*'参考-养成属性规划（从养成属性复制）'!$E$43 -> 296.10241 | S43: =1+S$9*($H$10*$H43+$I$10*$I43+$J$10*$J43) -> 1.1468587 | T43: =Q43*S43+R43 -> 6230.1423 | U43: =U$8+(U$9-U$8)*$H43 -> 0.79454397 | V43: =IF(B43<$H$8,0,V$8+(V$9-V$8)*$H43) -> 0.12605862 | W43: =W$8+(W$9-W$8)*$H43 -> 0.3616653 | X43: =X$8+(X$9-X$8)*K43 -> 1 | Y43: =Y$8+(Y$9-Y$8)*$H43 -> 1 | Z43: =Z$8+(Z$9-Z$8)*$I43 -> 1 | AA43: =AA$8+(AA$9-AA$8)*$J43 -> 1 | AB43: =AB$8+(AB$9-AB$8)*$K43 -> 1 | AC43: =SUM(U43:W43)*PRODUCT(X43:AB43) -> 1.2822679 | AD43: =1+AD$9*($H$10*$H43+$I$10*$I43+$J$10*$J43) -> 1 | AE43: =1+AE$9*($H$10*$H43+$I$10*$I43+$J$10*$J43+$K$10*$K43) -> 1.012552 | AF43: =1+AF$9*($H$10*$H43+$I$10*$I43+$J$10*$J43) -> 1.022245 | AG43: =战斗属性!$F$11+AG$9*($H$10*$H43+$I$10*$I43+$J$10*$J43+$K43*$K$10) -> 0.078555867 | AH43: =战斗属性!$F$12+AH$9*($H$10*$H43+$I$10*$I43+$J$10*$J43+$K$10*$K43) -> 2.0795485 | AI43: =1+AI$9*($H$10*$H43+$I$10*$I43+$J$10*$J43+$K43*$K$10) -> 1.0652706 | AJ43: =(1+AG43*(AH43-1))*AD43*AF43*AI43 -> 1.1813172 | AK43: =AJ43*AC43*T43*F43*(1-P43) -> 36336.111 | AL43: =IF($B43<AL$8,0,AL$3+(AL$4-AL$3)*(POWER(AL$5,$B43-AL$8)-1)/(POWER(AL$5,$C$5-AL$8)-1)) -> 38.982359 | AN43: =AL43*AK43 -> 1416467.3 | AO43: {=INDEX(_xlfn.ANCHORARRAY(怪物标准模型!$B$12),MATCH(AN43,怪物标准模型!$AY$12:$AY$511))} -> 71 | AP43: 68
A44: {=_xlfn.IFNA(_xlfn.XLOOKUP(C44&D44,'玩家等级对应关卡（从新手节奏复制）'!$C:$C&'玩家等级对应关卡（从新手节奏复制）'!$D:$D,'玩家等级对应关卡（从新手节奏复制）'!$E:$E),A43)} -> 20 | B44: 33 | C44: =C29+1 -> 3 | D44: =D29 -> 3 | E44: =IF($B44<E$8,0,E$3+(E$4-E$3)*(POWER(E$5,$B44-E$8)-1)/(POWER(E$5,$C$5-E$8)-1)) -> 1 | F44: 4.7 | G44: =IF($B44<G$8,0,G$3+(G$4-G$3)*(POWER(G$5,$B44-G$8)-1)/(POWER(G$5,$C$5-G$8)-1)) -> 0.52004684 | H44: =IF($B44<H$8,0,H$3+(H$4-H$3)*(POWER(H$5,$B44-H$8)-1)/(POWER(H$5,$C$5-H$8)-1)) -> 0.32809336 | I44: =IF($B44<I$8,0,I$3+(I$4-I$3)*(POWER(I$5,$B44-I$8)-1)/(POWER(I$5,$C$5-I$8)-1)) -> 0 | J44: =IF($B44<J$8,0,J$3+(J$4-J$3)*(POWER(J$5,$B44-J$8)-1)/(POWER(J$5,$C$5-J$8)-1)) -> 0.048613903 | K44: =IF($B44<K$8,0,K$3+(K$4-K$3)*(POWER(K$5,$B44-K$8)-1)/(POWER(K$5,$C$5-K$8)-1)) -> 0 | L44: =E44*'参考-养成属性规划（从养成属性复制）'!$F$36+G44*'参考-养成属性规划（从养成属性复制）'!$F$37+'参考-养成属性规划（从养成属性复制）'!$F$39*H44 -> 4250.8395 | M44: =I44*'参考-养成属性规划（从养成属性复制）'!$F$41+J44*'参考-养成属性规划（从养成属性复制）'!$F$42+K44*'参考-养成属性规划（从养成属性复制）'!$F$43 -> 291.68342 | N44: =1+N$9*($H$10*$H44+$I$10*$I44+$J$10*$J44) -> 1.1878677 | O44: =L44*N44+M44 -> 5341.1186 | P44: =O44/(O44+战斗公式!$M$27) -> 0.18203527 | Q44: =E44*'参考-养成属性规划（从养成属性复制）'!$E$36+G44*'参考-养成属性规划（从养成属性复制）'!$E$37+'参考-养成属性规划（从养成属性复制）'!$E$39*H163 -> 5244.3372 | R44: =I44*'参考-养成属性规划（从养成属性复制）'!$E$41+J44*'参考-养成属性规划（从养成属性复制）'!$E$42+K44*'参考-养成属性规划（从养成属性复制）'!$E$43 -> 437.52513 | S44: =1+S$9*($H$10*$H44+$I$10*$I44+$J$10*$J44) -> 1.1878677 | T44: =Q44*S44+R44 -> 6667.1042 | U44: =U$8+(U$9-U$8)*$H44 -> 0.79842801 | V44: =IF(B44<$H$8,0,V$8+(V$9-V$8)*$H44) -> 0.13123734 | W44: =W$8+(W$9-W$8)*$H44 -> 0.36522567 | X44: =X$8+(X$9-X$8)*K44 -> 1 | Y44: =Y$8+(Y$9-Y$8)*$H44 -> 1 | Z44: =Z$8+(Z$9-Z$8)*$I44 -> 1 | AA44: =AA$8+(AA$9-AA$8)*$J44 -> 1 | AB44: =AB$8+(AB$9-AB$8)*$K44 -> 1 | AC44: =SUM(U44:W44)*PRODUCT(X44:AB44) -> 1.294891 | AD44: =1+AD$9*($H$10*$H44+$I$10*$I44+$J$10*$J44) -> 1 | AE44: =1+AE$9*($H$10*$H44+$I$10*$I44+$J$10*$J44+$K$10*$K44) -> 1.0160571 | AF44: =1+AF$9*($H$10*$H44+$I$10*$I44+$J$10*$J44) -> 1.0284567 | AG44: =战斗属性!$F$11+AG$9*($H$10*$H44+$I$10*$I44+$J$10*$J44+$K44*$K$10) -> 0.086529839 | AH44: =战斗属性!$F$12+AH$9*($H$10*$H44+$I$10*$I44+$J$10*$J44+$K$10*$K44) -> 2.1017617 | AI44: =1+AI$9*($H$10*$H44+$I$10*$I44+$J$10*$J44+$K44*$K$10) -> 1.0834968 | AJ44: =(1+AG44*(AH44-1))*AD44*AF44*AI44 -> 1.2205644 | AK44: =AJ44*AC44*T44*F44*(1-P44) -> 40510.126 | AL44: =IF($B44<AL$8,0,AL$3+(AL$4-AL$3)*(POWER(AL$5,$B44-AL$8)-1)/(POWER(AL$5,$C$5-AL$8)-1)) -> 39.132397 | AN44: =AL44*AK44 -> 1585258.3 | AO44: {=INDEX(_xlfn.ANCHORARRAY(怪物标准模型!$B$12),MATCH(AN44,怪物标准模型!$AY$12:$AY$511))} -> 75 | AP44: 71
A45: {=_xlfn.IFNA(_xlfn.XLOOKUP(C45&D45,'玩家等级对应关卡（从新手节奏复制）'!$C:$C&'玩家等级对应关卡（从新手节奏复制）'!$D:$D,'玩家等级对应关卡（从新手节奏复制）'!$E:$E),A44)} -> 20 | B45: 34 | C45: =C30+1 -> 3 | D45: =D30 -> 4 | E45: =IF($B45<E$8,0,E$3+(E$4-E$3)*(POWER(E$5,$B45-E$8)-1)/(POWER(E$5,$C$5-E$8)-1)) -> 1 | F45: 4.75 | G45: =IF($B45<G$8,0,G$3+(G$4-G$3)*(POWER(G$5,$B45-G$8)-1)/(POWER(G$5,$C$5-G$8)-1)) -> 0.52950018 | H45: =IF($B45<H$8,0,H$3+(H$4-H$3)*(POWER(H$5,$B45-H$8)-1)/(POWER(H$5,$C$5-H$8)-1)) -> 0.34065175 | I45: =IF($B45<I$8,0,I$3+(I$4-I$3)*(POWER(I$5,$B45-I$8)-1)/(POWER(I$5,$C$5-I$8)-1)) -> 0 | J45: =IF($B45<J$8,0,J$3+(J$4-J$3)*(POWER(J$5,$B45-J$8)-1)/(POWER(J$5,$C$5-J$8)-1)) -> 0.063856129 | K45: =IF($B45<K$8,0,K$3+(K$4-K$3)*(POWER(K$5,$B45-K$8)-1)/(POWER(K$5,$C$5-K$8)-1)) -> 0 | L45: =E45*'参考-养成属性规划（从养成属性复制）'!$F$36+G45*'参考-养成属性规划（从养成属性复制）'!$F$37+'参考-养成属性规划（从养成属性复制）'!$F$39*H45 -> 4325.0999 | M45: =I45*'参考-养成属性规划（从养成属性复制）'!$F$41+J45*'参考-养成属性规划（从养成属性复制）'!$F$42+K45*'参考-养成属性规划（从养成属性复制）'!$F$43 -> 383.13678 | N45: =1+N$9*($H$10*$H45+$I$10*$I45+$J$10*$J45) -> 1.2276465 | O45: =L45*N45+M45 -> 5692.8304 | P45: =O45/(O45+战斗公式!$M$27) -> 0.19172407 | Q45: =E45*'参考-养成属性规划（从养成属性复制）'!$E$36+G45*'参考-养成属性规划（从养成属性复制）'!$E$37+'参考-养成属性规划（从养成属性复制）'!$E$39*H164 -> 5312.4013 | R45: =I45*'参考-养成属性规划（从养成属性复制）'!$E$41+J45*'参考-养成属性规划（从养成属性复制）'!$E$42+K45*'参考-养成属性规划（从养成属性复制）'!$E$43 -> 574.70516 | S45: =1+S$9*($H$10*$H45+$I$10*$I45+$J$10*$J45) -> 1.2276465 | T45: =Q45*S45+R45 -> 7096.4559 | U45: =U$8+(U$9-U$8)*$H45 -> 0.80219553 | V45: =IF(B45<$H$8,0,V$8+(V$9-V$8)*$H45) -> 0.1362607 | W45: =W$8+(W$9-W$8)*$H45 -> 0.36867923 | X45: =X$8+(X$9-X$8)*K45 -> 1 | Y45: =Y$8+(Y$9-Y$8)*$H45 -> 1 | Z45: =Z$8+(Z$9-Z$8)*$I45 -> 1 | AA45: =AA$8+(AA$9-AA$8)*$J45 -> 1 | AB45: =AB$8+(AB$9-AB$8)*$K45 -> 1 | AC45: =SUM(U45:W45)*PRODUCT(X45:AB45) -> 1.3071355 | AD45: =1+AD$9*($H$10*$H45+$I$10*$I45+$J$10*$J45) -> 1 | AE45: =1+AE$9*($H$10*$H45+$I$10*$I45+$J$10*$J45+$K$10*$K45) -> 1.019457 | AF45: =1+AF$9*($H$10*$H45+$I$10*$I45+$J$10*$J45) -> 1.0344821 | AG45: =战斗属性!$F$11+AG$9*($H$10*$H45+$I$10*$I45+$J$10*$J45+$K45*$K$10) -> 0.094264592 | AH45: =战斗属性!$F$12+AH$9*($H$10*$H45+$I$10*$I45+$J$10*$J45+$K$10*$K45) -> 2.1233085 | AI45: =1+AI$9*($H$10*$H45+$I$10*$I45+$J$10*$J45+$K45*$K$10) -> 1.1011762 | AJ45: =(1+AG45*(AH45-1))*AD45*AF45*AI45 -> 1.2597693 | AK45: =AJ45*AC45*T45*F45*(1-P45) -> 44864.866 | AL45: =IF($B45<AL$8,0,AL$3+(AL$4-AL$3)*(POWER(AL$5,$B45-AL$8)-1)/(POWER(AL$5,$C$5-AL$8)-1)) -> 39.283936 | AN45: =AL45*AK45 -> 1762468.5 | AO45: {=INDEX(_xlfn.ANCHORARRAY(怪物标准模型!$B$12),MATCH(AN45,怪物标准模型!$AY$12:$AY$511))} -> 79 | AP45: 74
A46: {=_xlfn.IFNA(_xlfn.XLOOKUP(C46&D46,'玩家等级对应关卡（从新手节奏复制）'!$C:$C&'玩家等级对应关卡（从新手节奏复制）'!$D:$D,'玩家等级对应关卡（从新手节奏复制）'!$E:$E),A45)} -> 20 | B46: 35 | C46: =C31+1 -> 3 | D46: =D31 -> 5 | E46: =IF($B46<E$8,0,E$3+(E$4-E$3)*(POWER(E$5,$B46-E$8)-1)/(POWER(E$5,$C$5-E$8)-1)) -> 1 | F46: 4.8 | G46: =IF($B46<G$8,0,G$3+(G$4-G$3)*(POWER(G$5,$B46-G$8)-1)/(POWER(G$5,$C$5-G$8)-1)) -> 0.53866993 | H46: =IF($B46<H$8,0,H$3+(H$4-H$3)*(POWER(H$5,$B46-H$8)-1)/(POWER(H$5,$C$5-H$8)-1)) -> 0.3528334 | I46: =IF($B46<I$8,0,I$3+(I$4-I$3)*(POWER(I$5,$B46-I$8)-1)/(POWER(I$5,$C$5-I$8)-1)) -> 0 | J46: =IF($B46<J$8,0,J$3+(J$4-J$3)*(POWER(J$5,$B46-J$8)-1)/(POWER(J$5,$C$5-J$8)-1)) -> 0.078641089 | K46: =IF($B46<K$8,0,K$3+(K$4-K$3)*(POWER(K$5,$B46-K$8)-1)/(POWER(K$5,$C$5-K$8)-1)) -> 0 | L46: =E46*'参考-养成属性规划（从养成属性复制）'!$F$36+G46*'参考-养成属性规划（从养成属性复制）'!$F$37+'参考-养成属性规划（从养成属性复制）'!$F$39*H46 -> 4397.1325 | M46: =I46*'参考-养成属性规划（从养成属性复制）'!$F$41+J46*'参考-养成属性规划（从养成属性复制）'!$F$42+K46*'参考-养成属性规划（从养成属性复制）'!$F$43 -> 471.84653 | N46: =1+N$9*($H$10*$H46+$I$10*$I46+$J$10*$J46) -> 1.2662318 | O46: =L46*N46+M46 -> 6039.6357 | P46: =O46/(O46+战斗公式!$M$27) -> 0.20105556 | Q46: =E46*'参考-养成属性规划（从养成属性复制）'!$E$36+G46*'参考-养成属性规划（从养成属性复制）'!$E$37+'参考-养成属性规划（从养成属性复制）'!$E$39*H165 -> 5378.4235 | R46: =I46*'参考-养成属性规划（从养成属性复制）'!$E$41+J46*'参考-养成属性规划（从养成属性复制）'!$E$42+K46*'参考-养成属性规划（从养成属性复制）'!$E$43 -> 707.7698 | S46: =1+S$9*($H$10*$H46+$I$10*$I46+$J$10*$J46) -> 1.2662318 | T46: =Q46*S46+R46 -> 7518.1009 | U46: =U$8+(U$9-U$8)*$H46 -> 0.80585002 | V46: =IF(B46<$H$8,0,V$8+(V$9-V$8)*$H46) -> 0.14113336 | W46: =W$8+(W$9-W$8)*$H46 -> 0.37202918 | X46: =X$8+(X$9-X$8)*K46 -> 1 | Y46: =Y$8+(Y$9-Y$8)*$H46 -> 1 | Z46: =Z$8+(Z$9-Z$8)*$I46 -> 1 | AA46: =AA$8+(AA$9-AA$8)*$J46 -> 1 | AB46: =AB$8+(AB$9-AB$8)*$K46 -> 1 | AC46: =SUM(U46:W46)*PRODUCT(X46:AB46) -> 1.3190126 | AD46: =1+AD$9*($H$10*$H46+$I$10*$I46+$J$10*$J46) -> 1 | AE46: =1+AE$9*($H$10*$H46+$I$10*$I46+$J$10*$J46+$K$10*$K46) -> 1.0227549 | AF46: =1+AF$9*($H$10*$H46+$I$10*$I46+$J$10*$J46) -> 1.0403267 | AG46: =战斗属性!$F$11+AG$9*($H$10*$H46+$I$10*$I46+$J$10*$J46+$K46*$K$10) -> 0.1017673 | AH46: =战斗属性!$F$12+AH$9*($H$10*$H46+$I$10*$I46+$J$10*$J46+$K$10*$K46) -> 2.1442089 | AI46: =1+AI$9*($H$10*$H46+$I$10*$I46+$J$10*$J46+$K46*$K$10) -> 1.1183253 | AJ46: =(1+AG46*(AH46-1))*AD46*AF46*AI46 -> 1.2988962 | AK46: =AJ46*AC46*T46*F46*(1-P46) -> 49395.722 | AL46: =IF($B46<AL$8,0,AL$3+(AL$4-AL$3)*(POWER(AL$5,$B46-AL$8)-1)/(POWER(AL$5,$C$5-AL$8)-1)) -> 39.43699 | AN46: =AL46*AK46 -> 1948018.6 | AO46: {=INDEX(_xlfn.ANCHORARRAY(怪物标准模型!$B$12),MATCH(AN46,怪物标准模型!$AY$12:$AY$511))} -> 83 | AP46: 77
A47: {=_xlfn.IFNA(_xlfn.XLOOKUP(C47&D47,'玩家等级对应关卡（从新手节奏复制）'!$C:$C&'玩家等级对应关卡（从新手节奏复制）'!$D:$D,'玩家等级对应关卡（从新手节奏复制）'!$E:$E),A46)} -> 21 | B47: 36 | C47: =C32+1 -> 3 | D47: =D32 -> 6 | E47: =IF($B47<E$8,0,E$3+(E$4-E$3)*(POWER(E$5,$B47-E$8)-1)/(POWER(E$5,$C$5-E$8)-1)) -> 1 | F47: 4.85 | G47: =IF($B47<G$8,0,G$3+(G$4-G$3)*(POWER(G$5,$B47-G$8)-1)/(POWER(G$5,$C$5-G$8)-1)) -> 0.54756458 | H47: =IF($B47<H$8,0,H$3+(H$4-H$3)*(POWER(H$5,$B47-H$8)-1)/(POWER(H$5,$C$5-H$8)-1)) -> 0.36464959 | I47: =IF($B47<I$8,0,I$3+(I$4-I$3)*(POWER(I$5,$B47-I$8)-1)/(POWER(I$5,$C$5-I$8)-1)) -> 0 | J47: =IF($B47<J$8,0,J$3+(J$4-J$3)*(POWER(J$5,$B47-J$8)-1)/(POWER(J$5,$C$5-J$8)-1)) -> 0.0929825 | K47: =IF($B47<K$8,0,K$3+(K$4-K$3)*(POWER(K$5,$B47-K$8)-1)/(POWER(K$5,$C$5-K$8)-1)) -> 0 | L47: =E47*'参考-养成属性规划（从养成属性复制）'!$F$36+G47*'参考-养成属性规划（从养成属性复制）'!$F$37+'参考-养成属性规划（从养成属性复制）'!$F$39*H47 -> 4467.0041 | M47: =I47*'参考-养成属性规划（从养成属性复制）'!$F$41+J47*'参考-养成属性规划（从养成属性复制）'!$F$42+K47*'参考-养成属性规划（从养成属性复制）'!$F$43 -> 557.895 | N47: =1+N$9*($H$10*$H47+$I$10*$I47+$J$10*$J47) -> 1.3036596 | O47: =L47*N47+M47 -> 6381.3479 | P47: =O47/(O47+战斗公式!$M$27) -> 0.21004163 | Q47: =E47*'参考-养成属性规划（从养成属性复制）'!$E$36+G47*'参考-养成属性规划（从养成属性复制）'!$E$37+'参考-养成属性规划（从养成属性复制）'!$E$39*H166 -> 5442.465 | R47: =I47*'参考-养成属性规划（从养成属性复制）'!$E$41+J47*'参考-养成属性规划（从养成属性复制）'!$E$42+K47*'参考-养成属性规划（从养成属性复制）'!$E$43 -> 836.8425 | S47: =1+S$9*($H$10*$H47+$I$10*$I47+$J$10*$J47) -> 1.3036596 | T47: =Q47*S47+R47 -> 7931.9645 | U47: =U$8+(U$9-U$8)*$H47 -> 0.80939488 | V47: =IF(B47<$H$8,0,V$8+(V$9-V$8)*$H47) -> 0.14585984 | W47: =W$8+(W$9-W$8)*$H47 -> 0.37527864 | X47: =X$8+(X$9-X$8)*K47 -> 1 | Y47: =Y$8+(Y$9-Y$8)*$H47 -> 1 | Z47: =Z$8+(Z$9-Z$8)*$I47 -> 1 | AA47: =AA$8+(AA$9-AA$8)*$J47 -> 1 | AB47: =AB$8+(AB$9-AB$8)*$K47 -> 1 | AC47: =SUM(U47:W47)*PRODUCT(X47:AB47) -> 1.3305334 | AD47: =1+AD$9*($H$10*$H47+$I$10*$I47+$J$10*$J47) -> 1 | AE47: =1+AE$9*($H$10*$H47+$I$10*$I47+$J$10*$J47+$K$10*$K47) -> 1.0259538 | AF47: =1+AF$9*($H$10*$H47+$I$10*$I47+$J$10*$J47) -> 1.0459959 | AG47: =战斗属性!$F$11+AG$9*($H$10*$H47+$I$10*$I47+$J$10*$J47+$K47*$K$10) -> 0.10904493 | AH47: =战斗属性!$F$12+AH$9*($H$10*$H47+$I$10*$I47+$J$10*$J47+$K$10*$K47) -> 2.1644823 | AI47: =1+AI$9*($H$10*$H47+$I$10*$I47+$J$10*$J47+$K47*$K$10) -> 1.1349598 | AJ47: =(1+AG47*(AH47-1))*AD47*AF47*AI47 -> 1.3379104 | AK47: =AJ47*AC47*T47*F47*(1-P47) -> 54097.789 | AL47: =IF($B47<AL$8,0,AL$3+(AL$4-AL$3)*(POWER(AL$5,$B47-AL$8)-1)/(POWER(AL$5,$C$5-AL$8)-1)) -> 39.591574 | AN47: =AL47*AK47 -> 2141816.6 | AO47: {=INDEX(_xlfn.ANCHORARRAY(怪物标准模型!$B$12),MATCH(AN47,怪物标准模型!$AY$12:$AY$511))} -> 87 | AP47: 80
A48: {=_xlfn.IFNA(_xlfn.XLOOKUP(C48&D48,'玩家等级对应关卡（从新手节奏复制）'!$C:$C&'玩家等级对应关卡（从新手节奏复制）'!$D:$D,'玩家等级对应关卡（从新手节奏复制）'!$E:$E),A47)} -> 21 | B48: 37 | C48: =C33+1 -> 3 | D48: =D33 -> 7 | E48: =IF($B48<E$8,0,E$3+(E$4-E$3)*(POWER(E$5,$B48-E$8)-1)/(POWER(E$5,$C$5-E$8)-1)) -> 1 | F48: 4.9 | G48: =IF($B48<G$8,0,G$3+(G$4-G$3)*(POWER(G$5,$B48-G$8)-1)/(POWER(G$5,$C$5-G$8)-1)) -> 0.5561924 | H48: =IF($B48<H$8,0,H$3+(H$4-H$3)*(POWER(H$5,$B48-H$8)-1)/(POWER(H$5,$C$5-H$8)-1)) -> 0.3761113 | I48: =IF($B48<I$8,0,I$3+(I$4-I$3)*(POWER(I$5,$B48-I$8)-1)/(POWER(I$5,$C$5-I$8)-1)) -> 0 | J48: =IF($B48<J$8,0,J$3+(J$4-J$3)*(POWER(J$5,$B48-J$8)-1)/(POWER(J$5,$C$5-J$8)-1)) -> 0.10689367 | K48: =IF($B48<K$8,0,K$3+(K$4-K$3)*(POWER(K$5,$B48-K$8)-1)/(POWER(K$5,$C$5-K$8)-1)) -> 0 | L48: =E48*'参考-养成属性规划（从养成属性复制）'!$F$36+G48*'参考-养成属性规划（从养成属性复制）'!$F$37+'参考-养成属性规划（从养成属性复制）'!$F$39*H48 -> 4534.7795 | M48: =I48*'参考-养成属性规划（从养成属性复制）'!$F$41+J48*'参考-养成属性规划（从养成属性复制）'!$F$42+K48*'参考-养成属性规划（从养成属性复制）'!$F$43 -> 641.36201 | N48: =1+N$9*($H$10*$H48+$I$10*$I48+$J$10*$J48) -> 1.3399646 | O48: =L48*N48+M48 -> 6717.8061 | P48: =O48/(O48+战斗公式!$M$27) -> 0.2186942 | Q48: =E48*'参考-养成属性规划（从养成属性复制）'!$E$36+G48*'参考-养成属性规划（从养成属性复制）'!$E$37+'参考-养成属性规划（从养成属性复制）'!$E$39*H167 -> 5504.5853 | R48: =I48*'参考-养成属性规划（从养成属性复制）'!$E$41+J48*'参考-养成属性规划（从养成属性复制）'!$E$42+K48*'参考-养成属性规划（从养成属性复制）'!$E$43 -> 962.04301 | S48: =1+S$9*($H$10*$H48+$I$10*$I48+$J$10*$J48) -> 1.3399646 | T48: =Q48*S48+R48 -> 8337.9925 | U48: =U$8+(U$9-U$8)*$H48 -> 0.81283339 | V48: =IF(B48<$H$8,0,V$8+(V$9-V$8)*$H48) -> 0.15044452 | W48: =W$8+(W$9-W$8)*$H48 -> 0.37843061 | X48: =X$8+(X$9-X$8)*K48 -> 1 | Y48: =Y$8+(Y$9-Y$8)*$H48 -> 1 | Z48: =Z$8+(Z$9-Z$8)*$I48 -> 1 | AA48: =AA$8+(AA$9-AA$8)*$J48 -> 1 | AB48: =AB$8+(AB$9-AB$8)*$K48 -> 1 | AC48: =SUM(U48:W48)*PRODUCT(X48:AB48) -> 1.3417085 | AD48: =1+AD$9*($H$10*$H48+$I$10*$I48+$J$10*$J48) -> 1 | AE48: =1+AE$9*($H$10*$H48+$I$10*$I48+$J$10*$J48+$K$10*$K48) -> 1.0290568 | AF48: =1+AF$9*($H$10*$H48+$I$10*$I48+$J$10*$J48) -> 1.0514951 | AG48: =战斗属性!$F$11+AG$9*($H$10*$H48+$I$10*$I48+$J$10*$J48+$K48*$K$10) -> 0.11610423 | AH48: =战斗属性!$F$12+AH$9*($H$10*$H48+$I$10*$I48+$J$10*$J48+$K$10*$K48) -> 2.1841475 | AI48: =1+AI$9*($H$10*$H48+$I$10*$I48+$J$10*$J48+$K48*$K$10) -> 1.1510954 | AJ48: =(1+AG48*(AH48-1))*AD48*AF48*AI48 -> 1.3767785 | AK48: =AJ48*AC48*T48*F48*(1-P48) -> 58965.893 | AL48: =IF($B48<AL$8,0,AL$3+(AL$4-AL$3)*(POWER(AL$5,$B48-AL$8)-1)/(POWER(AL$5,$C$5-AL$8)-1)) -> 39.747705 | AN48: =AL48*AK48 -> 2343758.9 | AO48: {=INDEX(_xlfn.ANCHORARRAY(怪物标准模型!$B$12),MATCH(AN48,怪物标准模型!$AY$12:$AY$511))} -> 91 | AP48: 83
A49: {=_xlfn.IFNA(_xlfn.XLOOKUP(C49&D49,'玩家等级对应关卡（从新手节奏复制）'!$C:$C&'玩家等级对应关卡（从新手节奏复制）'!$D:$D,'玩家等级对应关卡（从新手节奏复制）'!$E:$E),A48)} -> 21 | B49: 38 | C49: =C34+1 -> 3 | D49: =D34 -> 8 | E49: =IF($B49<E$8,0,E$3+(E$4-E$3)*(POWER(E$5,$B49-E$8)-1)/(POWER(E$5,$C$5-E$8)-1)) -> 1 | F49: 4.95 | G49: =IF($B49<G$8,0,G$3+(G$4-G$3)*(POWER(G$5,$B49-G$8)-1)/(POWER(G$5,$C$5-G$8)-1)) -> 0.56456138 | H49: =IF($B49<H$8,0,H$3+(H$4-H$3)*(POWER(H$5,$B49-H$8)-1)/(POWER(H$5,$C$5-H$8)-1)) -> 0.38722916 | I49: =IF($B49<I$8,0,I$3+(I$4-I$3)*(POWER(I$5,$B49-I$8)-1)/(POWER(I$5,$C$5-I$8)-1)) -> 0 | J49: =IF($B49<J$8,0,J$3+(J$4-J$3)*(POWER(J$5,$B49-J$8)-1)/(POWER(J$5,$C$5-J$8)-1)) -> 0.1203875 | K49: =IF($B49<K$8,0,K$3+(K$4-K$3)*(POWER(K$5,$B49-K$8)-1)/(POWER(K$5,$C$5-K$8)-1)) -> 0 | L49: =E49*'参考-养成属性规划（从养成属性复制）'!$F$36+G49*'参考-养成属性规划（从养成属性复制）'!$F$37+'参考-养成属性规划（从养成属性复制）'!$F$39*H49 -> 4600.5217 | M49: =I49*'参考-养成属性规划（从养成属性复制）'!$F$41+J49*'参考-养成属性规划（从养成属性复制）'!$F$42+K49*'参考-养成属性规划（从养成属性复制）'!$F$43 -> 722.32501 | N49: =1+N$9*($H$10*$H49+$I$10*$I49+$J$10*$J49) -> 1.3751804 | O49: =L49*N49+M49 -> 7048.8725 | P49: =O49/(O49+战斗公式!$M$27) -> 0.22702507 | Q49: =E49*'参考-养成属性规划（从养成属性复制）'!$E$36+G49*'参考-养成属性规划（从养成属性复制）'!$E$37+'参考-养成属性规划（从养成属性复制）'!$E$39*H168 -> 5564.8419 | R49: =I49*'参考-养成属性规划（从养成属性复制）'!$E$41+J49*'参考-养成属性规划（从养成属性复制）'!$E$42+K49*'参考-养成属性规划（从养成属性复制）'!$E$43 -> 1083.4875 | S49: =1+S$9*($H$10*$H49+$I$10*$I49+$J$10*$J49) -> 1.3751804 | T49: =Q49*S49+R49 -> 8736.1493 | U49: =U$8+(U$9-U$8)*$H49 -> 0.81616875 | V49: =IF(B49<$H$8,0,V$8+(V$9-V$8)*$H49) -> 0.15489166 | W49: =W$8+(W$9-W$8)*$H49 -> 0.38148802 | X49: =X$8+(X$9-X$8)*K49 -> 1 | Y49: =Y$8+(Y$9-Y$8)*$H49 -> 1 | Z49: =Z$8+(Z$9-Z$8)*$I49 -> 1 | AA49: =AA$8+(AA$9-AA$8)*$J49 -> 1 | AB49: =AB$8+(AB$9-AB$8)*$K49 -> 1 | AC49: =SUM(U49:W49)*PRODUCT(X49:AB49) -> 1.3525484 | AD49: =1+AD$9*($H$10*$H49+$I$10*$I49+$J$10*$J49) -> 1 | AE49: =1+AE$9*($H$10*$H49+$I$10*$I49+$J$10*$J49+$K$10*$K49) -> 1.0320667 | AF49: =1+AF$9*($H$10*$H49+$I$10*$I49+$J$10*$J49) -> 1.0568293 | AG49: =战斗属性!$F$11+AG$9*($H$10*$H49+$I$10*$I49+$J$10*$J49+$K49*$K$10) -> 0.12295175 | AH49: =战斗属性!$F$12+AH$9*($H$10*$H49+$I$10*$I49+$J$10*$J49+$K$10*$K49) -> 2.2032227 | AI49: =1+AI$9*($H$10*$H49+$I$10*$I49+$J$10*$J49+$K49*$K$10) -> 1.1667469 | AJ49: =(1+AG49*(AH49-1))*AD49*AF49*AI49 -> 1.415468 | AK49: =AJ49*AC49*T49*F49*(1-P49) -> 63994.631 | AL49: =IF($B49<AL$8,0,AL$3+(AL$4-AL$3)*(POWER(AL$5,$B49-AL$8)-1)/(POWER(AL$5,$C$5-AL$8)-1)) -> 39.905397 | AN49: =AL49*AK49 -> 2553731.1 | AO49: {=INDEX(_xlfn.ANCHORARRAY(怪物标准模型!$B$12),MATCH(AN49,怪物标准模型!$AY$12:$AY$511))} -> 95 | AP49: 86
A50: {=_xlfn.IFNA(_xlfn.XLOOKUP(C50&D50,'玩家等级对应关卡（从新手节奏复制）'!$C:$C&'玩家等级对应关卡（从新手节奏复制）'!$D:$D,'玩家等级对应关卡（从新手节奏复制）'!$E:$E),A49)} -> 22 | B50: 39 | C50: =C35+1 -> 3 | D50: =D35 -> 9 | E50: =IF($B50<E$8,0,E$3+(E$4-E$3)*(POWER(E$5,$B50-E$8)-1)/(POWER(E$5,$C$5-E$8)-1)) -> 1 | F50: 5 | G50: =IF($B50<G$8,0,G$3+(G$4-G$3)*(POWER(G$5,$B50-G$8)-1)/(POWER(G$5,$C$5-G$8)-1)) -> 0.57267929 | H50: =IF($B50<H$8,0,H$3+(H$4-H$3)*(POWER(H$5,$B50-H$8)-1)/(POWER(H$5,$C$5-H$8)-1)) -> 0.39801348 | I50: =IF($B50<I$8,0,I$3+(I$4-I$3)*(POWER(I$5,$B50-I$8)-1)/(POWER(I$5,$C$5-I$8)-1)) -> 0 | J50: =IF($B50<J$8,0,J$3+(J$4-J$3)*(POWER(J$5,$B50-J$8)-1)/(POWER(J$5,$C$5-J$8)-1)) -> 0.13347652 | K50: =IF($B50<K$8,0,K$3+(K$4-K$3)*(POWER(K$5,$B50-K$8)-1)/(POWER(K$5,$C$5-K$8)-1)) -> 0 | L50: =E50*'参考-养成属性规划（从养成属性复制）'!$F$36+G50*'参考-养成属性规划（从养成属性复制）'!$F$37+'参考-养成属性规划（从养成属性复制）'!$F$39*H50 -> 4664.2916 | M50: =I50*'参考-养成属性规划（从养成属性复制）'!$F$41+J50*'参考-养成属性规划（从养成属性复制）'!$F$42+K50*'参考-养成属性规划（从养成属性复制）'!$F$43 -> 800.85912 | N50: =1+N$9*($H$10*$H50+$I$10*$I50+$J$10*$J50) -> 1.4093398 | O50: =L50*N50+M50 -> 7374.4309 | P50: =O50/(O50+战斗公式!$M$27) -> 0.23504588 | Q50: =E50*'参考-养成属性规划（从养成属性复制）'!$E$36+G50*'参考-养成属性规划（从养成属性复制）'!$E$37+'参考-养成属性规划（从养成属性复制）'!$E$39*H169 -> 5623.2909 | R50: =I50*'参考-养成属性规划（从养成属性复制）'!$E$41+J50*'参考-养成属性规划（从养成属性复制）'!$E$42+K50*'参考-养成属性规划（从养成属性复制）'!$E$43 -> 1201.2887 | S50: =1+S$9*($H$10*$H50+$I$10*$I50+$J$10*$J50) -> 1.4093398 | T50: =Q50*S50+R50 -> 9126.4163 | U50: =U$8+(U$9-U$8)*$H50 -> 0.81940404 | V50: =IF(B50<$H$8,0,V$8+(V$9-V$8)*$H50) -> 0.15920539 | W50: =W$8+(W$9-W$8)*$H50 -> 0.38445371 | X50: =X$8+(X$9-X$8)*K50 -> 1 | Y50: =Y$8+(Y$9-Y$8)*$H50 -> 1 | Z50: =Z$8+(Z$9-Z$8)*$I50 -> 1 | AA50: =AA$8+(AA$9-AA$8)*$J50 -> 1 | AB50: =AB$8+(AB$9-AB$8)*$K50 -> 1 | AC50: =SUM(U50:W50)*PRODUCT(X50:AB50) -> 1.3630631 | AD50: =1+AD$9*($H$10*$H50+$I$10*$I50+$J$10*$J50) -> 1 | AE50: =1+AE$9*($H$10*$H50+$I$10*$I50+$J$10*$J50+$K$10*$K50) -> 1.0349863 | AF50: =1+AF$9*($H$10*$H50+$I$10*$I50+$J$10*$J50) -> 1.0620035 | AG50: =战斗属性!$F$11+AG$9*($H$10*$H50+$I$10*$I50+$J$10*$J50+$K50*$K$10) -> 0.12959385 | AH50: =战斗属性!$F$12+AH$9*($H$10*$H50+$I$10*$I50+$J$10*$J50+$K$10*$K50) -> 2.2217257 | AI50: =1+AI$9*($H$10*$H50+$I$10*$I50+$J$10*$J50+$K50*$K$10) -> 1.1819288 | AJ50: =(1+AG50*(AH50-1))*AD50*AF50*AI50 -> 1.453948 | AK50: =AJ50*AC50*T50*F50*(1-P50) -> 69178.4 | AL50: =IF($B50<AL$8,0,AL$3+(AL$4-AL$3)*(POWER(AL$5,$B50-AL$8)-1)/(POWER(AL$5,$C$5-AL$8)-1)) -> 40.064665 | AN50: =AL50*AK50 -> 2771609.4 | AO50: {=INDEX(_xlfn.ANCHORARRAY(怪物标准模型!$B$12),MATCH(AN50,怪物标准模型!$AY$12:$AY$511))} -> 99 | AP50: 88
A51: {=_xlfn.IFNA(_xlfn.XLOOKUP(C51&D51,'玩家等级对应关卡（从新手节奏复制）'!$C:$C&'玩家等级对应关卡（从新手节奏复制）'!$D:$D,'玩家等级对应关卡（从新手节奏复制）'!$E:$E),A50)} -> 22 | B51: 40 | C51: =C36+1 -> 3 | D51: =D36 -> 10 | E51: =IF($B51<E$8,0,E$3+(E$4-E$3)*(POWER(E$5,$B51-E$8)-1)/(POWER(E$5,$C$5-E$8)-1)) -> 1 | F51: 5 | G51: =IF($B51<G$8,0,G$3+(G$4-G$3)*(POWER(G$5,$B51-G$8)-1)/(POWER(G$5,$C$5-G$8)-1)) -> 0.58055366 | H51: =IF($B51<H$8,0,H$3+(H$4-H$3)*(POWER(H$5,$B51-H$8)-1)/(POWER(H$5,$C$5-H$8)-1)) -> 0.40847427 | I51: =IF($B51<I$8,0,I$3+(I$4-I$3)*(POWER(I$5,$B51-I$8)-1)/(POWER(I$5,$C$5-I$8)-1)) -> 0 | J51: =IF($B51<J$8,0,J$3+(J$4-J$3)*(POWER(J$5,$B51-J$8)-1)/(POWER(J$5,$C$5-J$8)-1)) -> 0.14617287 | K51: =IF($B51<K$8,0,K$3+(K$4-K$3)*(POWER(K$5,$B51-K$8)-1)/(POWER(K$5,$C$5-K$8)-1)) -> 0 | L51: =E51*'参考-养成属性规划（从养成属性复制）'!$F$36+G51*'参考-养成属性规划（从养成属性复制）'!$F$37+'参考-养成属性规划（从养成属性复制）'!$F$39*H51 -> 4726.1484 | M51: =I51*'参考-养成属性规划（从养成属性复制）'!$F$41+J51*'参考-养成属性规划（从养成属性复制）'!$F$42+K51*'参考-养成属性规划（从养成属性复制）'!$F$43 -> 877.03721 | N51: =1+N$9*($H$10*$H51+$I$10*$I51+$J$10*$J51) -> 1.4424744 | O51: =L51*N51+M51 -> 7694.3851 | P51: =O51/(O51+战斗公式!$M$27) -> 0.24276808 | Q51: =E51*'参考-养成属性规划（从养成属性复制）'!$E$36+G51*'参考-养成属性规划（从养成属性复制）'!$E$37+'参考-养成属性规划（从养成属性复制）'!$E$39*H170 -> 5679.9864 | R51: =I51*'参考-养成属性规划（从养成属性复制）'!$E$41+J51*'参考-养成属性规划（从养成属性复制）'!$E$42+K51*'参考-养成属性规划（从养成属性复制）'!$E$43 -> 1315.5558 | S51: =1+S$9*($H$10*$H51+$I$10*$I51+$J$10*$J51) -> 1.4424744 | T51: =Q51*S51+R51 -> 9508.7905 | U51: =U$8+(U$9-U$8)*$H51 -> 0.82254228 | V51: =IF(B51<$H$8,0,V$8+(V$9-V$8)*$H51) -> 0.16338971 | W51: =W$8+(W$9-W$8)*$H51 -> 0.38733042 | X51: =X$8+(X$9-X$8)*K51 -> 1 | Y51: =Y$8+(Y$9-Y$8)*$H51 -> 1 | Z51: =Z$8+(Z$9-Z$8)*$I51 -> 1 | AA51: =AA$8+(AA$9-AA$8)*$J51 -> 1 | AB51: =AB$8+(AB$9-AB$8)*$K51 -> 1 | AC51: =SUM(U51:W51)*PRODUCT(X51:AB51) -> 1.3732624 | AD51: =1+AD$9*($H$10*$H51+$I$10*$I51+$J$10*$J51) -> 1 | AE51: =1+AE$9*($H$10*$H51+$I$10*$I51+$J$10*$J51+$K$10*$K51) -> 1.0378183 | AF51: =1+AF$9*($H$10*$H51+$I$10*$I51+$J$10*$J51) -> 1.0670225 | AG51: =战斗属性!$F$11+AG$9*($H$10*$H51+$I$10*$I51+$J$10*$J51+$K51*$K$10) -> 0.13603668 | AH51: =战斗属性!$F$12+AH$9*($H$10*$H51+$I$10*$I51+$J$10*$J51+$K$10*$K51) -> 2.2396736 | AI51: =1+AI$9*($H$10*$H51+$I$10*$I51+$J$10*$J51+$K51*$K$10) -> 1.1966553 | AJ51: =(1+AG51*(AH51-1))*AD51*AF51*AI51 -> 1.4921888 | AK51: =AJ51*AC51*T51*F51*(1-P51) -> 73773.689 | AL51: =IF($B51<AL$8,0,AL$3+(AL$4-AL$3)*(POWER(AL$5,$B51-AL$8)-1)/(POWER(AL$5,$C$5-AL$8)-1)) -> 40.225527 | AN51: =AL51*AK51 -> 2967585.5 | AO51: {=INDEX(_xlfn.ANCHORARRAY(怪物标准模型!$B$12),MATCH(AN51,怪物标准模型!$AY$12:$AY$511))} -> 102 | AP51: 91
A52: {=_xlfn.IFNA(_xlfn.XLOOKUP(C52&D52,'玩家等级对应关卡（从新手节奏复制）'!$C:$C&'玩家等级对应关卡（从新手节奏复制）'!$D:$D,'玩家等级对应关卡（从新手节奏复制）'!$E:$E),A51)} -> 22 | B52: 41 | C52: =C37+1 -> 3 | D52: =D37 -> 11 | E52: =IF($B52<E$8,0,E$3+(E$4-E$3)*(POWER(E$5,$B52-E$8)-1)/(POWER(E$5,$C$5-E$8)-1)) -> 1 | F52: 5 | G52: =IF($B52<G$8,0,G$3+(G$4-G$3)*(POWER(G$5,$B52-G$8)-1)/(POWER(G$5,$C$5-G$8)-1)) -> 0.58819181 | H52: =IF($B52<H$8,0,H$3+(H$4-H$3)*(POWER(H$5,$B52-H$8)-1)/(POWER(H$5,$C$5-H$8)-1)) -> 0.41862124 | I52: =IF($B52<I$8,0,I$3+(I$4-I$3)*(POWER(I$5,$B52-I$8)-1)/(POWER(I$5,$C$5-I$8)-1)) -> 0.020883855 | J52: =IF($B52<J$8,0,J$3+(J$4-J$3)*(POWER(J$5,$B52-J$8)-1)/(POWER(J$5,$C$5-J$8)-1)) -> 0.15848833 | K52: =IF($B52<K$8,0,K$3+(K$4-K$3)*(POWER(K$5,$B52-K$8)-1)/(POWER(K$5,$C$5-K$8)-1)) -> 0 | L52: =E52*'参考-养成属性规划（从养成属性复制）'!$F$36+G52*'参考-养成属性规划（从养成属性复制）'!$F$37+'参考-养成属性规划（从养成属性复制）'!$F$39*H52 -> 4786.1495 | M52: =I52*'参考-养成属性规划（从养成属性复制）'!$F$41+J52*'参考-养成属性规划（从养成属性复制）'!$F$42+K52*'参考-养成属性规划（从养成属性复制）'!$F$43 -> 1034.4654 | N52: =1+N$9*($H$10*$H52+$I$10*$I52+$J$10*$J52) -> 1.4768261 | O52: =L52*N52+M52 -> 8102.776 | P52: =O52/(O52+战斗公式!$M$27) -> 0.2524011 | Q52: =E52*'参考-养成属性规划（从养成属性复制）'!$E$36+G52*'参考-养成属性规划（从养成属性复制）'!$E$37+'参考-养成属性规划（从养成属性复制）'!$E$39*H171 -> 5734.981 | R52: =I52*'参考-养成属性规划（从养成属性复制）'!$E$41+J52*'参考-养成属性规划（从养成属性复制）'!$E$42+K52*'参考-养成属性规划（从养成属性复制）'!$E$43 -> 1551.6981 | S52: =1+S$9*($H$10*$H52+$I$10*$I52+$J$10*$J52) -> 1.4768261 | T52: =Q52*S52+R52 -> 10021.268 | U52: =U$8+(U$9-U$8)*$H52 -> 0.82558637 | V52: =IF(B52<$H$8,0,V$8+(V$9-V$8)*$H52) -> 0.1674485 | W52: =W$8+(W$9-W$8)*$H52 -> 0.39012084 | X52: =X$8+(X$9-X$8)*K52 -> 1 | Y52: =Y$8+(Y$9-Y$8)*$H52 -> 1 | Z52: =Z$8+(Z$9-Z$8)*$I52 -> 1 | AA52: =AA$8+(AA$9-AA$8)*$J52 -> 1 | AB52: =AB$8+(AB$9-AB$8)*$K52 -> 1 | AC52: =SUM(U52:W52)*PRODUCT(X52:AB52) -> 1.3831557 | AD52: =1+AD$9*($H$10*$H52+$I$10*$I52+$J$10*$J52) -> 1 | AE52: =1+AE$9*($H$10*$H52+$I$10*$I52+$J$10*$J52+$K$10*$K52) -> 1.0407544 | AF52: =1+AF$9*($H$10*$H52+$I$10*$I52+$J$10*$J52) -> 1.0722258 | AG52: =战斗属性!$F$11+AG$9*($H$10*$H52+$I$10*$I52+$J$10*$J52+$K52*$K$10) -> 0.14271619 | AH52: =战斗属性!$F$12+AH$9*($H$10*$H52+$I$10*$I52+$J$10*$J52+$K$10*$K52) -> 2.2582808 | AI52: =1+AI$9*($H$10*$H52+$I$10*$I52+$J$10*$J52+$K52*$K$10) -> 1.2119227 | AJ52: =(1+AG52*(AH52-1))*AD52*AF52*AI52 -> 1.5328071 | AK52: =AJ52*AC52*T52*F52*(1-P52) -> 79418.173 | AL52: =IF($B52<AL$8,0,AL$3+(AL$4-AL$3)*(POWER(AL$5,$B52-AL$8)-1)/(POWER(AL$5,$C$5-AL$8)-1)) -> 40.387997 | AN52: =AL52*AK52 -> 3207540.9 | AO52: {=INDEX(_xlfn.ANCHORARRAY(怪物标准模型!$B$12),MATCH(AN52,怪物标准模型!$AY$12:$AY$511))} -> 106 | AP52: 93
A53: {=_xlfn.IFNA(_xlfn.XLOOKUP(C53&D53,'玩家等级对应关卡（从新手节奏复制）'!$C:$C&'玩家等级对应关卡（从新手节奏复制）'!$D:$D,'玩家等级对应关卡（从新手节奏复制）'!$E:$E),A52)} -> 23 | B53: 42 | C53: =C38+1 -> 3 | D53: =D38 -> 12 | E53: =IF($B53<E$8,0,E$3+(E$4-E$3)*(POWER(E$5,$B53-E$8)-1)/(POWER(E$5,$C$5-E$8)-1)) -> 1 | F53: 5 | G53: =IF($B53<G$8,0,G$3+(G$4-G$3)*(POWER(G$5,$B53-G$8)-1)/(POWER(G$5,$C$5-G$8)-1)) -> 0.5956008 | H53: =IF($B53<H$8,0,H$3+(H$4-H$3)*(POWER(H$5,$B53-H$8)-1)/(POWER(H$5,$C$5-H$8)-1)) -> 0.4284638 | I53: =IF($B53<I$8,0,I$3+(I$4-I$3)*(POWER(I$5,$B53-I$8)-1)/(POWER(I$5,$C$5-I$8)-1)) -> 0.041141194 | J53: =IF($B53<J$8,0,J$3+(J$4-J$3)*(POWER(J$5,$B53-J$8)-1)/(POWER(J$5,$C$5-J$8)-1)) -> 0.17043432 | K53: =IF($B53<K$8,0,K$3+(K$4-K$3)*(POWER(K$5,$B53-K$8)-1)/(POWER(K$5,$C$5-K$8)-1)) -> 0 | L53: =E53*'参考-养成属性规划（从养成属性复制）'!$F$36+G53*'参考-养成属性规划（从养成属性复制）'!$F$37+'参考-养成属性规划（从养成属性复制）'!$F$39*H53 -> 4844.3506 | M53: =I53*'参考-养成属性规划（从养成属性复制）'!$F$41+J53*'参考-养成属性规划（从养成属性复制）'!$F$42+K53*'参考-养成属性规划（从养成属性复制）'!$F$43 -> 1187.1707 | N53: =1+N$9*($H$10*$H53+$I$10*$I53+$J$10*$J53) -> 1.5101473 | O53: =L53*N53+M53 -> 8502.8538 | P53: =O53/(O53+战斗公式!$M$27) -> 0.2616033 | Q53: =E53*'参考-养成属性规划（从养成属性复制）'!$E$36+G53*'参考-养成属性规划（从养成属性复制）'!$E$37+'参考-养成属性规划（从养成属性复制）'!$E$39*H172 -> 5788.3258 | R53: =I53*'参考-养成属性规划（从养成属性复制）'!$E$41+J53*'参考-养成属性规划（从养成属性复制）'!$E$42+K53*'参考-养成属性规划（从养成属性复制）'!$E$43 -> 1780.756 | S53: =1+S$9*($H$10*$H53+$I$10*$I53+$J$10*$J53) -> 1.5101473 | T53: =Q53*S53+R53 -> 10521.981 | U53: =U$8+(U$9-U$8)*$H53 -> 0.82853914 | V53: =IF(B53<$H$8,0,V$8+(V$9-V$8)*$H53) -> 0.17138552 | W53: =W$8+(W$9-W$8)*$H53 -> 0.39282754 | X53: =X$8+(X$9-X$8)*K53 -> 1 | Y53: =Y$8+(Y$9-Y$8)*$H53 -> 1 | Z53: =Z$8+(Z$9-Z$8)*$I53 -> 1 | AA53: =AA$8+(AA$9-AA$8)*$J53 -> 1 | AB53: =AB$8+(AB$9-AB$8)*$K53 -> 1 | AC53: =SUM(U53:W53)*PRODUCT(X53:AB53) -> 1.3927522 | AD53: =1+AD$9*($H$10*$H53+$I$10*$I53+$J$10*$J53) -> 1 | AE53: =1+AE$9*($H$10*$H53+$I$10*$I53+$J$10*$J53+$K$10*$K53) -> 1.0436023 | AF53: =1+AF$9*($H$10*$H53+$I$10*$I53+$J$10*$J53) -> 1.077273 | AG53: =战斗属性!$F$11+AG$9*($H$10*$H53+$I$10*$I53+$J$10*$J53+$K53*$K$10) -> 0.14919531 | AH53: =战斗属性!$F$12+AH$9*($H$10*$H53+$I$10*$I53+$J$10*$J53+$K$10*$K53) -> 2.2763298 | AI53: =1+AI$9*($H$10*$H53+$I$10*$I53+$J$10*$J53+$K53*$K$10) -> 1.2267321 | AJ53: =(1+AG53*(AH53-1))*AD53*AF53*AI53 -> 1.5731735 | AK53: =AJ53*AC53*T53*F53*(1-P53) -> 85115.321 | AL53: =IF($B53<AL$8,0,AL$3+(AL$4-AL$3)*(POWER(AL$5,$B53-AL$8)-1)/(POWER(AL$5,$C$5-AL$8)-1)) -> 40.552091 | AN53: =AL53*AK53 -> 3451604.3 | AO53: {=INDEX(_xlfn.ANCHORARRAY(怪物标准模型!$B$12),MATCH(AN53,怪物标准模型!$AY$12:$AY$511))} -> 110 | AP53: 95
... A116: {=_xlfn.IFNA(_xlfn.XLOOKUP(C116&D116,'玩家等级对应关卡（从新手节奏复制）'!$C:$C&'玩家等级对应关卡（从新手节奏复制）'!$D:$D,'玩家等级对应关卡（从新手节奏复制）'!$E:$E),A115)} -> 39 | B116: 105 | C116: =C101+1 -> 7 | D116: =D101 -> 15 | E116: =IF($B116<E$8,0,E$3+(E$4-E$3)*(POWER(E$5,$B116-E$8)-1)/(POWER(E$5,$C$5-E$8)-1)) -> 1 | F116: 5 | G116: =IF($B116<G$8,0,G$3+(G$4-G$3)*(POWER(G$5,$B116-G$8)-1)/(POWER(G$5,$C$5-G$8)-1)) -> 0.8 | H116: =IF($B116<H$8,0,H$3+(H$4-H$3)*(POWER(H$5,$B116-H$8)-1)/(POWER(H$5,$C$5-H$8)-1)) -> 0.7 | I116: =IF($B116<I$8,0,I$3+(I$4-I$3)*(POWER(I$5,$B116-I$8)-1)/(POWER(I$5,$C$5-I$8)-1)) -> 0.6 | J116: =IF($B116<J$8,0,J$3+(J$4-J$3)*(POWER(J$5,$B116-J$8)-1)/(POWER(J$5,$C$5-J$8)-1)) -> 0.5 | K116: =IF($B116<K$8,0,K$3+(K$4-K$3)*(POWER(K$5,$B116-K$8)-1)/(POWER(K$5,$C$5-K$8)-1)) -> 0.35 | L116: =E116*'参考-养成属性规划（从养成属性复制）'!$F$36+G116*'参考-养成属性规划（从养成属性复制）'!$F$37+'参考-养成属性规划（从养成属性复制）'!$F$39*H116 -> 6450 | M116: =I116*'参考-养成属性规划（从养成属性复制）'!$F$41+J116*'参考-养成属性规划（从养成属性复制）'!$F$42+K116*'参考-养成属性规划（从养成属性复制）'!$F$43 -> 8900 | N116: =1+N$9*($H$10*$H116+$I$10*$I116+$J$10*$J116) -> 2.4294118 | O116: =L116*N116+M116 -> 24569.706 | P116: =O116/(O116+战斗公式!$M$27) -> 0.50586483 | Q116: =E116*'参考-养成属性规划（从养成属性复制）'!$E$36+G116*'参考-养成属性规划（从养成属性复制）'!$E$37+'参考-养成属性规划（从养成属性复制）'!$E$39*H235 -> 7260 | R116: =I116*'参考-养成属性规划（从养成属性复制）'!$E$41+J116*'参考-养成属性规划（从养成属性复制）'!$E$42+K116*'参考-养成属性规划（从养成属性复制）'!$E$43 -> 13350 | S116: =1+S$9*($H$10*$H116+$I$10*$I116+$J$10*$J116) -> 2.4294118 | T116: =Q116*S116+R116 -> 30987.529 | U116: =U$8+(U$9-U$8)*$H116 -> 0.91 | V116: =IF(B116<$H$8,0,V$8+(V$9-V$8)*$H116) -> 0.28 | W116: =W$8+(W$9-W$8)*$H116 -> 0.4675 | X116: =X$8+(X$9-X$8)*K116 -> 1 | Y116: =Y$8+(Y$9-Y$8)*$H116 -> 1 | Z116: =Z$8+(Z$9-Z$8)*$I116 -> 1 | AA116: =AA$8+(AA$9-AA$8)*$J116 -> 1 | AB116: =AB$8+(AB$9-AB$8)*$K116 -> 1 | AC116: =SUM(U116:W116)*PRODUCT(X116:AB116) -> 1.6575 | AD116: =1+AD$9*($H$10*$H116+$I$10*$I116+$J$10*$J116) -> 1 | AE116: =1+AE$9*($H$10*$H116+$I$10*$I116+$J$10*$J116+$K$10*$K116) -> 1.1443439 | AF116: =1+AF$9*($H$10*$H116+$I$10*$I116+$J$10*$J116) -> 1.2165158 | AG116: =战斗属性!$F$11+AG$9*($H$10*$H116+$I$10*$I116+$J$10*$J116+$K116*$K$10) -> 0.37838235 | AH116: =战斗属性!$F$12+AH$9*($H$10*$H116+$I$10*$I116+$J$10*$J116+$K$10*$K116) -> 2.9147794 | AI116: =1+AI$9*($H$10*$H116+$I$10*$I116+$J$10*$J116+$K116*$K$10) -> 1.7505882 | AJ116: =(1+AG116*(AH116-1))*AD116*AF116*AI116 -> 3.6725667 | AK116: =AJ116*AC116*T116*F116*(1-P116) -> 466042.96 | AL116: =IF($B116<AL$8,0,AL$3+(AL$4-AL$3)*(POWER(AL$5,$B116-AL$8)-1)/(POWER(AL$5,$C$5-AL$8)-1)) -> 55 | AN116: =AL116*AK116 -> 25632363 | AO116: {=INDEX(_xlfn.ANCHORARRAY(怪物标准模型!$B$12),MATCH(AN116,怪物标准模型!$AY$12:$AY$511))} -> 248 | AP116: 220

Sheet 参考-养成属性规划（从养成属性复制）
B2: 初始标准人属性 | C2: 生命 | D2: 攻击 | E2: 防御
C3: 5000 | D3: 1500 | E3: 1000
B5: 养成模块数值概述
B6: 概述为前期规划，具体数值请参照每个页签
B8: 养成模块 | C8: 养成定位 | J8: 投放属性 | O8: 备注
J9: 基础属性 | K9: 基础属性% | L9: 技能等级 | M9: 普通二级属性
A10: 角色裸体数值 | B10: 初始 | C10: 每个角色初始的属性 | J10: √
B11: 角色升级 | C11: 主要提供基础属性，线性成长，前中期主要属性来源 | J11: √
B12: 角色升阶 | C12: 主要提供基础属性，线性成长，前中期主要属性来源 升阶主要去卡角色技能等级和星盘等级 | J12: √
B13: 角色星盘 | C13: 稀有角色、活跃材料的投放和消耗点 普通养成行为无法点满，需要额外的稀有材料才能点满 投放一小部分基础属性，基础属性%，普通二级属性和天赋技能等级 投放的基础属性%和二级属性根据角色定位进行更改 | J13: √ | K13: √ | L13: √ | M13: √
B14: 角色升星 | C14: 主要付费内容，解锁额外天赋（提升幅度需要够大），投放基础属性百分比和二级属性 | K14: √ | L14: √ | M14: √
B15: 专武 | C15: 主要作用是承载一部分角色技能机制，同时提供一部分基础属性 或者普通二级属性 | J15: √ | K15: √ | L15: √ | M15: √
B16: 旅券 | C16: 4+2套装效果 等级上限低，相对于阴阳师，降低随机性，提高毕业预期 | J16: √ | L16: √
B17: 主角装备 | C17: 后期终局玩法，极强的随机词条，承载后期玩家的日活和养成目标 主属性固定，副属性做强的词条与上下限随机 镶嵌的宝石相当于一个带一点随机性的进度类养成 | J17: √ | K17: √ | L17: √ | M17: √
B19: 角色全属性组成
B20: 不能选择的 | D20: 可选择的
B21: 角色升级 | D21: 映射装备副词条+宝石
B22: 角色升阶 | D22: 旅券
B23: 角色星盘
B24: 角色升星
B25: 专武
B26: 映射装备主词条
B31: 养成模块数值分配 | P31: 这部分是每个角色不同的属性偏向，需要每个角色单独设计
B32: 该表格决定属性数值分配值 | P32: 输出角色（攻击%+暴击爆伤）
D33: 预计基础属性 | G33: 最终基础属性% | J33: 预计全部基础属性% | M33: 预计偏向全部二级属性 | P33: 预计偏向基础属性%+二级属性
B34: 养成模块 | C34: 基础属性投放系数 | D34: 生命 | E34: 攻击 | F34: 防御 | G34: 生命 | H34: 攻击 | I34: 防御 | J34: 生命 | K34: 攻击 | L34: 防御 | M34: 偏向值 | P34: 偏向值 | V34: 二级属性占比
V35: 0
A36: 角色裸体数值 | B36: 初始 | C36: 1 | D36: 5000 | E36: 1500 | F36: 1000 | V36: 0
B37: 角色升级 | C37: 4.8 | D37: 24000 | E37: 7200 | F37: 4800 | V37: 0
B38: 角色升阶 | C38: 0 | D38: 0 | E38: 0 | F38: 0 | V38: 0
B39: 角色星盘 | C39: 2.3 | D39: 11500 | E39: 3450 | F39: 2300 | G39: 0 | H39: 0 | I39: 0 | J39: 0 | K39: 0 | L39: 0 | M39: 0 | P39: 1.2 | V39: 0.058823529
B40: 角色升星 | G40: 0.9 | H40: 0.9 | I40: 0.9 | J40: 0 | K40: 0 | L40: 0 | M40: 0 | P40: 0.6 | V40: 0.029411765
B41: 专武 | C41: 4 | D41: 20000 | E41: 6000 | F41: 4000 | G41: 0 | H41: 0 | I41: 0 | J41: 0 | K41: 0 | L41: 0 | M41: 0 | P41: 0.6 | V41: 0.029411765
B42: 旅券 | C42: 6 | D42: 30000 | E42: 9000 | F42: 6000 | G42: 0 | H42: 0 | I42: 0 | J42: 0 | K42: 0 | L42: 0 | M42: 0 | P42: 4.2 | V42: 0.20588235
B43: 映射装备 | C43: 10 | D43: 50000 | E43: 15000 | F43: 10000 | G43: 0 | H43: 0 | I43: 0 | J43: 2.4 | K43: 2.4 | L43: 2.4 | M43: 3.2 | P43: 8.2 | V43: 0.67647059
J44: 2.4 | M44: 3.2 | P44: 14.8
F46: 总普通投放 | G46: 20.4 | I46: 总稀有投放 | J46: 0 | L46: 总二级投放 | M46: 20.4
F47: （以攻击力%为基准）
F49: 以攻击百分比为基准的属性定价
F50: 攻击百分比 | G50: 0.01 | H50: 0.03 | I50: 4.9333333
F51: 防御百分比 | G51: 0.01 | H51: 0.03
F52: 生命百分比 | G52: 0.01 | H52: 0.03
F53: 普攻速度百分比 | G53: 0 | H53: 0
F54: 必杀回复速度 | G54: 0.0033 | H54: 0.0099
F55: 暴击率 | G55: 0.0018 | H55: 0.0054
F56: 暴击伤害 | G56: 0.0054 | H56: 0.0162
F57: 各种伤害增加 | G57: 0.0033 | H57: 0.0099
F58: 普攻伤害加成 | G58: 0.009 | H58: 0.027
F59: 技能伤害加成 | G59: 0.012 | H59: 0.036
F60: 必杀伤害加成 | G60: 0.012 | H60: 0.036
F61: 治疗率 | G61: 0.005 | H61: 0.015
F62: 冷却缩减 | G62: 0.0025 | H62: 0.0075
... F70: 攻击百分比 | G70: 0.01 | H70: 0.03
F71: 格挡率 | G71: 0.0033333333
F72: 格挡等级 | G72: 10

Sheet 主角等级（从新手引导复制） 
B2: 主角等级上限 | D2: 60 | F2: =MAX($F$5:$F$63)/U18 -> 29.348276 | G2: =MAX($F$5:$F$63)/U16 -> 56.74
F3: =F63/U16 -> 56.74 | S3: 经验产出
B4: 等级 | C4: 每级成长 | D4: 升级需要经验 | E4: 升级返还体力 | F4: 所需总经验 | G4: 实际所需总经验 | H4: 对应主线章节 | K4: 对应主线关卡 | N4: 主线章节 | O4: 章节关卡数 | P4: 主角等级预计 | Q4: 对应天数 | S4: 来源 | T4: 每日产出 | U4: 核算经验
B5: {=_xlfn.SEQUENCE(D2,1,1,1)} -> 1 | C5: 10 | D5: 80 | E5: 0 | F5: =SUM($D$5:D5) -> 80 | G5: =SUM($D$5:D5)-10*SUM($E$5:E5) -> 80 | H5: {=INDEX($N$5:$N$18,MATCH(MIN(IF($P$5:$P$18>B5,$P$5:$P$18)),$P$5:$P$18,0))} -> 0 | I5: =VLOOKUP(H5,$N$5:$O$18,2,0)/COUNTIF($H$5:$H$74,H5) -> 1 | J5: =IF(H5<>H4,I5,J4+I4) -> 1 | K5: =ROUND(J5,0) -> 1 | N5: 0 | O5: 5 | P5: 6 | Q5: {=_xlfn.IFNA(INDEX(_xlfn.ANCHORARRAY($N$43),MATCH(P5,$P$43:$P$98))+1,1)} -> 1 | S5: 自然回复 | T5: 240 | U5: =T5*10 -> 2400
B6: 2 | C6: 10 | D6: =C6+D5 -> 90 | E6: 5 | F6: =SUM($D$5:D6) -> 170 | G6: =SUM($D$5:D6)-10*SUM($E$5:E6) -> 120 | H6: {=INDEX($N$5:$N$18,MATCH(MIN(IF($P$5:$P$18>B6,$P$5:$P$18)),$P$5:$P$18,0))} -> 0 | I6: =VLOOKUP(H6,$N$5:$O$18,2,0)/COUNTIF($H$5:$H$74,H6) -> 1 | J6: =IF(H6<>H5,I6,J5+I5) -> 2 | K6: =ROUND(J6,0) -> 2 | N6: 1 | O6: 10 | P6: 14 | Q6: {=_xlfn.IFNA(INDEX(_xlfn.ANCHORARRAY($N$43),MATCH(P6,$P$43:$P$98))+1,1)} -> 1 | S6: 每日任务 | T6: 0 | U6: 1500
B7: 3 | C7: 10 | D7: =C7+D6 -> 100 | E7: 5 | F7: =SUM($D$5:D7) -> 270 | G7: =SUM($D$5:D7)-10*SUM($E$5:E7) -> 170 | H7: {=INDEX($N$5:$N$18,MATCH(MIN(IF($P$5:$P$18>B7,$P$5:$P$18)),$P$5:$P$18,0))} -> 0 | I7: =VLOOKUP(H7,$N$5:$O$18,2,0)/COUNTIF($H$5:$H$74,H7) -> 1 | J7: =IF(H7<>H6,I7,J6+I6) -> 3 | K7: =ROUND(J7,0) -> 3 | N7: 2 | O7: 15 | P7: 20 | Q7: {=_xlfn.IFNA(INDEX(_xlfn.ANCHORARRAY($N$43),MATCH(P7,$P$43:$P$98))+1,1)} -> 1 | S7: 购买体力1次 | T7: 60 | U7: =T7*10 -> 600
B8: 4 | C8: 10 | D8: =C8+D7 -> 110 | E8: 5 | F8: =SUM($D$5:D8) -> 380 | G8: =SUM($D$5:D8)-10*SUM($E$5:E8) -> 230 | H8: {=INDEX($N$5:$N$18,MATCH(MIN(IF($P$5:$P$18>B8,$P$5:$P$18)),$P$5:$P$18,0))} -> 0 | I8: =VLOOKUP(H8,$N$5:$O$18,2,0)/COUNTIF($H$5:$H$74,H8) -> 1 | J8: =IF(H8<>H7,I8,J7+I7) -> 4 | K8: =ROUND(J8,0) -> 4 | N8: 3 | O8: 15 | P8: 25 | Q8: {=_xlfn.IFNA(INDEX(_xlfn.ANCHORARRAY($N$43),MATCH(P8,$P$43:$P$98))+1,1)} -> 2 | S8: 购买体力2次 | T8: 60 | U8: =T8*10 -> 600
B9: 5 | C9: 10 | D9: =C9+D8 -> 120 | E9: 5 | F9: =SUM($D$5:D9) -> 500 | G9: =SUM($D$5:D9)-10*SUM($E$5:E9) -> 300 | H9: {=INDEX($N$5:$N$18,MATCH(MIN(IF($P$5:$P$18>B9,$P$5:$P$18)),$P$5:$P$18,0))} -> 0 | I9: =VLOOKUP(H9,$N$5:$O$18,2,0)/COUNTIF($H$5:$H$74,H9) -> 1 | J9: =IF(H9<>H8,I9,J8+I8) -> 5 | K9: =ROUND(J9,0) -> 5 | N9: 4 | O9: 15 | P9: 30 | Q9: {=_xlfn.IFNA(INDEX(_xlfn.ANCHORARRAY($N$43),MATCH(P9,$P$43:$P$98))+1,1)} -> 2 | S9: 购买体力3次 | T9: 60 | U9: =T9*10 -> 600
B10: 6 | C10: 10 | D10: =C10+D9 -> 130 | E10: 5 | F10: =SUM($D$5:D10) -> 630 | G10: =SUM($D$5:D10)-10*SUM($E$5:E10) -> 380 | H10: {=INDEX($N$5:$N$18,MATCH(MIN(IF($P$5:$P$18>B10,$P$5:$P$18)),$P$5:$P$18,0))} -> 1 | I10: =VLOOKUP(H10,$N$5:$O$18,2,0)/COUNTIF($H$5:$H$74,H10) -> 1.25 | J10: =IF(H10<>H9,I10,J9+I9) -> 1.25 | K10: =ROUND(J10,0) -> 1 | N10: 5 | O10: 15 | P10: 34 | Q10: {=_xlfn.IFNA(INDEX(_xlfn.ANCHORARRAY($N$43),MATCH(P10,$P$43:$P$98))+1,1)} -> 4 | S10: 购买体力4次 | T10: 60 | U10: =T10*10 -> 600
B11: 7 | C11: 10 | D11: =C11+D10 -> 140 | E11: 5 | F11: =SUM($D$5:D11) -> 770 | G11: =SUM($D$5:D11)-10*SUM($E$5:E11) -> 470 | H11: {=INDEX($N$5:$N$18,MATCH(MIN(IF($P$5:$P$18>B11,$P$5:$P$18)),$P$5:$P$18,0))} -> 1 | I11: =VLOOKUP(H11,$N$5:$O$18,2,0)/COUNTIF($H$5:$H$74,H11) -> 1.25 | J11: =IF(H11<>H10,I11,J10+I10) -> 2.5 | K11: =ROUND(J11,0) -> 3 | N11: 6 | O11: 15 | P11: 37 | Q11: {=_xlfn.IFNA(INDEX(_xlfn.ANCHORARRAY($N$43),MATCH(P11,$P$43:$P$98))+1,1)} -> 5 | S11: 购买体力5次 | T11: 60 | U11: =T11*10 -> 600
B12: 8 | C12: 10 | D12: =C12+D11 -> 150 | E12: 5 | F12: =SUM($D$5:D12) -> 920 | G12: =SUM($D$5:D12)-10*SUM($E$5:E12) -> 570 | H12: {=INDEX($N$5:$N$18,MATCH(MIN(IF($P$5:$P$18>B12,$P$5:$P$18)),$P$5:$P$18,0))} -> 1 | I12: =VLOOKUP(H12,$N$5:$O$18,2,0)/COUNTIF($H$5:$H$74,H12) -> 1.25 | J12: =IF(H12<>H11,I12,J11+I11) -> 3.75 | K12: =ROUND(J12,0) -> 4 | N12: 7 | O12: 15 | P12: 40 | Q12: {=_xlfn.IFNA(INDEX(_xlfn.ANCHORARRAY($N$43),MATCH(P12,$P$43:$P$98))+1,1)} -> 7 | S12: 购买体力6次 | T12: 60 | U12: =T12*10 -> 600
B13: 9 | C13: 10 | D13: =C13+D12 -> 160 | E13: 5 | F13: =SUM($D$5:D13) -> 1080 | G13: =SUM($D$5:D13)-10*SUM($E$5:E13) -> 680 | H13: {=INDEX($N$5:$N$18,MATCH(MIN(IF($P$5:$P$18>B13,$P$5:$P$18)),$P$5:$P$18,0))} -> 1 | I13: =VLOOKUP(H13,$N$5:$O$18,2,0)/COUNTIF($H$5:$H$74,H13) -> 1.25 | J13: =IF(H13<>H12,I13,J12+I12) -> 5 | K13: =ROUND(J13,0) -> 5 | S13: 购买体力7次 | T13: 60 | U13: =T13*10 -> 600
B14: 10 | C14: 10 | D14: =C14+D13 -> 170 | E14: 5 | F14: =SUM($D$5:D14) -> 1250 | G14: =SUM($D$5:D14)-10*SUM($E$5:E14) -> 800 | H14: {=INDEX($N$5:$N$18,MATCH(MIN(IF($P$5:$P$18>B14,$P$5:$P$18)),$P$5:$P$18,0))} -> 1 | I14: =VLOOKUP(H14,$N$5:$O$18,2,0)/COUNTIF($H$5:$H$74,H14) -> 1.25 | J14: =IF(H14<>H13,I14,J13+I13) -> 6.25 | K14: =ROUND(J14,0) -> 6 | S14: 购买体力8次 | T14: 60 | U14: =T14*10 -> 600
B15: 11 | C15: 20 | D15: =C15+D14 -> 190 | E15: 10 | F15: =SUM($D$5:D15) -> 1440 | G15: =SUM($D$5:D15)-10*SUM($E$5:E15) -> 890 | H15: {=INDEX($N$5:$N$18,MATCH(MIN(IF($P$5:$P$18>B15,$P$5:$P$18)),$P$5:$P$18,0))} -> 1 | I15: =VLOOKUP(H15,$N$5:$O$18,2,0)/COUNTIF($H$5:$H$74,H15) -> 1.25 | J15: =IF(H15<>H14,I15,J14+I14) -> 7.5 | K15: =ROUND(J15,0) -> 8
B16: 12 | C16: 20 | D16: =C16+D15 -> 210 | E16: 10 | F16: =SUM($D$5:D16) -> 1650 | G16: =SUM($D$5:D16)-10*SUM($E$5:E16) -> 1000 | H16: {=INDEX($N$5:$N$18,MATCH(MIN(IF($P$5:$P$18>B16,$P$5:$P$18)),$P$5:$P$18,0))} -> 1 | I16: =VLOOKUP(H16,$N$5:$O$18,2,0)/COUNTIF($H$5:$H$74,H16) -> 1.25 | J16: =IF(H16<>H15,I16,J15+I15) -> 8.75 | K16: =ROUND(J16,0) -> 9 | T16: 小R | U16: =SUM(U5:U7) -> 4500
B17: 13 | C17: 20 | D17: =C17+D16 -> 230 | E17: 10 | F17: =SUM($D$5:D17) -> 1880 | G17: =SUM($D$5:D17)-10*SUM($E$5:E17) -> 1130 | H17: {=INDEX($N$5:$N$18,MATCH(MIN(IF($P$5:$P$18>B17,$P$5:$P$18)),$P$5:$P$18,0))} -> 1 | I17: =VLOOKUP(H17,$N$5:$O$18,2,0)/COUNTIF($H$5:$H$74,H17) -> 1.25 | J17: =IF(H17<>H16,I17,J16+I16) -> 10 | K17: =ROUND(J17,0) -> 10 | T17: 中R | U17: =SUM(U5:U9) -> 5700
B18: 14 | C18: 20 | D18: =C18+D17 -> 250 | E18: 10 | F18: =SUM($D$5:D18) -> 2130 | G18: =SUM($D$5:D18)-10*SUM($E$5:E18) -> 1280 | H18: {=INDEX($N$5:$N$18,MATCH(MIN(IF($P$5:$P$18>B18,$P$5:$P$18)),$P$5:$P$18,0))} -> 2 | I18: =VLOOKUP(H18,$N$5:$O$18,2,0)/COUNTIF($H$5:$H$74,H18) -> 2.5 | J18: =IF(H18<>H17,I18,J17+I17) -> 2.5 | K18: =ROUND(J18,0) -> 3 | T18: 大R | U18: =SUM(U5:U14) -> 8700
B19: 15 | C19: 20 | D19: =C19+D18 -> 270 | E19: 10 | F19: =SUM($D$5:D19) -> 2400 | G19: =SUM($D$5:D19)-10*SUM($E$5:E19) -> 1450 | H19: {=INDEX($N$5:$N$18,MATCH(MIN(IF($P$5:$P$18>B19,$P$5:$P$18)),$P$5:$P$18,0))} -> 2 | I19: =VLOOKUP(H19,$N$5:$O$18,2,0)/COUNTIF($H$5:$H$74,H19) -> 2.5 | J19: =IF(H19<>H18,I19,J18+I18) -> 5 | K19: =ROUND(J19,0) -> 5
B20: 16 | C20: 30 | D20: =C20+D19 -> 300 | E20: 10 | F20: =SUM($D$5:D20) -> 2700 | G20: =SUM($D$5:D20)-10*SUM($E$5:E20) -> 1650 | H20: {=INDEX($N$5:$N$18,MATCH(MIN(IF($P$5:$P$18>B20,$P$5:$P$18)),$P$5:$P$18,0))} -> 2 | I20: =VLOOKUP(H20,$N$5:$O$18,2,0)/COUNTIF($H$5:$H$74,H20) -> 2.5 | J20: =IF(H20<>H19,I20,J19+I19) -> 7.5 | K20: =ROUND(J20,0) -> 8 | N20: 天数 | O20: 等级 | P20: 所需经验 | Q20: 每天经验
B21: 17 | C21: 30 | D21: =C21+D20 -> 330 | E21: 10 | F21: =SUM($D$5:D21) -> 3030 | G21: =SUM($D$5:D21)-10*SUM($E$5:E21) -> 1880 | H21: {=INDEX($N$5:$N$18,MATCH(MIN(IF($P$5:$P$18>B21,$P$5:$P$18)),$P$5:$P$18,0))} -> 2 | I21: =VLOOKUP(H21,$N$5:$O$18,2,0)/COUNTIF($H$5:$H$74,H21) -> 2.5 | J21: =IF(H21<>H20,I21,J20+I20) -> 10 | K21: =ROUND(J21,0) -> 10 | N21: 1 | O21: 25 | P21: =VLOOKUP(O21-1,$B:$G,6,0) -> 4330 | Q21: =P21 -> 4330 | S21: =AVERAGE($Q$21:Q21) -> 4330
B22: 18 | C22: 30 | D22: =C22+D21 -> 360 | E22: 10 | F22: =SUM($D$5:D22) -> 3390 | G22: =SUM($D$5:D22)-10*SUM($E$5:E22) -> 2140 | H22: {=INDEX($N$5:$N$18,MATCH(MIN(IF($P$5:$P$18>B22,$P$5:$P$18)),$P$5:$P$18,0))} -> 2 | I22: =VLOOKUP(H22,$N$5:$O$18,2,0)/COUNTIF($H$5:$H$74,H22) -> 2.5 | J22: =IF(H22<>H21,I22,J21+I21) -> 12.5 | K22: =ROUND(J22,0) -> 13 | N22: 2 | O22: 31 | P22: =VLOOKUP(O22-1,$B:$G,6,0) -> 8950 | Q22: =P22-P21 -> 4620 | S22: =AVERAGE($Q$21:Q22) -> 4475
B23: 19 | C23: 30 | D23: =C23+D22 -> 390 | E23: 10 | F23: =SUM($D$5:D23) -> 3780 | G23: =SUM($D$5:D23)-10*SUM($E$5:E23) -> 2430 | H23: {=INDEX($N$5:$N$18,MATCH(MIN(IF($P$5:$P$18>B23,$P$5:$P$18)),$P$5:$P$18,0))} -> 2 | I23: =VLOOKUP(H23,$N$5:$O$18,2,0)/COUNTIF($H$5:$H$74,H23) -> 2.5 | J23: =IF(H23<>H22,I23,J22+I22) -> 15 | K23: =ROUND(J23,0) -> 15 | N23: 3 | O23: 34 | P23: =VLOOKUP(O23-1,$B:$G,6,0) -> 13060 | Q23: =P23-P22 -> 4110 | S23: =AVERAGE($Q$21:Q23) -> 4353.3333
B24: 20 | C24: 30 | D24: =C24+D23 -> 420 | E24: 10 | F24: =SUM($D$5:D24) -> 4200 | G24: =SUM($D$5:D24)-10*SUM($E$5:E24) -> 2750 | H24: {=INDEX($N$5:$N$18,MATCH(MIN(IF($P$5:$P$18>B24,$P$5:$P$18)),$P$5:$P$18,0))} -> 3 | I24: =VLOOKUP(H24,$N$5:$O$18,2,0)/COUNTIF($H$5:$H$74,H24) -> 3 | J24: =IF(H24<>H23,I24,J23+I23) -> 3 | K24: =ROUND(J24,0) -> 3 | N24: 4 | O24: 36 | P24: =VLOOKUP(O24-1,$B:$G,6,0) -> 16800 | Q24: =P24-P23 -> 3740 | S24: =AVERAGE($Q$21:Q24) -> 4200
B25: 21 | C25: 50 | D25: =C25+D24 -> 470 | E25: 15 | F25: =SUM($D$5:D25) -> 4670 | G25: =SUM($D$5:D25)-10*SUM($E$5:E25) -> 3070 | H25: {=INDEX($N$5:$N$18,MATCH(MIN(IF($P$5:$P$18>B25,$P$5:$P$18)),$P$5:$P$18,0))} -> 3 | I25: =VLOOKUP(H25,$N$5:$O$18,2,0)/COUNTIF($H$5:$H$74,H25) -> 3 | J25: =IF(H25<>H24,I25,J24+I24) -> 6 | K25: =ROUND(J25,0) -> 6 | N25: 5 | O25: 38 | P25: =VLOOKUP(O25-1,$B:$G,6,0) -> 21640 | Q25: =P25-P24 -> 4840 | S25: =AVERAGE($Q$21:Q25) -> 4328
B26: 22 | C26: 50 | D26: =C26+D25 -> 520 | E26: 15 | F26: =SUM($D$5:D26) -> 5190 | G26: =SUM($D$5:D26)-10*SUM($E$5:E26) -> 3440 | H26: {=INDEX($N$5:$N$18,MATCH(MIN(IF($P$5:$P$18>B26,$P$5:$P$18)),$P$5:$P$18,0))} -> 3 | I26: =VLOOKUP(H26,$N$5:$O$18,2,0)/COUNTIF($H$5:$H$74,H26) -> 3 | J26: =IF(H26<>H25,I26,J25+I25) -> 9 | K26: =ROUND(J26,0) -> 9 | N26: 6 | O26: 38 | P26: =VLOOKUP(O26-1,$B:$G,6,0) -> 21640 | Q26: =P26-P25 -> 0 | S26: =AVERAGE($Q$21:Q26) -> 3606.6667
B27: 23 | C27: 50 | D27: =C27+D26 -> 570 | E27: 15 | F27: =SUM($D$5:D27) -> 5760 | G27: =SUM($D$5:D27)-10*SUM($E$5:E27) -> 3860 | H27: {=INDEX($N$5:$N$18,MATCH(MIN(IF($P$5:$P$18>B27,$P$5:$P$18)),$P$5:$P$18,0))} -> 3 | I27: =VLOOKUP(H27,$N$5:$O$18,2,0)/COUNTIF($H$5:$H$74,H27) -> 3 | J27: =IF(H27<>H26,I27,J26+I26) -> 12 | K27: =ROUND(J27,0) -> 12 | N27: 7 | O27: 40 | P27: =VLOOKUP(O27-1,$B:$G,6,0) -> 27680 | Q27: =P27-P26 -> 6040 | S27: =AVERAGE($Q$21:Q27) -> 3954.2857
B28: 24 | C28: 50 | D28: =C28+D27 -> 620 | E28: 15 | F28: =SUM($D$5:D28) -> 6380 | G28: =SUM($D$5:D28)-10*SUM($E$5:E28) -> 4330 | H28: {=INDEX($N$5:$N$18,MATCH(MIN(IF($P$5:$P$18>B28,$P$5:$P$18)),$P$5:$P$18,0))} -> 3 | I28: =VLOOKUP(H28,$N$5:$O$18,2,0)/COUNTIF($H$5:$H$74,H28) -> 3 | J28: =IF(H28<>H27,I28,J27+I27) -> 15 | K28: =ROUND(J28,0) -> 15 | N28: 8 | O28: 41 | P28: =VLOOKUP(O28-1,$B:$G,6,0) -> 31150 | Q28: =P28-P27 -> 3470 | S28: =AVERAGE($Q$21:Q28) -> 3893.75
B29: 25 | C29: 50 | D29: =C29+D28 -> 670 | E29: 15 | F29: =SUM($D$5:D29) -> 7050 | G29: =SUM($D$5:D29)-10*SUM($E$5:E29) -> 4850 | H29: {=INDEX($N$5:$N$18,MATCH(MIN(IF($P$5:$P$18>B29,$P$5:$P$18)),$P$5:$P$18,0))} -> 4 | I29: =VLOOKUP(H29,$N$5:$O$18,2,0)/COUNTIF($H$5:$H$74,H29) -> 3 | J29: =IF(H29<>H28,I29,J28+I28) -> 3 | K29: =ROUND(J29,0) -> 3 | N29: 9 | O29: 42 | P29: =VLOOKUP(O29-1,$B:$G,6,0) -> 34920 | Q29: =P29-P28 -> 3770 | S29: =AVERAGE($Q$21:Q29) -> 3880
B30: 26 | C30: 100 | D30: =C30+D29 -> 770 | E30: 15 | F30: =SUM($D$5:D30) -> 7820 | G30: =SUM($D$5:D30)-10*SUM($E$5:E30) -> 5470 | H30: {=INDEX($N$5:$N$18,MATCH(MIN(IF($P$5:$P$18>B30,$P$5:$P$18)),$P$5:$P$18,0))} -> 4 | I30: =VLOOKUP(H30,$N$5:$O$18,2,0)/COUNTIF($H$5:$H$74,H30) -> 3 | J30: =IF(H30<>H29,I30,J29+I29) -> 6 | K30: =ROUND(J30,0) -> 6 | N30: 10 | O30: 43 | P30: =VLOOKUP(O30-1,$B:$G,6,0) -> 39140 | Q30: =P30-P29 -> 4220 | S30: =AVERAGE($Q$21:Q30) -> 3914
B31: 27 | C31: 100 | D31: =C31+D30 -> 870 | E31: 15 | F31: =SUM($D$5:D31) -> 8690 | G31: =SUM($D$5:D31)-10*SUM($E$5:E31) -> 6190 | H31: {=INDEX($N$5:$N$18,MATCH(MIN(IF($P$5:$P$18>B31,$P$5:$P$18)),$P$5:$P$18,0))} -> 4 | I31: =VLOOKUP(H31,$N$5:$O$18,2,0)/COUNTIF($H$5:$H$74,H31) -> 3 | J31: =IF(H31<>H30,I31,J30+I30) -> 9 | K31: =ROUND(J31,0) -> 9 | N31: 11 | O31: 44 | P31: =VLOOKUP(O31-1,$B:$G,6,0) -> 43860 | Q31: =P31-P30 -> 4720 | S31: =AVERAGE($Q$21:Q31) -> 3987.2727
B32: 28 | C32: 100 | D32: =C32+D31 -> 970 | E32: 15 | F32: =SUM($D$5:D32) -> 9660 | G32: =SUM($D$5:D32)-10*SUM($E$5:E32) -> 7010 | H32: {=INDEX($N$5:$N$18,MATCH(MIN(IF($P$5:$P$18>B32,$P$5:$P$18)),$P$5:$P$18,0))} -> 4 | I32: =VLOOKUP(H32,$N$5:$O$18,2,0)/COUNTIF($H$5:$H$74,H32) -> 3 | J32: =IF(H32<>H31,I32,J31+I31) -> 12 | K32: =ROUND(J32,0) -> 12 | N32: 12 | O32: 45 | P32: =VLOOKUP(O32-1,$B:$G,6,0) -> 49130 | Q32: =P32-P31 -> 5270 | S32: =AVERAGE($Q$21:Q32) -> 4094.1667
B33: 29 | C33: 100 | D33: =C33+D32 -> 1070 | E33: 15 | F33: =SUM($D$5:D33) -> 10730 | G33: =SUM($D$5:D33)-10*SUM($E$5:E33) -> 7930 | H33: {=INDEX($N$5:$N$18,MATCH(MIN(IF($P$5:$P$18>B33,$P$5:$P$18)),$P$5:$P$18,0))} -> 4 | I33: =VLOOKUP(H33,$N$5:$O$18,2,0)/COUNTIF($H$5:$H$74,H33) -> 3 | J33: =IF(H33<>H32,I33,J32+I32) -> 15 | K33: =ROUND(J33,0) -> 15 | N33: 13 | O33: 45 | P33: =VLOOKUP(O33-1,$B:$G,6,0) -> 49130 | Q33: =P33-P32 -> 0 | S33: =AVERAGE($Q$21:Q33) -> 3779.2308
... B39: 35 | C39: 200 | D39: =C39+D38 -> 2170 | E39: 20 | F39: =SUM($D$5:D39) -> 20750 | G39: =SUM($D$5:D39)-10*SUM($E$5:E39) -> 16800 | H39: {=INDEX($N$5:$N$18,MATCH(MIN(IF($P$5:$P$18>B39,$P$5:$P$18)),$P$5:$P$18,0))} -> 6 | I39: =VLOOKUP(H39,$N$5:$O$18,2,0)/COUNTIF($H$5:$H$74,H39) -> 5 | J39: =IF(H39<>H38,I39,J38+I38) -> 10 | K39: =ROUND(J39,0) -> 10 | N39: 19 | O39: 50 | P39: =VLOOKUP(O39-1,$B:$G,6,0) -> 85480 | Q39: =P39-P38 -> 8770 | S39: =AVERAGE($Q$21:Q39) -> 4498.9474
B40: 36 | C40: 300 | D40: =C40+D39 -> 2470 | E40: 20 | F40: =SUM($D$5:D40) -> 23220 | G40: =SUM($D$5:D40)-10*SUM($E$5:E40) -> 19070 | H40: {=INDEX($N$5:$N$18,MATCH(MIN(IF($P$5:$P$18>B40,$P$5:$P$18)),$P$5:$P$18,0))} -> 6 | I40: =VLOOKUP(H40,$N$5:$O$18,2,0)/COUNTIF($H$5:$H$74,H40) -> 5 | J40: =IF(H40<>H39,I40,J39+I39) -> 15 | K40: =ROUND(J40,0) -> 15
B41: 37 | C41: 300 | D41: =C41+D40 -> 2770 | E41: 20 | F41: =SUM($D$5:D41) -> 25990 | G41: =SUM($D$5:D41)-10*SUM($E$5:E41) -> 21640 | H41: {=INDEX($N$5:$N$18,MATCH(MIN(IF($P$5:$P$18>B41,$P$5:$P$18)),$P$5:$P$18,0))} -> 7 | I41: =VLOOKUP(H41,$N$5:$O$18,2,0)/COUNTIF($H$5:$H$74,H41) -> 5 | J41: =IF(H41<>H40,I41,J40+I40) -> 5 | K41: =ROUND(J41,0) -> 5
B42: 38 | C42: 300 | D42: =C42+D41 -> 3070 | E42: 20 | F42: =SUM($D$5:D42) -> 29060 | G42: =SUM($D$5:D42)-10*SUM($E$5:E42) -> 24510 | H42: {=INDEX($N$5:$N$18,MATCH(MIN(IF($P$5:$P$18>B42,$P$5:$P$18)),$P$5:$P$18,0))} -> 7 | I42: =VLOOKUP(H42,$N$5:$O$18,2,0)/COUNTIF($H$5:$H$74,H42) -> 5 | J42: =IF(H42<>H41,I42,J41+I41) -> 10 | K42: =ROUND(J42,0) -> 10 | N42: 天数 | O42: 总经验 | P42: 实际等级
B43: 39 | C43: 300 | D43: =C43+D42 -> 3370 | E43: 20 | F43: =SUM($D$5:D43) -> 32430 | G43: =SUM($D$5:D43)-10*SUM($E$5:E43) -> 27680 | H43: {=INDEX($N$5:$N$18,MATCH(MIN(IF($P$5:$P$18>B43,$P$5:$P$18)),$P$5:$P$18,0))} -> 7 | I43: =VLOOKUP(H43,$N$5:$O$18,2,0)/COUNTIF($H$5:$H$74,H43) -> 5 | J43: =IF(H43<>H42,I43,J42+I42) -> 15 | K43: =ROUND(J43,0) -> 15 | N43: {=_xlfn.SEQUENCE(F3,1,1,1)} -> 1 | O43: =N43*$U$16 -> 4500 | P43: {=INDEX(_xlfn.ANCHORARRAY($B$5),MATCH(O43,$G$5:$G$64,1))+1} -> 25
B44: 40 | C44: 300 | D44: =C44+D43 -> 3670 | E44: 20 | F44: =SUM($D$5:D44) -> 36100 | G44: =SUM($D$5:D44)-10*SUM($E$5:E44) -> 31150 | N44: 2 | O44: =N44*$U$16 -> 9000 | P44: {=INDEX(_xlfn.ANCHORARRAY($B$5),MATCH(O44,$G$5:$G$64,1))+1} -> 31
B45: 41 | C45: 400 | D45: =C45+D44 -> 4070 | E45: 30 | F45: =SUM($D$5:D45) -> 40170 | G45: =SUM($D$5:D45)-10*SUM($E$5:E45) -> 34920 | N45: 3 | O45: =N45*$U$16 -> 13500 | P45: {=INDEX(_xlfn.ANCHORARRAY($B$5),MATCH(O45,$G$5:$G$64,1))+1} -> 34
B46: 42 | C46: 450 | D46: =C46+D45 -> 4520 | E46: 30 | F46: =SUM($D$5:D46) -> 44690 | G46: =SUM($D$5:D46)-10*SUM($E$5:E46) -> 39140 | N46: 4 | O46: =N46*$U$16 -> 18000 | P46: {=INDEX(_xlfn.ANCHORARRAY($B$5),MATCH(O46,$G$5:$G$64,1))+1} -> 36
B47: 43 | C47: 500 | D47: =C47+D46 -> 5020 | E47: 30 | F47: =SUM($D$5:D47) -> 49710 | G47: =SUM($D$5:D47)-10*SUM($E$5:E47) -> 43860 | N47: 5 | O47: =N47*$U$16 -> 22500 | P47: {=INDEX(_xlfn.ANCHORARRAY($B$5),MATCH(O47,$G$5:$G$64,1))+1} -> 38
B48: 44 | C48: 550 | D48: =C48+D47 -> 5570 | E48: 30 | F48: =SUM($D$5:D48) -> 55280 | G48: =SUM($D$5:D48)-10*SUM($E$5:E48) -> 49130 | N48: 6 | O48: =N48*$U$16 -> 27000 | P48: {=INDEX(_xlfn.ANCHORARRAY($B$5),MATCH(O48,$G$5:$G$64,1))+1} -> 39
B49: 45 | C49: 600 | D49: =C49+D48 -> 6170 | E49: 30 | F49: =SUM($D$5:D49) -> 61450 | G49: =SUM($D$5:D49)-10*SUM($E$5:E49) -> 55000 | N49: 7 | O49: =N49*$U$16 -> 31500 | P49: {=INDEX(_xlfn.ANCHORARRAY($B$5),MATCH(O49,$G$5:$G$64,1))+1} -> 41
B50: 46 | C50: 650 | D50: =C50+D49 -> 6820 | E50: 30 | F50: =SUM($D$5:D50) -> 68270 | G50: =SUM($D$5:D50)-10*SUM($E$5:E50) -> 61520 | N50: 8 | O50: =N50*$U$16 -> 36000 | P50: {=INDEX(_xlfn.ANCHORARRAY($B$5),MATCH(O50,$G$5:$G$64,1))+1} -> 42
B51: 47 | C51: 700 | D51: =C51+D50 -> 7520 | E51: 30 | F51: =SUM($D$5:D51) -> 75790 | G51: =SUM($D$5:D51)-10*SUM($E$5:E51) -> 68740 | N51: 9 | O51: =N51*$U$16 -> 40500 | P51: {=INDEX(_xlfn.ANCHORARRAY($B$5),MATCH(O51,$G$5:$G$64,1))+1} -> 43
B52: 48 | C52: 750 | D52: =C52+D51 -> 8270 | E52: 30 | F52: =SUM($D$5:D52) -> 84060 | G52: =SUM($D$5:D52)-10*SUM($E$5:E52) -> 76710 | N52: 10 | O52: =N52*$U$16 -> 45000 | P52: {=INDEX(_xlfn.ANCHORARRAY($B$5),MATCH(O52,$G$5:$G$64,1))+1} -> 44
B53: 49 | C53: 800 | D53: =C53+D52 -> 9070 | E53: 30 | F53: =SUM($D$5:D53) -> 93130 | G53: =SUM($D$5:D53)-10*SUM($E$5:E53) -> 85480 | N53: 11 | O53: =N53*$U$16 -> 49500 | P53: {=INDEX(_xlfn.ANCHORARRAY($B$5),MATCH(O53,$G$5:$G$64,1))+1} -> 45
B54: 50 | C54: 850 | D54: =C54+D53 -> 9920 | E54: 30 | F54: =SUM($D$5:D54) -> 103050 | G54: =SUM($D$5:D54)-10*SUM($E$5:E54) -> 95100 | N54: 12 | O54: =N54*$U$16 -> 54000 | P54: {=INDEX(_xlfn.ANCHORARRAY($B$5),MATCH(O54,$G$5:$G$64,1))+1} -> 45
B55: 51 | C55: 1000 | D55: =C55+D54 -> 10920 | E55: 40 | F55: =SUM($D$5:D55) -> 113970 | G55: =SUM($D$5:D55)-10*SUM($E$5:E55) -> 105620 | N55: 13 | O55: =N55*$U$16 -> 58500 | P55: {=INDEX(_xlfn.ANCHORARRAY($B$5),MATCH(O55,$G$5:$G$64,1))+1} -> 46
... B64: 60 | C64: 5000 | D64: =C64+D63 -> 31420 | E64: 40 | F64: =SUM($D$5:D64) -> 286750 | G64: =SUM($D$5:D64)-10*SUM($E$5:E64) -> 274800 | N64: 22 | O64: =N64*$U$16 -> 99000 | P64: {=INDEX(_xlfn.ANCHORARRAY($B$5),MATCH(O64,$G$5:$G$64,1))+1} -> 51
N65: 23 | O65: =N65*$U$16 -> 103500 | P65: {=INDEX(_xlfn.ANCHORARRAY($B$5),MATCH(O65,$G$5:$G$64,1))+1} -> 51
N66: 24 | O66: =N66*$U$16 -> 108000 | P66: {=INDEX(_xlfn.ANCHORARRAY($B$5),MATCH(O66,$G$5:$G$64,1))+1} -> 52
N67: 25 | O67: =N67*$U$16 -> 112500 | P67: {=INDEX(_xlfn.ANCHORARRAY($B$5),MATCH(O67,$G$5:$G$64,1))+1} -> 52
N68: 26 | O68: =N68*$U$16 -> 117000 | P68: {=INDEX(_xlfn.ANCHORARRAY($B$5),MATCH(O68,$G$5:$G$64,1))+1} -> 52
N69: 27 | O69: =N69*$U$16 -> 121500 | P69: {=INDEX(_xlfn.ANCHORARRAY($B$5),MATCH(O69,$G$5:$G$64,1))+1} -> 53
N70: 28 | O70: =N70*$U$16 -> 126000 | P70: {=INDEX(_xlfn.ANCHORARRAY($B$5),MATCH(O70,$G$5:$G$64,1))+1} -> 53
N71: 29 | O71: =N71*$U$16 -> 130500 | P71: {=INDEX(_xlfn.ANCHORARRAY($B$5),MATCH(O71,$G$5:$G$64,1))+1} -> 54
N72: 30 | O72: =N72*$U$16 -> 135000 | P72: {=INDEX(_xlfn.ANCHORARRAY($B$5),MATCH(O72,$G$5:$G$64,1))+1} -> 54
N73: 31 | O73: =N73*$U$16 -> 139500 | P73: {=INDEX(_xlfn.ANCHORARRAY($B$5),MATCH(O73,$G$5:$G$64,1))+1} -> 54
N74: 32 | O74: =N74*$U$16 -> 144000 | P74: {=INDEX(_xlfn.ANCHORARRAY($B$5),MATCH(O74,$G$5:$G$64,1))+1} -> 54
N75: 33 | O75: =N75*$U$16 -> 148500 | P75: {=INDEX(_xlfn.ANCHORARRAY($B$5),MATCH(O75,$G$5:$G$64,1))+1} -> 55
N76: 34 | O76: =N76*$U$16 -> 153000 | P76: {=INDEX(_xlfn.ANCHORARRAY($B$5),MATCH(O76,$G$5:$G$64,1))+1} -> 55
... N98: 56 | O98: =N98*$U$16 -> 252000 | P98: {=INDEX(_xlfn.ANCHORARRAY($B$5),MATCH(O98,$G$5:$G$64,1))+1} -> 60

Sheet 玩家等级对应关卡（从新手节奏复制）
D1: 等级上限 | E1: ='主角等级（从新手引导复制） '!D2 -> 60
D2: 满级怪物等级 | E2: 320 | F2: 主线最高怪物 | H2: =MAX(F5:F43) -> 248
D3: 主线关卡最后等级 | E3: 40
C4: 对应主线章节 | D4: 对应主线关卡 | E4: 等级 | H4: 怪物等级
C5: 0 | D5: 1 | E5: {=_xlfn.SEQUENCE(E1,1,1,1)} -> 1 | F5: {=_xlfn.XLOOKUP(C5&D5,玩家战力曲线!$C$12:$C$116&玩家战力曲线!$D$12:$D$116,玩家战力曲线!$AO$12:$AO$116)} -> 5 | G5: =_xlfn.IFNA(F5,1/($E$1-$E$3)*($E$2-$H$2)+G4) -> 5 | H5: =ROUND(G5,0) -> 5
C6: 0 | D6: 2 | E6: 2 | F6: {=_xlfn.XLOOKUP(C6&D6,玩家战力曲线!$C$12:$C$116&玩家战力曲线!$D$12:$D$116,玩家战力曲线!$AO$12:$AO$116)} -> 6 | G6: =_xlfn.IFNA(F6,1/($E$1-$E$3)*($E$2-$H$2)+G5) -> 6 | H6: =ROUND(G6,0) -> 6
C7: 0 | D7: 3 | E7: 3 | F7: {=_xlfn.XLOOKUP(C7&D7,玩家战力曲线!$C$12:$C$116&玩家战力曲线!$D$12:$D$116,玩家战力曲线!$AO$12:$AO$116)} -> 6 | G7: =_xlfn.IFNA(F7,1/($E$1-$E$3)*($E$2-$H$2)+G6) -> 6 | H7: =ROUND(G7,0) -> 6
C8: 0 | D8: 4 | E8: 4 | F8: {=_xlfn.XLOOKUP(C8&D8,玩家战力曲线!$C$12:$C$116&玩家战力曲线!$D$12:$D$116,玩家战力曲线!$AO$12:$AO$116)} -> 10 | G8: =_xlfn.IFNA(F8,1/($E$1-$E$3)*($E$2-$H$2)+G7) -> 10 | H8: =ROUND(G8,0) -> 10
C9: 0 | D9: 5 | E9: 5 | F9: {=_xlfn.XLOOKUP(C9&D9,玩家战力曲线!$C$12:$C$116&玩家战力曲线!$D$12:$D$116,玩家战力曲线!$AO$12:$AO$116)} -> 12 | G9: =_xlfn.IFNA(F9,1/($E$1-$E$3)*($E$2-$H$2)+G8) -> 12 | H9: =ROUND(G9,0) -> 12
C10: 1 | D10: 1 | E10: 6 | F10: {=_xlfn.XLOOKUP(C10&D10,玩家战力曲线!$C$12:$C$116&玩家战力曲线!$D$12:$D$116,玩家战力曲线!$AO$12:$AO$116)} -> 13 | G10: =_xlfn.IFNA(F10,1/($E$1-$E$3)*($E$2-$H$2)+G9) -> 13 | H10: =ROUND(G10,0) -> 13
C11: 1 | D11: 3 | E11: 7 | F11: {=_xlfn.XLOOKUP(C11&D11,玩家战力曲线!$C$12:$C$116&玩家战力曲线!$D$12:$D$116,玩家战力曲线!$AO$12:$AO$116)} -> 19 | G11: =_xlfn.IFNA(F11,1/($E$1-$E$3)*($E$2-$H$2)+G10) -> 19 | H11: =ROUND(G11,0) -> 19
C12: 1 | D12: 4 | E12: 8 | F12: {=_xlfn.XLOOKUP(C12&D12,玩家战力曲线!$C$12:$C$116&玩家战力曲线!$D$12:$D$116,玩家战力曲线!$AO$12:$AO$116)} -> 21 | G12: =_xlfn.IFNA(F12,1/($E$1-$E$3)*($E$2-$H$2)+G11) -> 21 | H12: =ROUND(G12,0) -> 21
C13: 1 | D13: 5 | E13: 9 | F13: {=_xlfn.XLOOKUP(C13&D13,玩家战力曲线!$C$12:$C$116&玩家战力曲线!$D$12:$D$116,玩家战力曲线!$AO$12:$AO$116)} -> 24 | G13: =_xlfn.IFNA(F13,1/($E$1-$E$3)*($E$2-$H$2)+G12) -> 24 | H13: =ROUND(G13,0) -> 24
C14: 1 | D14: 6 | E14: 10 | F14: {=_xlfn.XLOOKUP(C14&D14,玩家战力曲线!$C$12:$C$116&玩家战力曲线!$D$12:$D$116,玩家战力曲线!$AO$12:$AO$116)} -> 26 | G14: =_xlfn.IFNA(F14,1/($E$1-$E$3)*($E$2-$H$2)+G13) -> 26 | H14: =ROUND(G14,0) -> 26
C15: 1 | D15: 8 | E15: 11 | F15: {=_xlfn.XLOOKUP(C15&D15,玩家战力曲线!$C$12:$C$116&玩家战力曲线!$D$12:$D$116,玩家战力曲线!$AO$12:$AO$116)} -> 29 | G15: =_xlfn.IFNA(F15,1/($E$1-$E$3)*($E$2-$H$2)+G14) -> 29 | H15: =ROUND(G15,0) -> 29
C16: 1 | D16: 9 | E16: 12 | F16: {=_xlfn.XLOOKUP(C16&D16,玩家战力曲线!$C$12:$C$116&玩家战力曲线!$D$12:$D$116,玩家战力曲线!$AO$12:$AO$116)} -> 30 | G16: =_xlfn.IFNA(F16,1/($E$1-$E$3)*($E$2-$H$2)+G15) -> 30 | H16: =ROUND(G16,0) -> 30
C17: 1 | D17: 10 | E17: 13 | F17: {=_xlfn.XLOOKUP(C17&D17,玩家战力曲线!$C$12:$C$116&玩家战力曲线!$D$12:$D$116,玩家战力曲线!$AO$12:$AO$116)} -> 32 | G17: =_xlfn.IFNA(F17,1/($E$1-$E$3)*($E$2-$H$2)+G16) -> 32 | H17: =ROUND(G17,0) -> 32
... C33: 4 | D33: 15 | E33: 29 | F33: {=_xlfn.XLOOKUP(C33&D33,玩家战力曲线!$C$12:$C$116&玩家战力曲线!$D$12:$D$116,玩家战力曲线!$AO$12:$AO$116)} -> 167 | G33: =_xlfn.IFNA(F33,1/($E$1-$E$3)*($E$2-$H$2)+G32) -> 167 | H33: =ROUND(G33,0) -> 167
C34: 5 | D34: 4 | E34: 30 | F34: {=_xlfn.XLOOKUP(C34&D34,玩家战力曲线!$C$12:$C$116&玩家战力曲线!$D$12:$D$116,玩家战力曲线!$AO$12:$AO$116)} -> 178 | G34: =_xlfn.IFNA(F34,1/($E$1-$E$3)*($E$2-$H$2)+G33) -> 178 | H34: =ROUND(G34,0) -> 178 | J34: 1 | K34: 60
C35: 5 | D35: 8 | E35: 31 | F35: {=_xlfn.XLOOKUP(C35&D35,玩家战力曲线!$C$12:$C$116&玩家战力曲线!$D$12:$D$116,玩家战力曲线!$AO$12:$AO$116)} -> 188 | G35: =_xlfn.IFNA(F35,1/($E$1-$E$3)*($E$2-$H$2)+G34) -> 188 | H35: =ROUND(G35,0) -> 188 | J35: 2 | K35: 90
C36: 5 | D36: 11 | E36: 32 | F36: {=_xlfn.XLOOKUP(C36&D36,玩家战力曲线!$C$12:$C$116&玩家战力曲线!$D$12:$D$116,玩家战力曲线!$AO$12:$AO$116)} -> 194 | G36: =_xlfn.IFNA(F36,1/($E$1-$E$3)*($E$2-$H$2)+G35) -> 194 | H36: =ROUND(G36,0) -> 194 | J36: 3 | K36: 120
C37: 5 | D37: 15 | E37: 33 | F37: {=_xlfn.XLOOKUP(C37&D37,玩家战力曲线!$C$12:$C$116&玩家战力曲线!$D$12:$D$116,玩家战力曲线!$AO$12:$AO$116)} -> 203 | G37: =_xlfn.IFNA(F37,1/($E$1-$E$3)*($E$2-$H$2)+G36) -> 203 | H37: =ROUND(G37,0) -> 203 | J37: 4 | K37: 150 | L37: =K43-K36 -> 210
C38: 6 | D38: 5 | E38: 34 | F38: {=_xlfn.XLOOKUP(C38&D38,玩家战力曲线!$C$12:$C$116&玩家战力曲线!$D$12:$D$116,玩家战力曲线!$AO$12:$AO$116)} -> 212 | G38: =_xlfn.IFNA(F38,1/($E$1-$E$3)*($E$2-$H$2)+G37) -> 212 | H38: =ROUND(G38,0) -> 212 | J38: 5 | K38: 180
C39: 6 | D39: 10 | E39: 35 | F39: {=_xlfn.XLOOKUP(C39&D39,玩家战力曲线!$C$12:$C$116&玩家战力曲线!$D$12:$D$116,玩家战力曲线!$AO$12:$AO$116)} -> 220 | G39: =_xlfn.IFNA(F39,1/($E$1-$E$3)*($E$2-$H$2)+G38) -> 220 | H39: =ROUND(G39,0) -> 220 | J39: 6 | K39: 210
C40: 6 | D40: 15 | E40: 36 | F40: {=_xlfn.XLOOKUP(C40&D40,玩家战力曲线!$C$12:$C$116&玩家战力曲线!$D$12:$D$116,玩家战力曲线!$AO$12:$AO$116)} -> 228 | G40: =_xlfn.IFNA(F40,1/($E$1-$E$3)*($E$2-$H$2)+G39) -> 228 | H40: =ROUND(G40,0) -> 228 | J40: 7 | K40: 240
C41: 7 | D41: 5 | E41: 37 | F41: {=_xlfn.XLOOKUP(C41&D41,玩家战力曲线!$C$12:$C$116&玩家战力曲线!$D$12:$D$116,玩家战力曲线!$AO$12:$AO$116)} -> 235 | G41: =_xlfn.IFNA(F41,1/($E$1-$E$3)*($E$2-$H$2)+G40) -> 235 | H41: =ROUND(G41,0) -> 235 | J41: 8 | K41: 270
C42: 7 | D42: 10 | E42: 38 | F42: {=_xlfn.XLOOKUP(C42&D42,玩家战力曲线!$C$12:$C$116&玩家战力曲线!$D$12:$D$116,玩家战力曲线!$AO$12:$AO$116)} -> 242 | G42: =_xlfn.IFNA(F42,1/($E$1-$E$3)*($E$2-$H$2)+G41) -> 242 | H42: =ROUND(G42,0) -> 242 | J42: 9 | K42: 300
C43: 7 | D43: 15 | E43: 39 | F43: {=_xlfn.XLOOKUP(C43&D43,玩家战力曲线!$C$12:$C$116&玩家战力曲线!$D$12:$D$116,玩家战力曲线!$AO$12:$AO$116)} -> 248 | G43: =_xlfn.IFNA(F43,1/($E$1-$E$3)*($E$2-$H$2)+G42) -> 248 | H43: =ROUND(G43,0) -> 248 | J43: 10 | K43: 330
E44: 40 | F44: {=_xlfn.XLOOKUP(C44&D44,玩家战力曲线!$C$12:$C$116&玩家战力曲线!$D$12:$D$116,玩家战力曲线!$AO$12:$AO$116)} -> #N/A | G44: =_xlfn.IFNA(F44,1/($E$1-$E$3)*($E$2-$H$2)+G43) -> 251.6 | H44: =ROUND(G44,0) -> 252
E45: 41 | F45: {=_xlfn.XLOOKUP(C45&D45,玩家战力曲线!$C$12:$C$116&玩家战力曲线!$D$12:$D$116,玩家战力曲线!$AO$12:$AO$116)} -> #N/A | G45: =_xlfn.IFNA(F45,1/($E$1-$E$3)*($E$2-$H$2)+G44) -> 255.2 | H45: =ROUND(G45,0) -> 255
E46: 42 | F46: {=_xlfn.XLOOKUP(C46&D46,玩家战力曲线!$C$12:$C$116&玩家战力曲线!$D$12:$D$116,玩家战力曲线!$AO$12:$AO$116)} -> #N/A | G46: =_xlfn.IFNA(F46,1/($E$1-$E$3)*($E$2-$H$2)+G45) -> 258.8 | H46: =ROUND(G46,0) -> 259
E47: 43 | F47: {=_xlfn.XLOOKUP(C47&D47,玩家战力曲线!$C$12:$C$116&玩家战力曲线!$D$12:$D$116,玩家战力曲线!$AO$12:$AO$116)} -> #N/A | G47: =_xlfn.IFNA(F47,1/($E$1-$E$3)*($E$2-$H$2)+G46) -> 262.4 | H47: =ROUND(G47,0) -> 262
E48: 44 | F48: {=_xlfn.XLOOKUP(C48&D48,玩家战力曲线!$C$12:$C$116&玩家战力曲线!$D$12:$D$116,玩家战力曲线!$AO$12:$AO$116)} -> #N/A | G48: =_xlfn.IFNA(F48,1/($E$1-$E$3)*($E$2-$H$2)+G47) -> 266 | H48: =ROUND(G48,0) -> 266
E49: 45 | F49: {=_xlfn.XLOOKUP(C49&D49,玩家战力曲线!$C$12:$C$116&玩家战力曲线!$D$12:$D$116,玩家战力曲线!$AO$12:$AO$116)} -> #N/A | G49: =_xlfn.IFNA(F49,1/($E$1-$E$3)*($E$2-$H$2)+G48) -> 269.6 | H49: =ROUND(G49,0) -> 270
E50: 46 | F50: {=_xlfn.XLOOKUP(C50&D50,玩家战力曲线!$C$12:$C$116&玩家战力曲线!$D$12:$D$116,玩家战力曲线!$AO$12:$AO$116)} -> #N/A | G50: =_xlfn.IFNA(F50,1/($E$1-$E$3)*($E$2-$H$2)+G49) -> 273.2 | H50: =ROUND(G50,0) -> 273
E51: 47 | F51: {=_xlfn.XLOOKUP(C51&D51,玩家战力曲线!$C$12:$C$116&玩家战力曲线!$D$12:$D$116,玩家战力曲线!$AO$12:$AO$116)} -> #N/A | G51: =_xlfn.IFNA(F51,1/($E$1-$E$3)*($E$2-$H$2)+G50) -> 276.8 | H51: =ROUND(G51,0) -> 277
E52: 48 | F52: {=_xlfn.XLOOKUP(C52&D52,玩家战力曲线!$C$12:$C$116&玩家战力曲线!$D$12:$D$116,玩家战力曲线!$AO$12:$AO$116)} -> #N/A | G52: =_xlfn.IFNA(F52,1/($E$1-$E$3)*($E$2-$H$2)+G51) -> 280.4 | H52: =ROUND(G52,0) -> 280
E53: 49 | F53: {=_xlfn.XLOOKUP(C53&D53,玩家战力曲线!$C$12:$C$116&玩家战力曲线!$D$12:$D$116,玩家战力曲线!$AO$12:$AO$116)} -> #N/A | G53: =_xlfn.IFNA(F53,1/($E$1-$E$3)*($E$2-$H$2)+G52) -> 284 | H53: =ROUND(G53,0) -> 284
E54: 50 | F54: {=_xlfn.XLOOKUP(C54&D54,玩家战力曲线!$C$12:$C$116&玩家战力曲线!$D$12:$D$116,玩家战力曲线!$AO$12:$AO$116)} -> #N/A | G54: =_xlfn.IFNA(F54,1/($E$1-$E$3)*($E$2-$H$2)+G53) -> 287.6 | H54: =ROUND(G54,0) -> 288
E55: 51 | F55: {=_xlfn.XLOOKUP(C55&D55,玩家战力曲线!$C$12:$C$116&玩家战力曲线!$D$12:$D$116,玩家战力曲线!$AO$12:$AO$116)} -> #N/A | G55: =_xlfn.IFNA(F55,1/($E$1-$E$3)*($E$2-$H$2)+G54) -> 291.2 | H55: =ROUND(G55,0) -> 291
... E64: 60 | F64: {=_xlfn.XLOOKUP(C64&D64,玩家战力曲线!$C$12:$C$116&玩家战力曲线!$D$12:$D$116,玩家战力曲线!$AO$12:$AO$116)} -> #N/A | G64: =_xlfn.IFNA(F64,1/($E$1-$E$3)*($E$2-$H$2)+G63) -> 323.6 | H64: =ROUND(G64,0) -> 324

Sheet 爬塔难度线
C2: 层数类型 | D2: 层数 | E2: 系数
B3: 小层 | C3: 0 | D3: 8 | E3: 0.05
B4: 中层 | C4: 1 | D4: 1 | E4: 0.2
B5: 大层 | C5: 2 | D5: 1 | E5: 0.4
E6: {=SUMPRODUCT(D3:D5,E3:E5)} -> 1
B13: 层数 | C13: 100
F14: 层数预计
B15: 难度概述： | E15: 第一天层数 | F15: 18
B16: 保底层数 | C16: 60 | F16: =C16 -> 60
B17: 开启天数 | C17: 1 | F17: 0.85
B18: 预计打满天数 | C18: 60
B19: 预计打到保底天数 | C19: 9 | E19: 天数 | F19: 层数预计 | G19: 层数预计 | H19: 玩家等级 | K19: 层数类型 | L19: 层数 | V19: 怪物等级
B20: 初始怪物等级 | C20: 20 | E20: {=_xlfn.SEQUENCE(C18,1,1,1)} -> 1 | F20: =IF(E20>$C$19,(E20-$C$19)/($C$18-$C$19)*($C$13-$C$16)+$C$16,$F$15+($F$16-$F$15)*(POWER($F$17,$E20-1)-1)/(POWER($F$17,$C$19-1)-1)) -> 18 | G20: =ROUND(F20,0) -> 18 | H20: =_xlfn.IFNA(VLOOKUP(E20,'主角等级（从新手引导复制） '!$N$43:$P$98,3,0),H19) -> 25 | K20: 0 | L20: {=_xlfn.SEQUENCE(C13,1,1,1)} -> 1 | M20: =_xlfn.XLOOKUP(L20,$G$20:$G$79,$G$20:$G$79,,1) -> 18 | N20: =VLOOKUP(M20,$G$20:$H$79,2,0) -> 25 | O20: =COUNTIF($N$20:$N$119,N20) -> 18 | P20: {=INDEX('玩家等级对应关卡（从新手节奏复制）'!$H$5:$H$64,MATCH(N20,_xlfn.ANCHORARRAY('玩家等级对应关卡（从新手节奏复制）'!$E$5)))} -> 129 | Q20: =P20 -> 129 | R20: =Q20/O20 -> 7.1666667 | S20: =VLOOKUP(K20,$C$3:$E$5,3,0) -> 0.05 | T20: =SUM(R20:R29)-C21 -> 61.666667 | U20: =T20*S20 -> 3.0833333 | V20: =$C$20 -> 20
B21: 前10层等级减少 | C21: 10 | E21: 2 | F21: =IF(E21>$C$19,(E21-$C$19)/($C$18-$C$19)*($C$13-$C$16)+$C$16,$F$15+($F$16-$F$15)*(POWER($F$17,$E21-1)-1)/(POWER($F$17,$C$19-1)-1)) -> 26.659681 | G21: =ROUND(F21,0) -> 27 | H21: =_xlfn.IFNA(VLOOKUP(E21,'主角等级（从新手引导复制） '!$N$43:$P$98,3,0),H20) -> 31 | K21: 0 | L21: 2 | M21: =_xlfn.XLOOKUP(L21,$G$20:$G$79,$G$20:$G$79,,1) -> 18 | N21: =VLOOKUP(M21,$G$20:$H$79,2,0) -> 25 | O21: =COUNTIF($N$20:$N$119,N21) -> 18 | P21: {=INDEX('玩家等级对应关卡（从新手节奏复制）'!$H$5:$H$64,MATCH(N21,_xlfn.ANCHORARRAY('玩家等级对应关卡（从新手节奏复制）'!$E$5)))} -> 129 | Q21: =IF(P21<>P20,P21-P20,Q20) -> 129 | R21: =Q21/O21 -> 7.1666667 | S21: =VLOOKUP(K21,$C$3:$E$5,3,0) -> 0.05 | T21: =T20 -> 61.666667 | U21: =T21*S21 -> 3.0833333 | V21: =ROUND(V20+U21,0) -> 23
B22: 前20层等级减少 | C22: =C20-C21 -> 10 | E22: 3 | F22: =IF(E22>$C$19,(E22-$C$19)/($C$18-$C$19)*($C$13-$C$16)+$C$16,$F$15+($F$16-$F$15)*(POWER($F$17,$E22-1)-1)/(POWER($F$17,$C$19-1)-1)) -> 34.02041 | G22: =ROUND(F22,0) -> 34 | H22: =_xlfn.IFNA(VLOOKUP(E22,'主角等级（从新手引导复制） '!$N$43:$P$98,3,0),H21) -> 34 | K22: 0 | L22: 3 | M22: =_xlfn.XLOOKUP(L22,$G$20:$G$79,$G$20:$G$79,,1) -> 18 | N22: =VLOOKUP(M22,$G$20:$H$79,2,0) -> 25 | O22: =COUNTIF($N$20:$N$119,N22) -> 18 | P22: {=INDEX('玩家等级对应关卡（从新手节奏复制）'!$H$5:$H$64,MATCH(N22,_xlfn.ANCHORARRAY('玩家等级对应关卡（从新手节奏复制）'!$E$5)))} -> 129 | Q22: =IF(P22<>P21,P22-P21,Q21) -> 129 | R22: =Q22/O22 -> 7.1666667 | S22: =VLOOKUP(K22,$C$3:$E$5,3,0) -> 0.05 | T22: =T21 -> 61.666667 | U22: =T22*S22 -> 3.0833333 | V22: =ROUND(V21+U22,0) -> 26
E23: 4 | F23: =IF(E23>$C$19,(E23-$C$19)/($C$18-$C$19)*($C$13-$C$16)+$C$16,$F$15+($F$16-$F$15)*(POWER($F$17,$E23-1)-1)/(POWER($F$17,$C$19-1)-1)) -> 40.277029 | G23: =ROUND(F23,0) -> 40 | H23: =_xlfn.IFNA(VLOOKUP(E23,'主角等级（从新手引导复制） '!$N$43:$P$98,3,0),H22) -> 36 | K23: 0 | L23: 4 | M23: =_xlfn.XLOOKUP(L23,$G$20:$G$79,$G$20:$G$79,,1) -> 18 | N23: =VLOOKUP(M23,$G$20:$H$79,2,0) -> 25 | O23: =COUNTIF($N$20:$N$119,N23) -> 18 | P23: {=INDEX('玩家等级对应关卡（从新手节奏复制）'!$H$5:$H$64,MATCH(N23,_xlfn.ANCHORARRAY('玩家等级对应关卡（从新手节奏复制）'!$E$5)))} -> 129 | Q23: =IF(P23<>P22,P23-P22,Q22) -> 129 | R23: =Q23/O23 -> 7.1666667 | S23: =VLOOKUP(K23,$C$3:$E$5,3,0) -> 0.05 | T23: =T22 -> 61.666667 | U23: =T23*S23 -> 3.0833333 | V23: =ROUND(V22+U23,0) -> 29
E24: 5 | F24: =IF(E24>$C$19,(E24-$C$19)/($C$18-$C$19)*($C$13-$C$16)+$C$16,$F$15+($F$16-$F$15)*(POWER($F$17,$E24-1)-1)/(POWER($F$17,$C$19-1)-1)) -> 45.595156 | G24: =ROUND(F24,0) -> 46 | H24: =_xlfn.IFNA(VLOOKUP(E24,'主角等级（从新手引导复制） '!$N$43:$P$98,3,0),H23) -> 38 | K24: 1 | L24: 5 | M24: =_xlfn.XLOOKUP(L24,$G$20:$G$79,$G$20:$G$79,,1) -> 18 | N24: =VLOOKUP(M24,$G$20:$H$79,2,0) -> 25 | O24: =COUNTIF($N$20:$N$119,N24) -> 18 | P24: {=INDEX('玩家等级对应关卡（从新手节奏复制）'!$H$5:$H$64,MATCH(N24,_xlfn.ANCHORARRAY('玩家等级对应关卡（从新手节奏复制）'!$E$5)))} -> 129 | Q24: =IF(P24<>P23,P24-P23,Q23) -> 129 | R24: =Q24/O24 -> 7.1666667 | S24: =VLOOKUP(K24,$C$3:$E$5,3,0) -> 0.2 | T24: =T23 -> 61.666667 | U24: =T24*S24 -> 12.333333 | V24: =ROUND(V23+U24,0) -> 41
E25: 6 | F25: =IF(E25>$C$19,(E25-$C$19)/($C$18-$C$19)*($C$13-$C$16)+$C$16,$F$15+($F$16-$F$15)*(POWER($F$17,$E25-1)-1)/(POWER($F$17,$C$19-1)-1)) -> 50.115564 | G25: =ROUND(F25,0) -> 50 | H25: =_xlfn.IFNA(VLOOKUP(E25,'主角等级（从新手引导复制） '!$N$43:$P$98,3,0),H24) -> 39 | K25: 0 | L25: 6 | M25: =_xlfn.XLOOKUP(L25,$G$20:$G$79,$G$20:$G$79,,1) -> 18 | N25: =VLOOKUP(M25,$G$20:$H$79,2,0) -> 25 | O25: =COUNTIF($N$20:$N$119,N25) -> 18 | P25: {=INDEX('玩家等级对应关卡（从新手节奏复制）'!$H$5:$H$64,MATCH(N25,_xlfn.ANCHORARRAY('玩家等级对应关卡（从新手节奏复制）'!$E$5)))} -> 129 | Q25: =IF(P25<>P24,P25-P24,Q24) -> 129 | R25: =Q25/O25 -> 7.1666667 | S25: =VLOOKUP(K25,$C$3:$E$5,3,0) -> 0.05 | T25: =T24 -> 61.666667 | U25: =T25*S25 -> 3.0833333 | V25: =ROUND(V24+U25,0) -> 44
E26: 7 | F26: =IF(E26>$C$19,(E26-$C$19)/($C$18-$C$19)*($C$13-$C$16)+$C$16,$F$15+($F$16-$F$15)*(POWER($F$17,$E26-1)-1)/(POWER($F$17,$C$19-1)-1)) -> 53.95791 | G26: =ROUND(F26,0) -> 54 | H26: =_xlfn.IFNA(VLOOKUP(E26,'主角等级（从新手引导复制） '!$N$43:$P$98,3,0),H25) -> 41 | K26: 0 | L26: 7 | M26: =_xlfn.XLOOKUP(L26,$G$20:$G$79,$G$20:$G$79,,1) -> 18 | N26: =VLOOKUP(M26,$G$20:$H$79,2,0) -> 25 | O26: =COUNTIF($N$20:$N$119,N26) -> 18 | P26: {=INDEX('玩家等级对应关卡（从新手节奏复制）'!$H$5:$H$64,MATCH(N26,_xlfn.ANCHORARRAY('玩家等级对应关卡（从新手节奏复制）'!$E$5)))} -> 129 | Q26: =IF(P26<>P25,P26-P25,Q25) -> 129 | R26: =Q26/O26 -> 7.1666667 | S26: =VLOOKUP(K26,$C$3:$E$5,3,0) -> 0.05 | T26: =T25 -> 61.666667 | U26: =T26*S26 -> 3.0833333 | V26: =ROUND(V25+U26,0) -> 47
E27: 8 | F27: =IF(E27>$C$19,(E27-$C$19)/($C$18-$C$19)*($C$13-$C$16)+$C$16,$F$15+($F$16-$F$15)*(POWER($F$17,$E27-1)-1)/(POWER($F$17,$C$19-1)-1)) -> 57.223905 | G27: =ROUND(F27,0) -> 57 | H27: =_xlfn.IFNA(VLOOKUP(E27,'主角等级（从新手引导复制） '!$N$43:$P$98,3,0),H26) -> 42 | K27: 0 | L27: 8 | M27: =_xlfn.XLOOKUP(L27,$G$20:$G$79,$G$20:$G$79,,1) -> 18 | N27: =VLOOKUP(M27,$G$20:$H$79,2,0) -> 25 | O27: =COUNTIF($N$20:$N$119,N27) -> 18 | P27: {=INDEX('玩家等级对应关卡（从新手节奏复制）'!$H$5:$H$64,MATCH(N27,_xlfn.ANCHORARRAY('玩家等级对应关卡（从新手节奏复制）'!$E$5)))} -> 129 | Q27: =IF(P27<>P26,P27-P26,Q26) -> 129 | R27: =Q27/O27 -> 7.1666667 | S27: =VLOOKUP(K27,$C$3:$E$5,3,0) -> 0.05 | T27: =T26 -> 61.666667 | U27: =T27*S27 -> 3.0833333 | V27: =ROUND(V26+U27,0) -> 50
E28: 9 | F28: =IF(E28>$C$19,(E28-$C$19)/($C$18-$C$19)*($C$13-$C$16)+$C$16,$F$15+($F$16-$F$15)*(POWER($F$17,$E28-1)-1)/(POWER($F$17,$C$19-1)-1)) -> 60 | G28: =ROUND(F28,0) -> 60 | H28: =_xlfn.IFNA(VLOOKUP(E28,'主角等级（从新手引导复制） '!$N$43:$P$98,3,0),H27) -> 43 | K28: 0 | L28: 9 | M28: =_xlfn.XLOOKUP(L28,$G$20:$G$79,$G$20:$G$79,,1) -> 18 | N28: =VLOOKUP(M28,$G$20:$H$79,2,0) -> 25 | O28: =COUNTIF($N$20:$N$119,N28) -> 18 | P28: {=INDEX('玩家等级对应关卡（从新手节奏复制）'!$H$5:$H$64,MATCH(N28,_xlfn.ANCHORARRAY('玩家等级对应关卡（从新手节奏复制）'!$E$5)))} -> 129 | Q28: =IF(P28<>P27,P28-P27,Q27) -> 129 | R28: =Q28/O28 -> 7.1666667 | S28: =VLOOKUP(K28,$C$3:$E$5,3,0) -> 0.05 | T28: =T27 -> 61.666667 | U28: =T28*S28 -> 3.0833333 | V28: =ROUND(V27+U28,0) -> 53
E29: 10 | F29: =IF(E29>$C$19,(E29-$C$19)/($C$18-$C$19)*($C$13-$C$16)+$C$16,$F$15+($F$16-$F$15)*(POWER($F$17,$E29-1)-1)/(POWER($F$17,$C$19-1)-1)) -> 60.784314 | G29: =ROUND(F29,0) -> 61 | H29: =_xlfn.IFNA(VLOOKUP(E29,'主角等级（从新手引导复制） '!$N$43:$P$98,3,0),H28) -> 44 | K29: 2 | L29: 10 | M29: =_xlfn.XLOOKUP(L29,$G$20:$G$79,$G$20:$G$79,,1) -> 18 | N29: =VLOOKUP(M29,$G$20:$H$79,2,0) -> 25 | O29: =COUNTIF($N$20:$N$119,N29) -> 18 | P29: {=INDEX('玩家等级对应关卡（从新手节奏复制）'!$H$5:$H$64,MATCH(N29,_xlfn.ANCHORARRAY('玩家等级对应关卡（从新手节奏复制）'!$E$5)))} -> 129 | Q29: =IF(P29<>P28,P29-P28,Q28) -> 129 | R29: =Q29/O29 -> 7.1666667 | S29: =VLOOKUP(K29,$C$3:$E$5,3,0) -> 0.4 | T29: =T28 -> 61.666667 | U29: =T29*S29 -> 24.666667 | V29: =ROUND(V28+U29,0) -> 78
E30: 11 | F30: =IF(E30>$C$19,(E30-$C$19)/($C$18-$C$19)*($C$13-$C$16)+$C$16,$F$15+($F$16-$F$15)*(POWER($F$17,$E30-1)-1)/(POWER($F$17,$C$19-1)-1)) -> 61.568627 | G30: =ROUND(F30,0) -> 62 | H30: =_xlfn.IFNA(VLOOKUP(E30,'主角等级（从新手引导复制） '!$N$43:$P$98,3,0),H29) -> 45 | K30: 0 | L30: 11 | M30: =_xlfn.XLOOKUP(L30,$G$20:$G$79,$G$20:$G$79,,1) -> 18 | N30: =VLOOKUP(M30,$G$20:$H$79,2,0) -> 25 | O30: =COUNTIF($N$20:$N$119,N30) -> 18 | P30: {=INDEX('玩家等级对应关卡（从新手节奏复制）'!$H$5:$H$64,MATCH(N30,_xlfn.ANCHORARRAY('玩家等级对应关卡（从新手节奏复制）'!$E$5)))} -> 129 | Q30: =IF(P30<>P29,P30-P29,Q29) -> 129 | R30: =Q30/O30 -> 7.1666667 | S30: =VLOOKUP(K30,$C$3:$E$5,3,0) -> 0.05 | T30: =SUM(R30:R39)-C22 -> 60.444444 | U30: =T30*S30 -> 3.0222222 | V30: =ROUND(V29+U30,0) -> 81
E31: 12 | F31: =IF(E31>$C$19,(E31-$C$19)/($C$18-$C$19)*($C$13-$C$16)+$C$16,$F$15+($F$16-$F$15)*(POWER($F$17,$E31-1)-1)/(POWER($F$17,$C$19-1)-1)) -> 62.352941 | G31: =ROUND(F31,0) -> 62 | H31: =_xlfn.IFNA(VLOOKUP(E31,'主角等级（从新手引导复制） '!$N$43:$P$98,3,0),H30) -> 45 | K31: 0 | L31: 12 | M31: =_xlfn.XLOOKUP(L31,$G$20:$G$79,$G$20:$G$79,,1) -> 18 | N31: =VLOOKUP(M31,$G$20:$H$79,2,0) -> 25 | O31: =COUNTIF($N$20:$N$119,N31) -> 18 | P31: {=INDEX('玩家等级对应关卡（从新手节奏复制）'!$H$5:$H$64,MATCH(N31,_xlfn.ANCHORARRAY('玩家等级对应关卡（从新手节奏复制）'!$E$5)))} -> 129 | Q31: =IF(P31<>P30,P31-P30,Q30) -> 129 | R31: =Q31/O31 -> 7.1666667 | S31: =VLOOKUP(K31,$C$3:$E$5,3,0) -> 0.05 | T31: =T30 -> 60.444444 | U31: =T31*S31 -> 3.0222222 | V31: =ROUND(V30+U31,0) -> 84
E32: 13 | F32: =IF(E32>$C$19,(E32-$C$19)/($C$18-$C$19)*($C$13-$C$16)+$C$16,$F$15+($F$16-$F$15)*(POWER($F$17,$E32-1)-1)/(POWER($F$17,$C$19-1)-1)) -> 63.137255 | G32: =ROUND(F32,0) -> 63 | H32: =_xlfn.IFNA(VLOOKUP(E32,'主角等级（从新手引导复制） '!$N$43:$P$98,3,0),H31) -> 46 | K32: 0 | L32: 13 | M32: =_xlfn.XLOOKUP(L32,$G$20:$G$79,$G$20:$G$79,,1) -> 18 | N32: =VLOOKUP(M32,$G$20:$H$79,2,0) -> 25 | O32: =COUNTIF($N$20:$N$119,N32) -> 18 | P32: {=INDEX('玩家等级对应关卡（从新手节奏复制）'!$H$5:$H$64,MATCH(N32,_xlfn.ANCHORARRAY('玩家等级对应关卡（从新手节奏复制）'!$E$5)))} -> 129 | Q32: =IF(P32<>P31,P32-P31,Q31) -> 129 | R32: =Q32/O32 -> 7.1666667 | S32: =VLOOKUP(K32,$C$3:$E$5,3,0) -> 0.05 | T32: =T31 -> 60.444444 | U32: =T32*S32 -> 3.0222222 | V32: =ROUND(V31+U32,0) -> 87
E33: 14 | F33: =IF(E33>$C$19,(E33-$C$19)/($C$18-$C$19)*($C$13-$C$16)+$C$16,$F$15+($F$16-$F$15)*(POWER($F$17,$E33-1)-1)/(POWER($F$17,$C$19-1)-1)) -> 63.921569 | G33: =ROUND(F33,0) -> 64 | H33: =_xlfn.IFNA(VLOOKUP(E33,'主角等级（从新手引导复制） '!$N$43:$P$98,3,0),H32) -> 47 | K33: 0 | L33: 14 | M33: =_xlfn.XLOOKUP(L33,$G$20:$G$79,$G$20:$G$79,,1) -> 18 | N33: =VLOOKUP(M33,$G$20:$H$79,2,0) -> 25 | O33: =COUNTIF($N$20:$N$119,N33) -> 18 | P33: {=INDEX('玩家等级对应关卡（从新手节奏复制）'!$H$5:$H$64,MATCH(N33,_xlfn.ANCHORARRAY('玩家等级对应关卡（从新手节奏复制）'!$E$5)))} -> 129 | Q33: =IF(P33<>P32,P33-P32,Q32) -> 129 | R33: =Q33/O33 -> 7.1666667 | S33: =VLOOKUP(K33,$C$3:$E$5,3,0) -> 0.05 | T33: =T32 -> 60.444444 | U33: =T33*S33 -> 3.0222222 | V33: =ROUND(V32+U33,0) -> 90
E34: 15 | F34: =IF(E34>$C$19,(E34-$C$19)/($C$18-$C$19)*($C$13-$C$16)+$C$16,$F$15+($F$16-$F$15)*(POWER($F$17,$E34-1)-1)/(POWER($F$17,$C$19-1)-1)) -> 64.705882 | G34: =ROUND(F34,0) -> 65 | H34: =_xlfn.IFNA(VLOOKUP(E34,'主角等级（从新手引导复制） '!$N$43:$P$98,3,0),H33) -> 47 | K34: 1 | L34: 15 | M34: =_xlfn.XLOOKUP(L34,$G$20:$G$79,$G$20:$G$79,,1) -> 18 | N34: =VLOOKUP(M34,$G$20:$H$79,2,0) -> 25 | O34: =COUNTIF($N$20:$N$119,N34) -> 18 | P34: {=INDEX('玩家等级对应关卡（从新手节奏复制）'!$H$5:$H$64,MATCH(N34,_xlfn.ANCHORARRAY('玩家等级对应关卡（从新手节奏复制）'!$E$5)))} -> 129 | Q34: =IF(P34<>P33,P34-P33,Q33) -> 129 | R34: =Q34/O34 -> 7.1666667 | S34: =VLOOKUP(K34,$C$3:$E$5,3,0) -> 0.2 | T34: =T33 -> 60.444444 | U34: =T34*S34 -> 12.088889 | V34: =ROUND(V33+U34,0) -> 102
E35: 16 | F35: =IF(E35>$C$19,(E35-$C$19)/($C$18-$C$19)*($C$13-$C$16)+$C$16,$F$15+($F$16-$F$15)*(POWER($F$17,$E35-1)-1)/(POWER($F$17,$C$19-1)-1)) -> 65.490196 | G35: =ROUND(F35,0) -> 65 | H35: =_xlfn.IFNA(VLOOKUP(E35,'主角等级（从新手引导复制） '!$N$43:$P$98,3,0),H34) -> 48 | K35: 0 | L35: 16 | M35: =_xlfn.XLOOKUP(L35,$G$20:$G$79,$G$20:$G$79,,1) -> 18 | N35: =VLOOKUP(M35,$G$20:$H$79,2,0) -> 25 | O35: =COUNTIF($N$20:$N$119,N35) -> 18 | P35: {=INDEX('玩家等级对应关卡（从新手节奏复制）'!$H$5:$H$64,MATCH(N35,_xlfn.ANCHORARRAY('玩家等级对应关卡（从新手节奏复制）'!$E$5)))} -> 129 | Q35: =IF(P35<>P34,P35-P34,Q34) -> 129 | R35: =Q35/O35 -> 7.1666667 | S35: =VLOOKUP(K35,$C$3:$E$5,3,0) -> 0.05 | T35: =T34 -> 60.444444 | U35: =T35*S35 -> 3.0222222 | V35: =ROUND(V34+U35,0) -> 105
E36: 17 | F36: =IF(E36>$C$19,(E36-$C$19)/($C$18-$C$19)*($C$13-$C$16)+$C$16,$F$15+($F$16-$F$15)*(POWER($F$17,$E36-1)-1)/(POWER($F$17,$C$19-1)-1)) -> 66.27451 | G36: =ROUND(F36,0) -> 66 | H36: =_xlfn.IFNA(VLOOKUP(E36,'主角等级（从新手引导复制） '!$N$43:$P$98,3,0),H35) -> 48 | K36: 0 | L36: 17 | M36: =_xlfn.XLOOKUP(L36,$G$20:$G$79,$G$20:$G$79,,1) -> 18 | N36: =VLOOKUP(M36,$G$20:$H$79,2,0) -> 25 | O36: =COUNTIF($N$20:$N$119,N36) -> 18 | P36: {=INDEX('玩家等级对应关卡（从新手节奏复制）'!$H$5:$H$64,MATCH(N36,_xlfn.ANCHORARRAY('玩家等级对应关卡（从新手节奏复制）'!$E$5)))} -> 129 | Q36: =IF(P36<>P35,P36-P35,Q35) -> 129 | R36: =Q36/O36 -> 7.1666667 | S36: =VLOOKUP(K36,$C$3:$E$5,3,0) -> 0.05 | T36: =T35 -> 60.444444 | U36: =T36*S36 -> 3.0222222 | V36: =ROUND(V35+U36,0) -> 108
E37: 18 | F37: =IF(E37>$C$19,(E37-$C$19)/($C$18-$C$19)*($C$13-$C$16)+$C$16,$F$15+($F$16-$F$15)*(POWER($F$17,$E37-1)-1)/(POWER($F$17,$C$19-1)-1)) -> 67.058824 | G37: =ROUND(F37,0) -> 67 | H37: =_xlfn.IFNA(VLOOKUP(E37,'主角等级（从新手引导复制） '!$N$43:$P$98,3,0),H36) -> 49 | K37: 0 | L37: 18 | M37: =_xlfn.XLOOKUP(L37,$G$20:$G$79,$G$20:$G$79,,1) -> 18 | N37: =VLOOKUP(M37,$G$20:$H$79,2,0) -> 25 | O37: =COUNTIF($N$20:$N$119,N37) -> 18 | P37: {=INDEX('玩家等级对应关卡（从新手节奏复制）'!$H$5:$H$64,MATCH(N37,_xlfn.ANCHORARRAY('玩家等级对应关卡（从新手节奏复制）'!$E$5)))} -> 129 | Q37: =IF(P37<>P36,P37-P36,Q36) -> 129 | R37: =Q37/O37 -> 7.1666667 | S37: =VLOOKUP(K37,$C$3:$E$5,3,0) -> 0.05 | T37: =T36 -> 60.444444 | U37: =T37*S37 -> 3.0222222 | V37: =ROUND(V36+U37,0) -> 111
E38: 19 | F38: =IF(E38>$C$19,(E38-$C$19)/($C$18-$C$19)*($C$13-$C$16)+$C$16,$F$15+($F$16-$F$15)*(POWER($F$17,$E38-1)-1)/(POWER($F$17,$C$19-1)-1)) -> 67.843137 | G38: =ROUND(F38,0) -> 68 | H38: =_xlfn.IFNA(VLOOKUP(E38,'主角等级（从新手引导复制） '!$N$43:$P$98,3,0),H37) -> 50 | K38: 0 | L38: 19 | M38: =_xlfn.XLOOKUP(L38,$G$20:$G$79,$G$20:$G$79,,1) -> 27 | N38: =VLOOKUP(M38,$G$20:$H$79,2,0) -> 31 | O38: =COUNTIF($N$20:$N$119,N38) -> 9 | P38: {=INDEX('玩家等级对应关卡（从新手节奏复制）'!$H$5:$H$64,MATCH(N38,_xlfn.ANCHORARRAY('玩家等级对应关卡（从新手节奏复制）'!$E$5)))} -> 188 | Q38: =IF(P38<>P37,P38-P37,Q37) -> 59 | R38: =Q38/O38 -> 6.5555556 | S38: =VLOOKUP(K38,$C$3:$E$5,3,0) -> 0.05 | T38: =T37 -> 60.444444 | U38: =T38*S38 -> 3.0222222 | V38: =ROUND(V37+U38,0) -> 114
E39: 20 | F39: =IF(E39>$C$19,(E39-$C$19)/($C$18-$C$19)*($C$13-$C$16)+$C$16,$F$15+($F$16-$F$15)*(POWER($F$17,$E39-1)-1)/(POWER($F$17,$C$19-1)-1)) -> 68.627451 | G39: =ROUND(F39,0) -> 69 | H39: =_xlfn.IFNA(VLOOKUP(E39,'主角等级（从新手引导复制） '!$N$43:$P$98,3,0),H38) -> 50 | K39: 2 | L39: 20 | M39: =_xlfn.XLOOKUP(L39,$G$20:$G$79,$G$20:$G$79,,1) -> 27 | N39: =VLOOKUP(M39,$G$20:$H$79,2,0) -> 31 | O39: =COUNTIF($N$20:$N$119,N39) -> 9 | P39: {=INDEX('玩家等级对应关卡（从新手节奏复制）'!$H$5:$H$64,MATCH(N39,_xlfn.ANCHORARRAY('玩家等级对应关卡（从新手节奏复制）'!$E$5)))} -> 188 | Q39: =IF(P39<>P38,P39-P38,Q38) -> 59 | R39: =Q39/O39 -> 6.5555556 | S39: =VLOOKUP(K39,$C$3:$E$5,3,0) -> 0.4 | T39: =T38 -> 60.444444 | U39: =T39*S39 -> 24.177778 | V39: =ROUND(V38+U39,0) -> 138
E40: 21 | F40: =IF(E40>$C$19,(E40-$C$19)/($C$18-$C$19)*($C$13-$C$16)+$C$16,$F$15+($F$16-$F$15)*(POWER($F$17,$E40-1)-1)/(POWER($F$17,$C$19-1)-1)) -> 69.411765 | G40: =ROUND(F40,0) -> 69 | H40: =_xlfn.IFNA(VLOOKUP(E40,'主角等级（从新手引导复制） '!$N$43:$P$98,3,0),H39) -> 50 | K40: 0 | L40: 21 | M40: =_xlfn.XLOOKUP(L40,$G$20:$G$79,$G$20:$G$79,,1) -> 27 | N40: =VLOOKUP(M40,$G$20:$H$79,2,0) -> 31 | O40: =COUNTIF($N$20:$N$119,N40) -> 9 | P40: {=INDEX('玩家等级对应关卡（从新手节奏复制）'!$H$5:$H$64,MATCH(N40,_xlfn.ANCHORARRAY('玩家等级对应关卡（从新手节奏复制）'!$E$5)))} -> 188 | Q40: =IF(P40<>P39,P40-P39,Q39) -> 59 | R40: =Q40/O40 -> 6.5555556 | S40: =VLOOKUP(K40,$C$3:$E$5,3,0) -> 0.05 | T40: =SUM(R40:R49) -> 56.174603 | U40: =T40*S40 -> 2.8087302 | V40: =ROUND(V39+U40,0) -> 141
E41: 22 | F41: =IF(E41>$C$19,(E41-$C$19)/($C$18-$C$19)*($C$13-$C$16)+$C$16,$F$15+($F$16-$F$15)*(POWER($F$17,$E41-1)-1)/(POWER($F$17,$C$19-1)-1)) -> 70.196078 | G41: =ROUND(F41,0) -> 70 | H41: =_xlfn.IFNA(VLOOKUP(E41,'主角等级（从新手引导复制） '!$N$43:$P$98,3,0),H40) -> 51 | K41: 0 | L41: 22 | M41: =_xlfn.XLOOKUP(L41,$G$20:$G$79,$G$20:$G$79,,1) -> 27 | N41: =VLOOKUP(M41,$G$20:$H$79,2,0) -> 31 | O41: =COUNTIF($N$20:$N$119,N41) -> 9 | P41: {=INDEX('玩家等级对应关卡（从新手节奏复制）'!$H$5:$H$64,MATCH(N41,_xlfn.ANCHORARRAY('玩家等级对应关卡（从新手节奏复制）'!$E$5)))} -> 188 | Q41: =IF(P41<>P40,P41-P40,Q40) -> 59 | R41: =Q41/O41 -> 6.5555556 | S41: =VLOOKUP(K41,$C$3:$E$5,3,0) -> 0.05 | T41: =T40 -> 56.174603 | U41: =T41*S41 -> 2.8087302 | V41: =ROUND(V40+U41,0) -> 144
E42: 23 | F42: =IF(E42>$C$19,(E42-$C$19)/($C$18-$C$19)*($C$13-$C$16)+$C$16,$F$15+($F$16-$F$15)*(POWER($F$17,$E42-1)-1)/(POWER($F$17,$C$19-1)-1)) -> 70.980392 | G42: =ROUND(F42,0) -> 71 | H42: =_xlfn.IFNA(VLOOKUP(E42,'主角等级（从新手引导复制） '!$N$43:$P$98,3,0),H41) -> 51 | K42: 0 | L42: 23 | M42: =_xlfn.XLOOKUP(L42,$G$20:$G$79,$G$20:$G$79,,1) -> 27 | N42: =VLOOKUP(M42,$G$20:$H$79,2,0) -> 31 | O42: =COUNTIF($N$20:$N$119,N42) -> 9 | P42: {=INDEX('玩家等级对应关卡（从新手节奏复制）'!$H$5:$H$64,MATCH(N42,_xlfn.ANCHORARRAY('玩家等级对应关卡（从新手节奏复制）'!$E$5)))} -> 188 | Q42: =IF(P42<>P41,P42-P41,Q41) -> 59 | R42: =Q42/O42 -> 6.5555556 | S42: =VLOOKUP(K42,$C$3:$E$5,3,0) -> 0.05 | T42: =T41 -> 56.174603 | U42: =T42*S42 -> 2.8087302 | V42: =ROUND(V41+U42,0) -> 147
E43: 24 | F43: =IF(E43>$C$19,(E43-$C$19)/($C$18-$C$19)*($C$13-$C$16)+$C$16,$F$15+($F$16-$F$15)*(POWER($F$17,$E43-1)-1)/(POWER($F$17,$C$19-1)-1)) -> 71.764706 | G43: =ROUND(F43,0) -> 72 | H43: =_xlfn.IFNA(VLOOKUP(E43,'主角等级（从新手引导复制） '!$N$43:$P$98,3,0),H42) -> 52 | K43: 0 | L43: 24 | M43: =_xlfn.XLOOKUP(L43,$G$20:$G$79,$G$20:$G$79,,1) -> 27 | N43: =VLOOKUP(M43,$G$20:$H$79,2,0) -> 31 | O43: =COUNTIF($N$20:$N$119,N43) -> 9 | P43: {=INDEX('玩家等级对应关卡（从新手节奏复制）'!$H$5:$H$64,MATCH(N43,_xlfn.ANCHORARRAY('玩家等级对应关卡（从新手节奏复制）'!$E$5)))} -> 188 | Q43: =IF(P43<>P42,P43-P42,Q42) -> 59 | R43: =Q43/O43 -> 6.5555556 | S43: =VLOOKUP(K43,$C$3:$E$5,3,0) -> 0.05 | T43: =T42 -> 56.174603 | U43: =T43*S43 -> 2.8087302 | V43: =ROUND(V42+U43,0) -> 150
